Unnamed: 0,gender,text,user_id,trivial_gender_mark
33749,female,I am in the second day of my period and it's just not real cool to do heavy activity. I'll be in the gym tomorrow.,3785395,1
33758,male,"July 1, 2004: 3:43 PM Wow. Summer vacation is nearly over, for those still in school that is. What with me being a high school graduate and whatnot, I don't really have to worry about school this upcoming year. Hahaha! Gonna be a college dropout, yeah yeah yeah! Well, maybe not. But probably. All the years that I was in school, graduation and its aftermath were supposed to have been life altering occurrences. I halfway expected to be able to fly. Alas, that did not occur, so I learned about three days after graduation. Limped away with only a skinned knee luckily. Don't really have any more to say right now. Well, I could write about why my sister shoved a tampon up my nose the other night, but I shall leave that for another time.",3816472,0
33809,female,"Another Thursday, another cancelled quarters. Have I mentioned how bad I hate it when this happens. I've only got one hour of class this morning, then I have a dentist appointment. Fun eh? After that, I'm sure I'll be fun in class. Arabic is difficult to speak when you have full functioning ability of your mouth muscles. I don't know how well I'm going to be able to deal. The amusing thing is, they tried to schedule my dentist appointment for 2 hours before my speaking test. They were certain I'd be done in plenty of time. I guess they didn't think I'd need to use my mouth.",3964670,0
33944,female,"Ugh...so *very* sleepy. I met Lauren at the Beachland Ballroom last night for a Ferrick concert. While I had tons of fun, the show wasn't over til just before midnight. Didn't hang around all that long, but by the time I got home and settled down enough to actually fall asleep, it was way past 1am. Problem with that being I had to be at work this morning by 7. Why that early you ask? Well, the plan is to work my 40 hours in 4 days, rather than five and seeing as though I slept through my alarm yesterday, I have plenty of time to make up between now and Thursday. I spose it doesn't matter all *that* much. Just money I don't get. Whatever. I'm looking forward to seeing my Abby and well, another 2 Ferrick shows. Speaking of which, my MD was acting out again last night, as well as this morning when I was trying to play back what I recorded. I missed at least 3 songs, including Mercy, Hello Dad and most of Then So It Is and on the songs you do hear, bass drum drowns out most of whatever you're supposed to be hearing. I think I need to figure out how to either a: turn the bass down or b: simply turn the recording volume down. Either way, I'm not sure how to do that. I'll get the book out tonight and play with it. Hopefully I can work some magic on my PC and the boot while incomplete, will sound half-way decent. I also need to upload photos and work on my newly updated w/o much content web page. I'm really rather excited about this batch of photos. I think I got a few more 'keepers' than usual. So yeah, I should probably get back to that whole work thing. Even though I really don't have all that much to do. Later gators. :-)",299143,0
34052,female,"This morning my professor informed us that there would be problems on our final exam. Yeah, that was helpful.",299143,0
34064,female,Dave has a postcard of an angry old man holding a can of SPAM. : ),299143,0
34093,female,"A Lesson in Communication Systems *Dr. Kim draws an uneven oval on the board and labels it 'potato'* ""You see, like famous chinese chef, you have potato and then you cut it in even slices"" *draws evenly spaced lines through the 'potato' and then adds an axis simply labled 'f'* ""So, natural sampling is basically like chopping a potato, ok?""",299143,0
34157,female,"oh, here I am again. Surprised aren't you? Ha...whatever dude. Abby and I went to see Craig and his gf play at a random cafe in Maumee this evening. The cafe was good (if not exactly live performance condusive), Craig and Phil were good and Sara was good too. All and all, a good evening. Why the lack of expressive adjectives? Cause I have a networks final tomorrow and that just covers everything with a big black cloud. *sigh* I was talking to Craig this evening (please explain to me our complete lack of ability to carry on a face-to-face conversation, however we *rock* at the whole instant message thing) and he mentioned Abby playing violin for some of his songs again. I mentioned it to Abs and she decided that she must get out her violin. So here it is, 11:45 on a Thursday night, we both have finals tomorrow and I'm typing here, while Abby is playing concerto's she hasn't looked at in years. Yeah...how's that for odd? (The her playing the violin when normally she's been asleep for at least an hour, not the me procrasting on the computer part...cause...yeah) Hmm...I spose I should 'hit the books'. I'll try not to break my hand this time. ;)",299143,0
34194,female,"I've just taken the first step to sharing my writing with the masses. Well, masses who might actually read it and comment back to me on it. I'll let you know when I can link ya.",299143,0
34310,male,"blog, blog, bloget, blah...blah...i'm a lazy blogger....sorry....love u all...blog tonight...who is Rhonda???...",3864588,0
34333,female,"""I have deep faith that the principle of the universe will be beautiful and simple."" ~I want to make a shirt and I'm looking for a good quote, I liked this one along with the next couple...all are by Albert Einstein. ""Put your hand on a hot stove for a minute, and it seems like an hour. Sit with a pretty girl for an hour, and it seems like a minute. THAT'S relativity"" ~Any comments? ""Imagination is more important than knowledge."" ~Some of the advice I like to live by... ""There are two ways to live your life. One is as though nothing is a miracle The other is as though everything is a miracle."" --Albert Einstein ~Everything is a miracle...",3655617,0
34371,female,"when i go to sleep at night - i dream. apparently not many 'adults' do. of everyone. of everything. im a prophet. im mad. simply. Yesterday I went to see The Village. M.Night, if you ever need a mistress - though I know you'd NEVER cheat on your wife. I got all gussied up. I got ""checked out."" I checked out a few muffins - I know, I know... save some room for later...*wicked wicked grin*....(when YOU spend years of being sick and average and metamorph into a sex goddess ~ you can tell me to calm down...) People talk about these dreams where their back in school - naked. I have those except I'm not naked, I'm just never wearing pants... ever. I was back in the fourth grade, Mr. VanSteen was at the chalkboard. And there I was with no pants. Essay time, and I'm the dork that likes them. Students take one and pass it back... I've given you a few resource pages about the topic and... begin... I leaf through pages about satellite systems, the internet, how books are made, magazine clippings about the same, I remember looking out the window and seeing other kids playing in the school yard. Your topic: What is the best type of communication? Between two people, human contact is a glorious declaration of our abilty to communicate. ...I turned that in... And... I don't intend on waking up, but I was thinking about putting on some pants.",3655617,0
34586,male,This is my sixth Blog post. I had a good day! I did several very important things. And also things that weren't very important. But they were all very fun. I won't list any of them.,3660667,0
34669,male,The end of my blog? I cannot translate my feelings into words. I've tried but to no avail. If only you could hear what I think. My lips are tired. I don't give them any rest. I am a lunatic. I am a deluded happy fool.,4021683,0
34755,female,"""Republicans for Voldemort"" I saw that at Lilies on a car from Ohio.",2457975,0
34762,female,I have downloaded the Hello thingy and am playing with it. It is good.,2457975,0
34776,female,BeBe (Superbus) likes to help iron. ,2457975,0
34812,female,"Added an interesting blog tonight. It's a group of people ( I assume scientists?) who are in Antarctica. Some really awesome pics. I haven't got a chance to read all the way through the blog yet, so not certain about all of the content. Interesting though.. :)",705850,0
34857,female,"A NEW LOOK Got bored with the old template, but man was it a pain to get everything changed to a new one! Won't do that for awhile :) Enjoy the new look!",705850,0
34958,female,"Nope, she didn't sleep it off. Addmittedly she was only asleep for half an hour. I in the end decided it may be better for me to do a subtle suck up that rather than the conversation o' death but it hasn't worked yet. We're both going out tommorrow so by the time she comes home it should be better. Yes, actually I was very tired at the time. I hadn't really factored it into my level of sin, but now that you mention it... I had just gotten home form camp. Camp tired me out way more than Ontario did, including the time change! I just don't understand how she holds a grudge over something I find so petty. I think it is really a difference in our moral makeup or soemthing that makes her take these things so personally. What really gets me, I am not allowed to get angry at her. No, if I do that, I get in trouble. Double standards is usually Susie's pet peeve (I get stereotypes) but I'm borrowing it for the evening. If I were acting like this for the same reason, I would so be in trouble. In fact, I would be called on having an ""attitude"", ie stereotype, when she is displaying more ""attitude"" than I usually do. It is so bloody frustrating. I am not one to get angry at people. I do not retain anger well. If something pisses me off, I am maybe angry until the end of the night... something has to be pretty drastic to elicit this kind of response out of me. Gargh. As per the beds... Susie is now torn between the Ikea bed and the Sears bed too! They are both genuinly great beds!! I have to somehow sell the old one first though. I put posters up. White metal twin over full bunk bed in near new condition only $60. She said to put sixty so they can bargin us down to fifty. I'm gonna make it an early night to avoid the wrath. It's also time to read more of 1984. Tommorrow, after I come home and hopefuly before mother ges home I'll have time to edit.",3547891,0
34993,female,"aaaaaaaaaaaaaarrrrrrrrrrrrrrrggggggggggggggghhhhhhhhh. waiting for the past hour. where have you been????? grrrrr. terrified. major time terrified. I'll be on blogging hiatus till after exams. To anyone who actually comes here (apart from jean =P), that'll be about mid next month. Dont miss me too much. *yeah right* lol. New TV came today. It's nice. I wanna take part in FEAR FACTOR. To do all that high-pumping stuff. Just, just help me get rid of my problems for that moment, do the stuff and live off the adrenaline for awhile. Like a sort of drug that i need. Before I go, clean forgot about this.... was reminded when i went to visit eu's blog. And again, it's freaking correct, though it's missing some things. Your Existing Situation Unable to exert the efforts to achieve her objectives. Feels neglected, desiring greater security, warm affection, and fewer problems. Your Stress Sources Delights in the tasteful, the gracious, and the sensitive, but maintains her attitude of critical appraisal and refuses to be swept off her feet unless genuineness and integrity can be absolutely vouched for. Therefore keeps a strict and watchful control on her emotional relationships as she must know exactly where she stands. Demands complete sincerity as a protection against her own tendency to be too trusting. Your Restrained Characteristics The situation is preventing her from establishing herself, but she feels she must make the best of things as they are.Wants to broaden her fields of activity and insists that her hopes and ideas are realistic. Distressed by the fear that she may be prevented from doing what she wants; needs both peaceful conditions and quiet reassurance to restore her confidence. Your Desired Objective Urgently in need of rest, relaxation, peace, and affectionate understanding. Feels she has been treated with a lack of consideration and is upset and agitated as a result. Regards her situation as intolerable as long as her requirements are not complied with. Your Actual Problem Needs to protect herself against her tendency to be too trusting, as she finds it is liable to be misunderstood or exploited by others. Is therefore seeking a relationship providing peaceful and understanding intimacy, and in which each knows exactly where the other stands.",1284564,0
35020,female,"So i'm terrible at IRC. I have GOT to improve. I can't even change my nick for goodness sakes! grrr....... Anyway, good job though we lost quite a bit. =S. hehhh. And I'm going to improve my IRC skills till I'm awesome. HMPH! I'm off to bathe now, it's about 7.22 in the morning. Been up since four plus. Then I've got to sort out some ODAC stuff, burn Jo's cd, come up with a math timetable and watch tv. hehhh. Okay, gonna troop off now.",1284564,0
35110,male,"Sigh Where has love gone? Love left, they say Oh, he sighs nothing but love truly matters everything else has become nothing existence loses meaning Why did love go? She thought you were gone another sigh he had gone away a time ago left her behind, it wasn't his choice Why didn't she hold on? Love couldn't wait, they respond he tired of them and their answers leaving the group he had known for years as he walked, he thought about all the good Love had done about how Love brought such elation sighing comes again and then he screamed atop his lonely knoll all were watching him scrutinizing his irrationality his return was to mark occasion all were meant to be joyous and they were, save him without Love, he was lost sigh Love promised she would wait just another broken, he guessed deserted and silent, he sat still atop that lonely knoll waiting forever till Love returned he violently awoke a dream, a nightmare more ghastly than any other but a dream nonetheless he gave way down the stairs ran out the door stopping only when he reached the knoll Love was there, waiting for him he looked upon her with undeserving eyes thankful Love was still his nevertheless, he was afraid knowing the dream could come to be yet he was glad Love was here now Don't dwell on what may come, he thought Enjoy her now, before sad times come You didn't need to come, he said. But I needed you, Love replied He smiled at her and then he sighed",1764573,0
35145,male,"thanks glass of water next to my bed. you've always been there for me. i forgot to thank viv, karen, and joy for the awesome time at spectrum on wednesday. so...thank you.",1764573,0
35163,male,"i don't think i could tell you how much i want you to keep holding on; so don't worry about that. life is good, and i feel great. - Eels my thumbs hurt so bad this morning...stupid broom. life is too short, but high school is sure as hell way too long. Have fun and enjoy reading flaming poetry.- Joseph Laqui; written the 5th of March, 2003 (very first post on poetic_dragon)",1764573,1
35170,female,"Yoz... tml CA!!! Very sian lohz... time passes so quickly, this is the week 6 since sch starts. No confidence at all. Actually i thought of studying after sch today. BUT BUT that idiot teacher wants us to stay back for economis tutorial and the worst is it starts at 4 !!!!!!!!!! My lesson ends at 1 leh. waaa....waaa..... i don't want. i now statistics lab tutorial. very very sian... somemore i very hungry. no strength.... can go your house sat or sun to return you things? yoru...",4161002,0
35203,male,"She gives me the fattest hard-on. How I wish I could dry-hump her. Yes, I am very, very ashamed. -chuck- ...or eat limes...",4168109,0
35242,female,"Such a little bitch, boo hoo. Here's a habit I'd like to break. I feel asleep during HULK dvd. She offends me, that actress. No one just playing someone interesting's girlfriend should get Oscar. Oscar should go to the bold. Or a new award, named Rita. He kisses like a diet Coke feels. Empty? Low calorie, maybe. Silver. Metallic. Get a tic tac or take a hint. Must we play The Clash whenever you're feeling frisky? OOOOOOh OOOOOOh guns of brixton. Friday Night's are allright for fighting also. Now I'm in the middle of a young boy's dream, don't wake me up too soon. Sox win!",1251358,0
35248,female,But for how long? I'll watch the very end of the game. And then Zoolander .,1251358,0
35265,female,"Seriously! Welcome back, me.",1251358,0
35359,female,"From the homily Deacon Michael was preaching again today. The part of the homily I found most memorable was when he remarked that in a few minutes, we would be enacting the scene from the first reading: gathering around the Lamb of God in our earthly liturgy as the victorious ones in Heaven do in the Heavenly Liturgy. This is not original, of course, but it is something we need to be reminded of continually. There's a good book on this subject, by Dr. Scott Hahn .",942828,0
35372,female,"V.I.P. or Very Important Passage.... ""Conscience has rights because it has duties; but in this age, with a large portion of the public, it is the very right and freedom of conscience to dispense with conscience, to ignore a Lawgiver and Judge, to be independent of unseen obligations. It becomes a licence to take up any or no religion, to take up this or that and let it go again, to go to church, to go to chapel, to boast of being above all religions and to be an impartial critic of each of them. Conscience is a stern monitor, but in this century it has been superseded by a counterfeit, which the eighteen centuries prior to it never heard of, and could not have mistaken for it, if they had. It is the right of self-will. "" - Venerable John Henry Newman, C.O., from A Letter Addressed to the Duke of Norfolk on Occasion of Mr. Gladstone's Recent Expostulation ....published in 1875 ! IMHO, except for the 'eighteen centuries' part, this could have been written now rather than 127 years ago.",942828,0
35379,female,"St. Philip Post- Part Nine Santa Maria in Vallicella This incident helped Philip see just how vulnerable the ministry of the Oratory was. At San Giovanni, one man had kept the entire ministry from being destroyed, while at San Girolamo they were dependant on the goodwill of the confraternity. Without having a church and a house of their own, the work of the Oratory could be stopped by the whims of outsiders. Also, the numbers of young men who wanted to follow Philip's way of life in community was growing, and it was decided that having a permanent place of their own was a necessity. After the community had looked into several possibilities, the Holy Father suggested that they take over the church of Santa Maria in Vallicella. It was located near the crowded center of Rome, and particularly close to the Papal Court. As many members of the Court, including a great many Cardinals, were now coming to Philip for advice and sometimes for Confession, the Pope believed having Philip in close proximity would be a good thing. Unfortunately, Santa Maria in Vallicella was a tiny, dilapidated church, and it was decided that it should be torn down and replaced. This was done and construction on the new Santa Maria in Vallicella was begun in1575. While the first Mass was offered in February of 1577, construction on parts of the church continued until after Philip's death. Since it was replacing the former building, it became known as the 'New Church' or 'Chiesa Nuova'. The church is still generally called the Chiesa Nuova ,even though it is now over 400 years old. At the same time, the community was canonically recognized. After the Chiesa Nuova was available for Mass, members moved into various houses in the area. The first official assembly of the Congregation of the Oratory took place March 15, 1577, in the church itself. On May 8, 1577, Philip was officially elected ""Provost"", or superior, of the community. From the beginning, the crucial feature of having all the members vote on important matters was present. There were still problems. The Oratory had some trouble keeping vocations, partly because of a lack of housing. Another problem was that while the rest of the community had settled in around the new church, Philip was reluctant to leave San Girolamo, where he had lived for so long. It took six years and an order from the Holy Father to get Philip to move, and he continued to visit San Girolamo until he died. St. Philip Neri Quotes: ""Let young men be cheerful, and indulge in the recreations proper to their age, provided they keep out of the way of sin."" ""Nothing is more dangerous for beginners in the spiritual life than to want to play the master, and to guide and convert others."" ""There is nothing the devil fears so much, or so much tries to hinder, as prayer."" ""If God be with us, then there is no one else left to fear.""",942828,0
35400,female,"Whew ! I republished my archives, and they came back. Thanks for the tip, Shawn !",942828,0
35401,female,"What gives ? OK, what happened to my archives ?",942828,0
35404,female,"Now this is strange ...... Lady of Shalott blogged on this story. I'm somewhat less of a hawk than many in St. Blog's, but all this is doing is making the peace movement look stupid. How clueless can parents and teachers get ?",942828,0
35415,female,Now this is funny... Found briefcase . Thanks to One Pilgrim's Walk for this one.,942828,0
35417,female,"Jeff Miller is cool. When I posted a link to this picture and asked what could possess someone to build a church which looks like that, he sent me some great comments. ""I think that your word""possessed"" is aptly chosen. It used to be churches made you think of heaven and not hell."" ""That church is also an example of what happens when a young architect is deprived of Legos."" Mr. Miller has a wonderful blog, which can be found here , as well as on a link on the sidebar of this blog.",942828,0
35424,female,"From the homily Fr. Joseph was the celebrant at noon Mass today. He had a lot of interesting points in his homily. One point dealt with one of the ways in which today's Gospel reading from St. Luke differs from the parallel text in St. Matthew which we heard on Sunday. It has a setting the other lacks, in that Our Lord is said to be ""going to Jerusalem"" as He teaches this particular parable, and St. Luke's account of the first Palm Sunday follows it immediately. Just as the other citizens in the parable protest that they do not want the nobleman to be their King, so the people of Jerusalem, egged on by the chief priests and elders, will turn against the Son of God and reject His Kingship. ""They chose Caesar over Christ the King."" How often we are tempted to do this ourselves !",942828,0
35427,female,"This brings back memories... Gregg the Obscure posts about a dog showing up during Mass. Back when I was in college, the Catholic campus ministry had to celebrate several of the Sunday Masses in an auditorium, since the secular university's chapel was far too small for the number of people who would come on Sunday. Apparently, one of the professors was often in the building on Sundays, because his dog, a huge black Standard Poodle named Balzac, would turn up outside the auditorium door after Mass Sunday after Sunday, trying to cadge doughnuts from people. He was usually thwarted though, since his owner had attached a cardboard sign to his collar which read, ""Hi ! My name is Balzac, and I'm a bit silly. Please do not feed me, since I will overeat and then get sick."" Balzac came to Mass occasionally, but unlike the Golden Retriever in this above post, he didn't saunter down the nave, since there was no nave. He either paced back and forth just inside the door or barrelled down the auditorium steps like a curly-haired freight train,either of which was distracting, to say the least. One of the students would have to tug on his collar a bit and get him to go back outside until Mass was over. Fortunately, this did not happen often. This was over ten years ago, and doubtless Balzac has since gone wherever good, if sometimes goofy, dogs go. I hope his end was kind. He was a sweetheart, if a bit overenthusiastic about food !",942828,0
35446,female,"Music at noon Mass Processional Hymn: ""All Hail the Power of Jesus' Name"" Offertory: ""Christus Vincit""- Ambrosian Chant Communion: ""Ave Domine"" - Ludwig Senfl (1490-1543) Recessional Hymn: ""To Jesus Christ, Our Sovereign King""",942828,0
35447,female,"Significant Posts I've started to give links to some of my more important posts. I'm going to try to get more listed there soon... most importantly, the posts on St. Philip and on the Pittsburgh Oratory....",942828,0
35478,female,"Quote ""Well, here comes Christmas ! That astonishing thing that no 'commercialism' can in fact defile-unless you let it.""- J.R.R. Tolkien to Michael Tolkien, December 19, 1962, The Letters of J.R.R. Tolkien",942828,0
35521,female,"Quote for the day ""The hour is finished-we may say the same of the year; but the time to do good is not finished."" - St. Philip Neri",942828,0
35536,female,"A problem with G.K. Chesterton Things he uses as examples of reductio ad absurdum are now being outdone by reality. Take this passage from ""The Everlasting Man"", where G.K.C. discusses the horror of the Carthginian Empire: ""These highly civilised people really met together to invoke the blessing of heaven on their empire by throwing hundreds of their infants into a large furnace. We can only realise the combination by imagining a number of Manchester merchants with chimney-pot hats and mutton-chop whiskers, going to church every Sunday at eleven o'clock to see a baby roasted alive. "" Compare it with this monstrosity apparently being shown in Chesterton's own country now.",942828,0
35546,female,"Giving the term ""dead-letter"" a whole new spin A bill collecting agency goes after a saint who went to her reward in the 700's. Thanks to Mirabilis.ca for the link.",942828,0
35562,female,"I've never been much of a fan of Mark Twain.... and this doesn't help. Politics aside, (I'm rather ambivalent on the Iraq situation) the man has a singularly inapt quote. As the invocation, he has: ""God the all-terrible! Thou who ordainest! Thunder thy clarion and lightning thy sword! "" I happen to be familiar with those lines. They are a slight misquote of the beginning of a hymn which we sing here on a regular basis: ""God the Omnipotent ! King Who ordainest/ Thunder Thy clarion, the lightning Thy sword/ Show forth Thy pity on high where Thou reignest/ Give to us peace in our time, O Lord. "" Hardly lines from a sabre-rattler, don't you think ?",942828,0
35588,female,"Now this is just dandy... Up in Canada, eight Anglican parishes are in trouble with their bishop. Why ? Because they hold to the traditional Christian teaching on sexual perversion. Yet another illustration of Neuhaus's Law... where orthodoxy is optional, sooner or later orthodoxy will be proscribed.....",942828,0
35618,female,"Interesting post over at Video meliora, proboque; Deteriora sequor , on being half-Irish, half-German. Hmm. My ancestry is half-Irish, not-quite-half-Welsh, one-sixteenth Italian. My love of vocal music, both listening to it and singing it, is an obvious inheritance from my forebears in Cymru. And, unfortunately, all three ethnicities are known for having explosive tempers !",942828,0
35634,female,"Amazing I got a e-mail from Sandra Miesel, in which she said that she likes my blog !",942828,0
35648,female,"Third paragraph from the handout... ""Anger, the sister of envy, is to be resisted as an unworthy adjunct of pride, feeding as it does on the resentment of envy until the violence inherent in envy breaks out in physical and emotional cruelty, psychological pain, rage, assaults and even murder, the viciousness of the tongue, insulting, abusing, cursing and swearing to inflict damage, and many other terrible combinations of hatred, including hatred at a social level producing war, civil strife, and dissention. Such anger should be rejected in favor of meekness, that gentlest of virtues, which does not mean being a milk-sop, but being obedient to the will of God for peace. Meekness requires the courage to promote harmony out of strife, reconciliation out of emnity, communion out of dissention, agreement out of conflict. It means standing firm for God, for peace, and as such not return blow for blow.""",942828,0
35651,female,Very thoughful post by Kevin Miller on theology and heresy .,942828,0
35666,female,It's only a cartoon... but at least one of the characters has good taste .,942828,0
35681,female,"I hold no brief for PETA but it is discouraging that a network is trying to boost its ratings by subjecting animals to unnecessary degradation . At least when people degrade themselves on television, it's usually with their own consent. I also resent the fact that Fear Factor made picking up domestic rats a test of courage, as if they were some type of dangerous wild beast. Even worse, apparently a lot of these ill-informed contestants picked up the baby rats by the tip of the tail. This is painful, and can lead to 'skinning' , in which the skin rips off of the tail, leaving it a bloody mess which has to be amputated to prevent infection. One of my rats accidentally injured her tail, and about half of it had to be amputated. It was traumatic for both of us, and ever since then hearing about people who pick up rats by the tail makes me angry. Now if we were talking, say, puppies or kittens, it never would have happened....",942828,0
35694,female,"Kyrie, eleison on whoever is responsible for this .",942828,0
35798,female,No computer tommorow and so no blogging.,942828,0
35926,female,"Prayer request Prayers for Fr. Bryan would be welcome. He was invited down to southern Texas by the Fathers of the Pharr Oratory, to give the commencement speech at the high school run by the Fathers there. Unfortunately, he is recovering from a bout of laryngitis, and his voice is still somewhat weak. The graduation is tommorow. ( He will, of course, be coming back soon afterwards, so as to be home for St. Philip's Day...)",942828,0
35932,female,This is funny! Great post by Jennifer over at What's Brewing . ( Single readers may be particularly appreciative.....),942828,0
35936,female,"Catholic Educator's Resource Center has two articles about Sigrid Undset, and one article by her.",942828,0
35938,female,"Interesting article in The Times (of London) Online . I am not a Tridentine Rite partisan, as I have never been to such a Mass, but I find the dismissive attitude of the one priest puzzling. If the interest in this type of liturgy is so very low- 5%, 1%- why not let it be more widely available ? Surely something with such little support will wither away on its own ? The ""young fogeys"" statement sounds, IMHO, like the remark of someone who is afraid of competition..... Of course, if the current English liturgy had better translations, and if certain men celebrating it were less inclined to make it ""relaxed, contemporary, a bit jazzy.."", competing with the Tridentine folks would be much less of a problem... Thanks to Mr. Esguerra for the link.",942828,0
36004,female,"Prayer is, of course, the most important thing we can do for our priests.",942828,0
36033,female,Interesting posts on campus ministry and such over at Pro Deo et Patria .,942828,0
36065,female,"Sad... In this case, an abortion caused two fatalities rather than one. . Link courtesy of Mark Shea.",942828,0
36100,female,"Caveat vendor Man Sells Fake Bronze, Gets Paid in Counterfeit Link courtesy of ibidem",942828,0
36101,female,"Ok, I got the signature fixed... Anybody have a clue why Blogger is putting big spaces in certain posts ?",942828,0
36111,female,"Remember my link to Mr. Serafin's post on converts ? Well, here's another: a man who was just ordained to the priesthood in my diocese.",942828,0
36249,female,"From The Letters of J.R.R. Tolkien An excerpt from a letter , dated September, 1995, in reply to a reader who took exception to the archaism of some of the language in The Two Towers .... ""Take an example from the chapter that you specially singled out (and called terrible) : Book iii, 'The King of the Golden Hall'. ' ""Nay, Gandalf !"" said the King. ""You do not know your own skill in healing. It shall not be so. I myself will go to war, to fall in the front of the battle, if it must be. Thus shall I sleep better. "" ' That is a fair sample- moderated or watered archaism. Using only words that are still used or known to the educated, the King would really have said: ' Nay, thou (n)wost not thine own skill in healing. It shall not be so. I myself will go to war, to fall...' etc. I know well enough what a modern would say. ' Not at all, my dear G. You don't know your own skill as a doctor. Things aren't going to be like that. I shall go to the war, in person, even if I have to be one of the first casualities. ' and then what ? Th&eacute;oden would certainly think, and probably say, 'thus shall I sleep better !' But people who think like that just do not talk a modern idiom. You can have 'I shall lie easier in my grave' or 'I should sleep sounder in my grave like that rather than if I stayed at home' - if you like. But there would be an insincerity of thought, a disunion of word and meaning. For a King who spoke a modern idiom would not really think in such terms at all, and any reference to sleeping quietly in the grave would be a deliberate archaism on his part (however worded) far more bogus than the actual 'archaic' English that I have used. "" And from the same letter.... ""I am sorry to find you affected by the extraordinary 20th C. delusion its usages per se and simply as 'contemporary'- irrespective of whether they are terser, more vivid ( or even nobler !)- have some peculiar validity above those of all other times, so that not to use them (even when quite unsuitable in tone) is a solecism, a gaffe, a thing at which one's friends shudder or feel hot in the collar. Shake yourself out of this parochialism of time ! Also (not to be too donnish about it) learn to distinguish between the bogus and the genuine antique- as you would if you hoped not to be cheated by a dealer ! """,942828,0
36260,female,I pray that David Warren finds a faithful welcome. . Link courtesy of Midwest Conservative Journal,942828,0
36271,female,"From the homily Fr. David was the celebrant at the 10 am mass today. The part of the homily I remember best was the point that while Our Lord in the Gospel had to stress that one cannot be defiled by what goes into our bodies, but what comes out of our hearts, today many of us are under the even worse ( I believe he used the word 'diabolical' ) delusion that nothing defiles us. He then proceeded to go through the list given in the Gospel, and our current sugarcoatings for them. ""Unchastity is a 'lifestyle'. Greed is ' planning for retirement'. Murder is 'reproductive freedom' and 'compassion for the terminally ill.' The most deadly sins of all, pride and arrogance, hide under the label 'self-esteem'. """,942828,0
36321,female,"Please pray for ""Renee and Danny"" two children mentioned in this heartbreaking post by Bill White. (WARNING: ONE PROFANITY IN THE LINKED POST) (UPDATE: Mr. White has replaced the word in question. )",942828,0
36373,female,In the 'better late than never' department Mr. Mills at Mere Comments posts on the official turnaround of the Southern Baptist Convention on the murder of the unborn.,942828,0
36385,female,Cool ! The Confederation website now has pictures from the foundation of the new Oratory in Seville-Blanco Paloma !,942828,0
36438,female,Is anybody else worried ... that this bit of parody sounds way too plausible ?,942828,0
36481,female,Posts like this one make me thank God for the Oratory . No one would dare sing that kind of nonsense here.,942828,0
36489,female,"The Rat of the Week over at the Rat Fan Club is one tough cookie, as a certain snake found out to its loss.",942828,0
36500,female,"Sorry the blogging has been so light... Real Life has intervened in various ways. I may or may not blog tommorow, as I will be traveling out to Loretto, Pennsylvania to attend the Solemn Profession and Veiling of my friend, Sr. Claire Benedicta of the Cross, O.C.D. Prayers for her would be most welcome.",942828,0
36518,female,Sorry about the sparse blogging lately... Real Life has been keeping me away from the computer.,942828,0
36605,female,"The January 2004 First Things is now online. I was particularly struck by this short article by Fr. Neuhaus. A New York Times story refers to the war in Sudan as a 'pet cause of many American religious conservatives.'Imagine, writes Allen Hertzke, political scientist at the University of Oklahoma, the Times describing the plight of Soviet Jewry as a 'pet cause' of American Jews or apartheid in South Africa as a 'pet cause' of African Americans. For twenty years, the civil war in Sudan has killed two million people, displaced five million, and revived the slave trade. The war is between the Islamic regime in Khartoum and the mainly Christian south of Sudan. Under intense pressure from Christian human rights groups in this country, a pact has recently been signed that may end the war. One might think that would be headline news, but it is buried in the back pages, if it is reported at all. After all, it is only a pet cause of religious conservatives.",942828,0
36621,female,"The Feast of St. Paul Miki, S.J., and Companions, Marytrs is today. There is information on St. Paul Miki here and on the rest of these incredible witnesses to Christ here. ""The only reason for my being killed is that I have taught the doctrine of Christ. I thank God it is for this reason that I die. I believe that I am telling the truth before I die. I know you believe me and I want to say to you all once again: Ask Christ to help you become happy. I obey Christ. After Christ's example, I forgive my persecutors. I do not hate them. I ask God to have pity on all, and I hope my blood will fall on my fellow men as a fruitful rain.""- Saint Paul Miki, S.J.",942828,0
36661,female,"Interesting new article.. over at Christendom Awake : MAKING MEN DISPENSABLE:BIOTECHNOLOGY, THE MEDIA, AND THE FATE OF THE MALE (WARNING: NOT FOR CHILDREN!)",942828,0
36677,female,I saw the movie last night... and I'm still collecting my thoughts. I will blog on it later.,942828,0
36724,female,"OK, I'm used to Jeff Miller cracking me up.... but now Dave Armstrong is doing it too ! (Numbers 5 and 8 on the Unitarian list are my favorites... )",942828,0
36730,female,"A bit of a discouraging note... I received an e-mail from a reader in Toronto that the Cardinal there has not always been as spineful as the post from yesterday would indicate. Ah, well, here's to praying that those days of weakness are over and the Church has another true champion in the making !",942828,0
36762,female,Yet another article... which shows evidence that one of the Church's more unpopular teachings makes sense even by secular standards.,942828,0
36765,female,Interesting article.. by Alice Von Hildebrand... In Defense of Feelings .,942828,0
36791,female,"The Solemnity of the Annunciation of the Lord is today. There is information on it here. ""Our sweet Christ, the Word Incarnate, has given Himself to us for every thing that was necessary for us, even to the hard and ignominious death upon the Cross. "" - St. Philip Neri Mary is the ""Mater Creatoris,"" the Mother of the Creator by Venerable John Henry Newman, C.O. ""This is a title which, of all others, we should have thought it impossible for any creature to possess. At first sight we might be tempted to say that it throws into confusion our primary ideas of the Creator and the creature, the Eternal and the temporal, the Self-subsisting and the dependent; and yet on further consideration we shall see that we cannot refuse the title to Mary without denying the Divine Incarnation-that is, the great and fundamental truth of revelation, that God became man. And this was seen from the first age of the Church. Christians were accustomed from the first to call the Blessed Virgin 'The Mother of God,' because they saw that it was impossible to deny her that title without denying St. John's words, 'The Word' (that is, God the Son) 'was made flesh.' And in no long time it was found necessary to proclaim this truth by the voice of an Ecumenical Council of the Church. For, in consequence of the dislike which men have of a mystery, the error sprang up that our Lord was not really God, but a man, differing from us in this merely-that God dwelt in Him, as God dwells in all good men, only in a higher measure; as the Holy Spirit dwelt in Angels and Prophets, as in a sort of Temple; or again, as our Lord now dwells in the Tabernacle in church. And then the bishops and faithful people found there was no other way of hindering this false, bad view being taught but by declaring distinctly, and making it a point of faith, that Mary was the Mother, not of man only, but of God. And since that time the title of Mary, as Mother of God , has become what is called a dogma, or article of faith, in the Church. But this leads us to a larger view of the subject. Is this title as given to Mary more wonderful than the doctrine that God, without ceasing to be God, should become man? Is it more mysterious that Mary should be Mother of God, than that God should be man ? Yet the latter, as I have said, is the elementary truth of revelation, witnessed by Prophets, Evangelists, and Apostles all through Scripture. And what can be more consoling and joyful than the wonderful promises which follow from this truth, that Mary is the Mother of God?-the great wonder, namely, that we become the brethren of our God; that, if we live well, and die in the grace of God, we shall all of us hereafter be taken up by our Incarnate God to that place where angels dwell; that our bodies shall be raised from the dust, and be taken to Heaven; that we shall be really united to God; that we shall be partakers of the Divine nature; that each of us, soul and body, shall be plunged into the abyss of glory which surrounds the Almighty; that we shall see Him, and share His blessedness, according to the text, 'Whosoever shall do the will of My Father that is in Heaven, the same is My brother, and sister, and mother.' ""- Meditations and Devotions There are posts on this feast all over the Catholic Blogosphere, including HMS Blog , Gerard Serafin , and Fiat Mihi . Mark Shea's post is especially notable, as it also remarks on this being a important anniversary in the Tolkien-verse: the day the One Ring was destroyed and Sauron defeated- a 'sub-created' echo of the True Eucatastrophe which began with a humble woman saying 'yes' to God. ""In Gondor the New Year will always now begin upon the twenty-fifth of March when Sauron fell, and when you were brought out of the fire to the King."" Gandalf to Samwise Gamgee, ""The Field of Cormallen"", The Lord of the Rings",942828,0
36799,female,"The odd phenomenon of certain people who are able to explain away any and all Scriptural and historical that Catholicism might be true is, alas, not a new thing.... ""I say, the more numerous and striking are the evidences of the divinity of the Church, so much the more conclusively are they retorted against her, when men assume at starting that she comes, not from above, but from below. Does she claim to be sent from God? but Antichrist will claim it too. Do men bow before her, 'and lick up the dust from her feet'? but on the other hand, it is said of the apocalyptic sorceress also, that the kings of the earth shall be made 'drunk with her wine.' Does the Church receive the homage of 'the islands, and the ships of the sea'? The answer is ready; for it is expressly said in Scripture that the evil woman shall make 'the merchants of the earth rich by the abundance of her delicacies.' Is the Church honoured with 'the gold and frankincense of Saba, the multitude of camels, the dromedaries of Madian, and the flocks of Cedar""? Her impious rival, too, will be clothed 'in purple and scarlet, and gilded with gold,' and enriched with 'beasts, and sheep, and horses, and chariots.' Does the Church exercise a power over the soul? The enchantress, too, will be possessed, not only of the goods of this world, but of ""the souls of men.' Was it promised to the sons of the Church to do miracles? Antichrist is to do 'lying wonders.' Do they exhibit a meekness and a firmness most admirable, a marvellous self-denial, a fervency in prayer, and a charity? It is answered: 'This only makes them more dangerous. Do you not know that Satan can transform himself into an angel of light?' Are they, according to our Lord's bidding, like sheep, defenceless and patient? This does but fulfil a remarkable prophecy, it is retorted; for the second beast, which came up out of the earth, 'had two horns like a lamb's, while it spoke like a dragon.'Does the Church fulfil the Scripture description of being weak and yet strong, of conquering by yielding, of having nothing yet gaining all things, and of exercising power without wealth or station? This wonderful fact, which ought surely to startle the most obstinate, is assigned, not to the power of God, but to some political art or conspiracy. Angels walk the earth in vain; to the gross prejudice of the multitude their coming and going is the secret plotting, as they call it, of 'monks and Jesuits.' Good forsooth it cannot, shall not be; rather believe anything than that it comes from God; believe in a host of invisible traitors prowling about and disseminating doctrine adverse to your own, believe us to be liars and deceivers, men of blood, ministers of hell, rather than turn your minds, by way of solving the problem, to the possibility of our being what we say we are, the children and servants of the true Church. There never was a more successful artifice than this, which the author of evil has devised against his Maker, that God's work is not God's but his own. He has spread this abroad in the world, as thieves in a crowd escape by giving the alarm; and men, in their simplicity, run away from Christ as if Christ were he, and run into his arms as if he were Christ.""- Venerable John Henry Newman, C.O. Sermons on Various Occasions",942828,0
36800,female,"Disgraceful news from up north.... Medical Student Being Failed at University of Manitoba for Not Providing Abortion Option And to think that not all that long ago, doctors took an ancient oath which forbade abortion. Link courtesy of Mayor Samwise.",942828,0
36834,female,"Over at And Then ? Michelle posts a link to some interesting articles and sites on the Professor, most of them focusing on his Catholicity.",942828,0
36850,female,"Music at the Mass of Holy Thursday Processional Hymn: ""Let All Mortal Flesh Keep Silence"" Mandatum: ""Ubi Caritas"" - Chant Offertory: ""Ave Verum Corpus""- William Byrd (1543-1623) Communion: ""O Sacris Solemnis""- Chant ""Adoramus Te, Christe""- Theodore Dubois ( 1837-1924) Procession of the Blessed Sacrament: ""Pange Lingua Gloriosi"" - Chant",942828,0
36876,female,"A thank-you to Mr. Warnock... for adding this blog to the Blogdom of God list. From what I can see, the list is mostly of Evangelical Christian bloggers, but there are some notable Catholic bloggers on it, including Don Jim , whose post on the Blogdom intrigued me enough to submit my URL....",942828,0
36939,female,"The feast of Pope St. Pius V, O.P. is today. There is information on him here. Happy feast day to all the Dominicans out there ! "" St. Pius became Pope in 1566, and Selim became Sultan in that very same year. What a strange contrast did Rome and Constantinople present at that era! Neither was what it had been. But they had changed in opposite directions. Both had been the seat of Imperial Power; Rome, where heresy never throve, had exchanged its Emperor for the succession of St. Peter and St. Paul; Constantinople had passed from secular supremacy into schism, and thence into a blasphemous apostasy. The unhappy city, which, with its subject provinces had been successively the seat of Arianism, of Nestorianism, of Photianism, now had become the metropolis of the false Prophet; and, while in the West, the great edifice of the Vatican Basilica was rising anew in its wonderful proportions and its costly materials, the Temple of St. Sophia in the East was degraded into a Mosque! O the strange contrast in the state of the inhabitants of each place! Here, in the city of Constantine, a God-denying misbelief was accompanied by an impure, man-degrading rule of life, by the slavery of woman, and the corruption of youth. But there, in the city which Apostles had consecrated with their blood, the great and true reformation of the age was in full progress. There, the determinations in doctrine and discipline of the great Council of Trent had lately been promulgated. There, for twenty years past, had laboured our own dear saint, St. Philip, till he earned the title of Apostle of Rome, and yet had still nearly thirty years of life and work in him. There, too, the romantic royal-minded saint, Ignatius Loyola, had but lately died. And there, when the Holy See fell vacant, and a Pope had to be appointed in the great need of the Church, a Saint was present in the Conclave to find in it a brother Saint, and to recommend him for the Chair of St. Peter, to the suffrages of the Fathers and Princes of the Church.""- Venerable John Henry Newman,C.O., Historical Sketches, Volume One It is also the feast of St. Joseph Benedict Cottolengo, Priest and Founder , Blessed Marie Guyart of the Incarnation,S.U. and Blessed William Southerne, Priest and Martyr. .",942828,0
36953,female,"From Discourses to Mixed Congregations by Venerable John Henry Newman, C.O. ""A Prophet is one who comes from God, who speaks with authority, who is ever one and the same, who is precise and decisive in his statements, who is equal to successive difficulties, and can smite and overthrow error. Such has the Catholic Church shown herself in her history, such is she at this day. She alone has had the Divine spell of controlling the reason of man, and of eliciting faith in her word from high and low, educated and ignorant, restless and dull-minded. Even those who are alien to her, and whom she does not move to obedience, she moves to respect and admiration. The most profound thinkers and the most sagacious politicians predict her future triumphs while they marvel at her past. Her enemies are frightened at the sight of her, and have no better mode of warfare against her than that of blackening her with slanders, or of driving her into the wilderness. To see her is to recognise her; her look and bearing is the evidence of her royal lineage. True, her tokens might be clearer than they are; I grant it; she might have been set up in Adam, and not in Peter; she might have embraced the whole family of man; she might have been the instrument of inwardly converting all hearts; she might have had no scandals within or misfortunes without; she might in short have been, I repeat, a heaven on earth; but, I repeat, does she not show as glorious in our sight as a creature, as her God does as the Creator? If He does not display the highest possible tokens of His presence in nature, why should His Messenger display such in grace? You believe the Scriptures; does she not in her character and conduct show as Divine as Jacob does, or as Samuel, or as David, or as Jeremias, or in a far higher measure? Has she not notes far more than sufficient for the purpose of convincing you? She takes her rise from the very coming of Christ, and receives her charter, as also her very form and mission, from His mouth. 'Blessed art thou, Simon Barjona, for flesh and blood hath not revealed it unto thee, but My Father who is in heaven. And I say unto thee, that thou art Peter, and upon this rock I will build My Church, and the gates of hell shall not prevail against it. And I will give to thee the keys of the kingdom of heaven; and whatsoever thou shalt bind upon earth, shall be bound also in heaven, and whatsoever thou shalt loose on earth, shall be loosed also in heaven.' """,942828,0
36989,female,"Happy birthday... to John Rhys-Davies , a.k.a. ""Gimli"". I normally do not mark the birthdays of actors on my blog, but the defense of Western Civilization by this one has made him somewhat special in my eyes. Information courtesy of TheOneRing.Net .",942828,0
37126,female,"It begins.... The Novena of the Litany of Our Lord Jesus Christ, Priest and Victim in prospect of the American bishops' meeting in Denver, June 14 through June 20, 2004, that is. Lane Core has kindly provided the necessary texts .",942828,0
37141,female,Slowly... I will be restoring my post links.I've just added the first two.,942828,0
37175,female,A young hospital orderly witnesses an abortion... and it helps stiffen his spine later. Link courtesy of Domenico Bettinelli .,942828,0
37195,female,Michael Novak has written a fine article on the current 'issue' of politicians scandalizing the faithful by receiving the Lord while continuing to support the murder of babies. Link courtesy of Southern Appeal.,942828,0
37197,female,Please pray... for the continued protection of Terri Schiavo's life.,942828,0
37210,female,Gerard Serafin reminds us... that a great man went to his reward on this date. Check out lots of links relating to him.,942828,0
3656,female,"Ahem. Just how many of you people that are professing undying hatred for MBFGW actually saw the damn thing? And it's really, really, really, really, really, really, really, really funny to see how success affects people's opinions. Who are we to be so quick to pull somebody down just because their idea worked? I saw the movie in the arthouse theatre down the street, long before it went wide and ""mainstream"" -- and at the time I thought it was clever and well done. I doubt that the movie has deteriorated in quality just because it's popular And my favorite quote from that horrible rant on SUVs that started this newest thread: ""Consider this startling fact: the SUV is the only reason the United States has been unable to comply with the Kyoto Accord on air pollution."" Consider this startling fact: I can make up any damn fiction I want, and as long as I state that it is explicitly a fact, readers will accept it as so (especially if they are already pre-disposed to agree with said fact), even without any type of documentation to back me up. It doesn't matter what I say So long as I say it with inflection That makes you feel that I'll convey Some inner truth of vast reflection But I've said nothing so far And I canm keep it up for as long as it takes And it don't matter who you are If I'm doing my job then it's your resolve that breaks",734562,0
3685,female,"Good luck to Chirs on the interview. If you interview as well as you debate then you will do very well. As to debates..... intresting one we seem to be having here. Right now I only have one question. Does any one have a extra lung? I seem to hacked mine up this morning. Bleh! [hack, cough, cough] [crawls back to the corner]",734562,0
3687,female,"now, is chris's wife preggers?",734562,0
3701,female,"Johnathan just much more aptly illustrated the point I was trying to make in my most recent post. Thank you, honey.",734562,0
3702,female,"Miriam -- have you seen a doctor, or are you hoping one will appear in your drug-induced haze?",734562,0
3754,female,"The liberals post links and dye their hair, while the conservatives remain silent....",734562,0
3759,female,old news but disturbing nonetheless http://www.sacbee.com/24hour/nation/story/516894p-4102578c.html,734562,0
3760,female,Depends a great deal on if anyone else was told about it.,734562,0
3762,female,"Looks like another 120,000 troops will be on their way soon! How big is our military, anyway? I have no idea.",734562,0
3819,female,"Anyone care to lay odds on whether the French embassy in Baghdad will be ""accidently"" destroyed during the bombing campaign or during the street fighting? John -- SciFi is not the issue -- access to the VCR is. See, with the jury-rigged set up I have going so I can use the damned cable box and the picture-in-picture feature of my beloved TV, I had to set up the VCR so that you watch what you tape. And since I am outnumbered and surrounded in the scifi fan department up here, Saddam's got a better chance of scoring a town home on South Beach in Miami than I have in taping the durned thing. I'll replace the tape(s), if you would be so kind! Let's see Harmony -- are you trying to tell us that the US Army should be wiped out by a sandstorm?",734562,0
3822,female,"Jones: Tanis is one of the possible resting places of the Lost Ark. (Lost Ark?) The Ark of the Covenant, the chest the Hebrews used to carry around the Ten Commandments in...the original stone tablets that Moses brought down out of Mt. Heron and smashed, if you believe in that sort of thing...The Hebrews took the broken pieces and put them in the Ark. When they settled in Canaan, they put the Ark in a place called the Temple of Solomon in Jerusalem, where it stayed for many years, until, all of a sudden, whoosh, it was gone. (Gone? Where?) Nobody knows where. Brody: However, an Egyptian pharaoh Shishak invaded the city of Jerusalem around about 980 BC and he may have taken the Ark back to the city of Tanis and hidden it in a secret chamber called the Well of Souls... However, about a year after the pharaoh had returned to Egypt, the city of Tanis was consumed by the desert in a sandstorm which lasted a whole year, wiped clean by the wrath of God....",734562,0
3837,female,"I bristle when it is suggested that in the whole spectrum of human thinking, there are only conservatives, liberals, and moderates. Rather cartoonish, isn't it? The notion that thinking is -- or should be -- so simplistic. Bristle, bristle",734562,0
3852,female,I *like* the angieverse.,734562,0
3867,female,"I just dreamed that this guy I work with was antagonizing me and kept trying to steal my wig (???). He's like 6'4"", but I jumped on his back and started beating him with my fists and legs. He finally got me off him and disappeared in his wife's car, 'cause in a fit of rage I'd smashed the hell out of his van.",734562,0
3915,female,"Actually, if you check CNN, almost",734562,0
3924,female,"If I weren't naked, I'd run around working.",734562,0
3944,female,"always gotta rain on my destiny parade, don't you?",734562,0
3950,female,"RTG folk: game Sunday. You are meeting another Font of (Mis?)Information, so have questions ready.",734562,0
3966,female,I also enjoyed the fight scenes. The freeway fight was delightful.,734562,0
3969,female,Matrix Reloaded synpopsis: BOOM CRASH yap yap yap WHACK POW yap yap yap SWOOSH yap yap yap TO BE CONCLUDED,734562,0
3972,female,"I'm sure Angie appreciates her importance, and the game will not be postponed.",734562,0
3982,female,One can always count on Madonna to keep abreast of current blog postings.,734562,0
3998,female,and i may be a so-so girlfriend but i am a kick-ass ex-girlfriend.,734562,1
4043,female,"Two cents: wrong and evil, and for that matter right and good, are not the same thing. Also: of the final examples, I feel rape is the stronger of the two. Murder is a sub-category of ending a life, and requires more clarification to be both relevant and effective. A minor distinction, but an important one for your larger argument. As to the issue of suffering needlessly, I am generally curious: at what point does the suffering become needless? For that matter, when is suffering needful? Is suffering validated by the beauty or wisdom that comes from it? If one person suffers from a disease and draws on that suffering to compose a heartrending symphony and then dies, while another without such talent stares out a dirty window until he or she suffers the same fate, unknown and unheard -- were both experiences equally needless? What of the many who will be touched by and grow from hearing the symphony? For that matter, what of the son or daughter of the other individual, who, having watched the loved one die, dedicates him- or herself to raising a stronger and more loved family than might have been possible before? Does that person's suffering suddenly become needful? I raise such questions not because I favor generally institutionalized suffering -- surely not -- but I am reluctant to dispense with suffering altogether by labeling it as needless, without understanding where the line is drawn, beyond the usual extreme examples. I feel that only by defining one's terms can one be assured of success in any discourse. Once again, my issue is with absolutes. I am wary of them. They occur nowhere in the universe except the human imagination, and I have yet personally to see one single absolute that applies in infinite cases at infinite times.",734562,0
4067,female,"Nevermind. I just read about it on CNN. That's really cool. I'm often ignorant of current events, mainly because most cable news networks make want to shoot myself, as do their websites. I like NPR, but sometimes their voices are so soothing that I fall asleep listening to it.",734562,0
4072,female,"i just the new madonna video, ""hollywood"" and that is embarrassing for everyone involved. please madonna, leave music before making any more sad, sad videos.",734562,0
4093,female,Jam on 'cause Backstreet's got it Come on now everybody We've got it goin' on for years,734562,0
4123,female,"go go gadget granny ""...Her interest in computing began with the emergence of personal computers in the 1980s, but it wasn't until this year that she learned how to use a keyboard and mouse. ""This world is going to be a computer world,"" she said. ""Everything is going to be run by computers.""",734562,0
4157,female,maybe i've been reading your site or following you around and secretly listening to you - either way.,734562,0
4214,female,i suppose my question is then how do we get the two to harmonize?,734562,0
4215,female,"Unless emotion and intellect are in harmony, it is unlikely one knows at all.",734562,0
4220,female,conversatives do have the advantages of being absolutistic,734562,0
4229,female,coming home from Shore Leave 25,734562,0
4255,female,"Well, I wouldn't necessarily say it's stylish as in hip and new, but it's like a little black dress...a classic that never goes out of style.",734562,0
4276,female,"Christine Todd Whitman sold her soul to the republican party. it was rumored that she resigned from the epa because of the dearth of information regarding global warning in the epa report. however, she came out on npr saying she wanted to spend ""more time with her family."" but that she was considering a run for the nj senate. so, it seems the republicans told her that if she kept her trap shut, they would back her for the senate. i don't bravo is trying to be known as the ""gay"" network - they are just going for shock value (with boy meets boy) and for advertisers (queer eye for the straight guy). gay men have a lot of disposable income because normally they have no alimony or kids to deal with.",734562,0
4297,female,"jennifer reported drum circles, candlelit processions, and an overall sense of community and wonder in the dark canyons of new york.",734562,1
4306,female,NOW I'M POSTING,734562,0
4324,female,Thinking about how the things I value differ from those of others.,734562,0
4337,female,"Pentagon rumor, via USN&WR: If North Korea launches an offensive while troops are still deployed at current levels in the Middle East, several higher ups recommend reinstating the draft.",734562,0
4365,female,Where oh where have the Republicans gone Who were once so vocal on this Blog What have they to say about the race to be run And why it seems stuck in a bog?,734562,0
4399,female,"my fave song for the day: Aimee Mann - Pavlov's Bell From the album ""Lost In Space"" Oh Mario, sit here by the window Stay here till we reach Idaho And when we go, hold my hand on take off Tell me what I already know That we can't talk about it No, we can't talk about it Because nobody knows that's how I nearly fell Trading clothes and ringing Pavlov's bell History shows there's not a chance in hell But, oh, Mario, we're only to Ohio It's kind of getting harder to breath I won't let it show, I'm all about denial But can't deny all that need belief That we could talk about it But we can't talk about it Because nobody knows that's how I nearly fell Trading clothes and ringing Pavlov's bell History shows, but rarely shows it well Well well well Oh Mario, why if this is nothing I'm finding it so hard to dismiss If you're what I need then only you can save me So come on baby give me the fix And let's just talk about it I've got to talk about it Because nobody knows that's how I nearly fell Trading clothes and ringing Pavlov's bell History shows, like it will show and tell So tell me That's how I nearly fell By ringing Pavlov's bell So baby show and tell Oh Mario, Mario",734562,0
4421,female,"Oddly enough, THERE ARE THOUSANDS OF SCREAMING CHINAMEN IN MY PANTS",734562,0
4424,female,"I am not upgrading to Panther; neither of my computers are G4s. The pre-Panther version of OSX works well enough, but not zippy, on my two G3s. Reluctant to advance further without G4 hardware. But thanks for the tip. Rarely is any technology ready for prime time in the first weeks of release.",734562,0
4463,female,"Gotta address the reason for the quitting to stick. Figure out what you're medicating, and find something larger than yourself to hope or work toward. It's never easy; there is no cure for addiction, only a lifetime of vigilance.",734562,0
4479,female,i liked the cookie story.,734562,0
4505,female,"The truth of the matter is, moths are not from our world: among their kind there are tales of a faraway place of happiness and belonging -- a home to which they can return only through a legendary portal that hides deep within the center of flame. None may know which flame holds the gateway; but that does not deter many moth-dreamers who plunge bravely into flame after flame, hoping that this light will not bring scorching heat and painful death, but instant passage to a land of eternal dusk filled with tiny flittering wings and a million joyful hearts.",734562,0
4533,female,"All batteries eventually die. The iPod battery is quite replaceable; various vendors are available online. You can do it yourself, or Apple can do it for you. Battery life, of course, depends on individual use. Owners of the original generation of iPods are doing fine on the boards. i just got off the phone with a representative at Apple. here's the story: up until literally a week ago (!), anyone whose internal iPod battery died had to pay (at the very least) $250.00 to have the unit serviced, regardless of what was wrong with it; which, of course, is almost as much as buying a new one (they run about 3, 4 and 5 hundred dollars each, depending on the GB). as you might have guessed, consumers weren't too happy with the cost, so Apple finally relented (as i said, just about 7 days ago), and began offering a ""battery exchange program"" for those whose iPod batteries died. the cost of this service is $99.00, plus shipping and handling . to have your battery replaced, you are required to mail your iPod back to the company , and they may send a replacement unit back instead of your original, depending on their workload. the nationwide Apple stores cannot replace your battery, and according to the company, neither can the owner; the internal battery is not being offered for individual sale by Apple. a second option is to purchase Apple's ""iPod Protection Plan"" for $59.00 . this will cover battery replacement for up to 2 years, but you must still send the iPod back to Apple for the same aforementioned service. after the 2 years of the plan are up, you're back to the $99.00 charge for battery replacement. despite the company's assertions to the contrary, however, there is a non-Apple site that you can buy a replacement iPod internal battery from: iPodbattery.com , for about $50 apiece. they even include online instructions on how to install it, for the old and new models. average life span of the iPod's internal battery, according to Apple: 1 year with heavy use, 2 years with light use. it's a brilliant marketing scheme; charge the consumer 3 to 5 hundred dollars for your initial product, and then another hundred bucks every 1-2 years after to keep it running. i gotta admire them for their chutzpah at the very least, especially with the competition undercutting them by about 50 bucks. perhaps they figure that the average consumer either won't know any better, or will be unwilling to install the battery themselves...?",734562,0
4544,female,"Johnathan - In one of your responses concerning the Ten Commandements, you stated (correctly) that you are not a 13th century BCE Hebrew, implying to me that you did not think that something proposed 3,300 years ago has no place in today's society because we have changed over time. I submit to you that we are not 4th century BCE Greeks, therefore the notion of the Republican form of government proposed by Plato (or at least written about by Plato) has no place in today's society. I may have my information incorrect on Plato, as I don't remember much ancient history, but the specifics are not that important to my point. Just because a concept is old does not mean it does not have modern relevance. Where do you draw the line? 3,000 years - there goes the Ten Commandments 2,000 years - there goes the Republican form of government 1,000 years - there goes the Magna Carta 500 years - I can't think of anything except for the discovery the New World. 200 years - there goes the US Constitution 100 years - there go workers/consumers rights (labor unions / Sherman Anti-Trust laws)",734562,0
4551,female,"I liked the idea of that as an offence - maybe that could've been a way out of being burned as a witch. As a non-American blogger I've been a little reluctant to get involved in some of these discussions, particularly the bits about flags, but since I started it (the subject, not the flag-burning) I suppose I'd better say something. Firstly, I think that the idea of having a law against flag-burning is completely nuts. The moment you start according a symbol - any symbol - that kind of automatic reverence and protection, you've taken a small but important step towards totalitarianism. Symbols are kind of fickle - they don't a priori represent anything in themselves; it's what they are perceived as meaning or made to represent that's important. The flag may represent freedom to you, but that doesn't mean freedom is affected by burning it, any more than terror, torture, coersion and death vanish when it's burned by someone to whom it represents those things. It follows that you can't just argue against flag-burning by ascribing some meaning to the flag and saying that the flag-burner must dissapprove of this meaning. "" by doing so [burning the flag], they are saying to me that they do not like the lifestyle the US lets them lead. The lifestyle that allows them to burn the flag without being arrested or shot ."" Couldn't they be saying just about anything about the US? Maybe they don't like the choice of milkshakes available there. It's a little unfair to assume that it's the positive things they don't like. And if they're really free to do it, why does taking advantage of that freedom in fact imply any protest at all? By that logic, having gay sex is a protest against a country that grants the freedom to indulge in it. I'm sure no-one would say, ""by having gay sex, they are saying to me that they do not like the lifestyle the US lets them lead - the lifestyle that allows them to have gay sex without being arrested or shot."" (This might be a bad example to anyone reading in Georgia*) That said, I think there are tactical reasons, as a protestor, to avoid burning flags - be they the Stars'n'Stripes, the Union Jack, the Tricolore or the Star of David - unless you're a citizen of the country that flag represents. Unless your point really is 'I hate all Americans/British/French/Jews', in any of which cases I'd really rather not be marching alongside you, that's the message you're going to put across to people in that country. I was pleased to note, on the march against Bush, that almost every banner and speaker was careful to differentiate between GWB and the population he claims to represent. I would have felt uncomfortable if someone had burned an American flag, because of the indiscriminate message that would put across to people watching in the US (Yeah, like it made the headlines). I have zero sentimental or political attachment to my country's flag, but I still feel if I see it burned overseas that I probably wouldn't be welcome at that particular party (unless it's one of those 'Hindus For The Abolition of Primary Colors' demonstrations - those guys are alright). OK, on to the 'Bush unwelcome'. I take the point that a Stop the War protest seems a little pointless about a war that's over, but a) it's not like we were protesting the Boer War or something; there's still shooting and air bombardment going on in Iraq; and b) that wasn't the point of the march anyway. It was from all kind of angles, but all focusing on Bush and the fact that the 200,000+ people there didn't want to be counted amongst a 'silent majority' welcoming him to Britain and, by extension, tacitly approving his various charming exploits, from Iraq through the clampdown on civil liberties in the US to 'missile defense', the Kyoto protocol, his stance on the ICC (the International Criminal Court, not the online chess site), illegal holding of prisoners, including British citizens, at Guantanamo Bay and the little fact of his having seized power in the world's most powerful country and our most important ally, with a flagrant disregard for democracy. It was also a protest against Blair's offering up our country as 'the mother of all photo-ops' (not my phrase - comes from the ex-Foreign Secretary) to the incumbent during his re-election year. As the head of the Labour Party, it seems pretty perverse of our Prime Minister to grant such a PR boost to a pretty extreme Republican administration. Oh, yeah, and what to do about Iraq? Immediate moratorium on any contracts to multinational companies based in any of the invading powers, hand over control to the Arab League with a UN Resolution pledging aid to the restoration of democracy, and invaders to end occupation ASAP. But I'm just speaking off the top of my head. Er, I'd better go. *or, Eva informs me, Virginia. Damn it, that's another Christmas tradition that I'll have to miss this year.",734562,1
4555,female,"The Ten Commandments are the product of a 13th century BCE religion and culture, regardless of the message, and to place them on government property suggests that we should accept the deity Yahweh, or Jehovah, as our single, original source of law. As for what is wrong with telling people not to kill, to respect their parents, etc.: nothing. But what is curious is the need to enhance the already strong argument with the physical presence of the Ten Commandments, which, if one is to take them as merely wise suggestions rather than the direct prescriptives of Yahweh, have no more weight than what anyone else recommends anyway. The only way that words gain weight, or importance, beyond their inherent meaning, is in either how they are used, or who uses them. The Ten Commandments, traditionally, come directly from Yahweh through Moses. Take away that connection, and they have no more weight than any other wisdom. Are our society's laws so dodgy that we need to back them up with a direct line to the Creator of the universe? My goodness, but that's an alarming prospect.",734562,0
4562,female,this is just pathetic - http://story.news.yahoo.com/news?tmpl=story&u=/031120/482/rs10811202309,734562,0
4581,female,"meanwhile, in this madman's world... SALEM, Ore. - A gun-toting man traveling on a tricycle allegedly tried to hijack a car in Salem, in what police there termed a ""bizarre"" incident.",734562,0
4588,female,Some staplers are terrorists.,734562,0
4590,female,"Some Women Are Going Under the Knife to Fit Into Sexy Stilettos ""I will generally suggest a surgical procedure to shorten the toes a bit,"" says Dr. Suzanne Levine, a Park Avenue podiatrist. ""Take some of the bone out.""",734562,0
4595,female,Staplers are terrorists.,734562,0
4604,female,"neal is our man on the inside for this one... what's the word, silentwalker? have you met these Jedi by any chance? ""Talk about a short honeymoon. Over the weekend, players of Star Wars Galaxies, the film-inspired massive-multiplayer online role-playing game, learned that two players had achieved Jedi Initiate status. The pair were the first in the game's four-and-a-half month history to do so. Today, the MMORPG site Allakhazam's Magical Realm is reporting that a massive bounty--150,000 credits--is being offered for the newly hatched Jedi's heads. As of press time, they had not been killed."" First Galaxies Jedi confirmed, hunted",734562,0
4616,female,"Oops, good point, Ben - I never said who I was. Hello, everyone, I'm Nick. My connection is via Eva - she wickedly seduced me one stormy night in Wales and has come to the UK (my homeland) to haunt my every waking hour - and the occasional one when I'm asleep, too. I'm a stand-up comic by trade (that's what I was doing in Wales. Eva has far less excuse.). Don't have a website, I'm afraid, but there's a British comedy website called chortle and I'm reviewed/listed there . Just so as not to be completely disregarding recent topics, the situation here in the UK with regards to elections is that you can take time off work to vote - not the whole day, but half a morning or something - and your employer has to let you. I think that only applies in general elections, though (the big ones where you're voting in a new government [actually it doesn't quite work like that here, but a full explanation would take me too far from the point]). I don't think it applies for small, local elections - which is a shame, in a way, since those are the ones where your vote counts most and you have more of a chance to really change things. It seems to me that most of our big elections (in both countries) really only afford the public the chance to ratify elite decisions; they keep the population distanced from actual policy formation whilst providing the comforting illusion that our leaders are answerable to us. On one level they are, of course, since we can vote them out (when we're allowed to every few years) - but really those changes are pretty cosmetic. I think the limits of the system are shown up in the following hypothesis: Let's say you introduce mandatory voting, so that there's a 95% turnout. The elected government can claim quite a legitimacy with the mandate of a genuine majority of the population. Or it would, if not for the fact that the people are effectively coerced into making the choice. So to avoid this, a 'None of the above' option is introduced. So far, so democratic. Now, here's the dilemma: What happens if a majority of the voting population goes with the 'None of the above' choice? Nobody running for power can legitimately take office, since the people have expressed definitely that they don't want the candidates, but you can't just leave the government empty. What do you do? As far as I can see the system fails at this point. The powers that be can't really allow the electorate a full and comprehensive democratic choice, since there's the risk that people might use it, and that's not really what the electoral system is for. Of course, there's already the option of not voting, or spoiling your vote, but that's fine provided those choices don't HAVE to be interpreted as 'None of the above'. And to be honest, often a more realistic interpretation of not voting might be, ""Mmmmm... My bed's comfy."" Oops. A bit of a rant. Did Eva warn you about my tendency to do that? To recap: 1. Hello, everybody, nice to meet you. and 2. I read too much Chomsky.",734562,0
4620,female,"from The Straight Dope : Dear Cecil: I hear Jesus wasn't really a Capricorn but that he was either a Pisces or a Leo instead--that his birthday is observed in December because the Catholic Church took over the ancient Saturnalia debauch. What's the lowdown? --Jerry M., Los Angeles Dear Jerry: History records no observation of Christmas before 354, and by that time there was no one around who remembered exactly when Jesus was born. Today, historians have all but given up trying to figure it out. They give his birth date as 6-8 BC (good trick, but this was no ordinary dude) and leave it at that. Nobody knows exactly why Christ's birthday is celebrated on December 25. One theory holds that this is the right date, postulating that Zachary was high priest and that the Day of Atonement fell on September 24, ergo, John the Baptist was born on June 24 and Christ dropped in exactly six months later on December 25. Modern scholars use this theory to get laughs at cocktail parties. Another guess works backward from the supposed date of the crucifixion (March 25), figuring that Christ was conceived exactly 33 years before he died, True Believers having no use for fractional numbers. According to the most tenable hypothesis, Christ's birthday was assigned to the winter solstice (December 25 in the Julian calendar, January 6 in the Egyptian) because the date had a ready-made pagan holiday, the ""Birthday of the Invincible Sun"" (or ""ancient Saturnalia debauch,"" as you put it). The idea that Jesus was a Pisces probably comes from the characterization of that sign as one of spiritualism, humility, compassion, sacrifice, etc. Students of astrology will tell you it's not kosher to work the formula backwards that way.",734562,0
4623,female,"If I adopted a new creed every time some idiot grossly misinterpreted the one to which I ascribe, I would never believe in anything for more than a day.",734562,0
4626,female,"The Red Planet Twirls Its Mustache and Laughs ""...But Mars is a formidable foe. Of the previous 11 probes dropped on to the planet's surface, only three have survived.""",734562,0
4644,female,"an interesting essay on the Wright Brothers, patent law and the birth of modern aviation. i didn't know half of this stuff; a good 15 minute read for the curious.",734562,0
4674,female,"It's not hard to be Teflon if one provides bread and circuses. If Hitler had not opened a second front and had focused a little more on atomic science, we would have had a Teflon fuehrer. Getting through/around political trouble is not a measure of skill; it's a measure of the citizenry's contentment. That said, the American citizenry seem very content. As long as this doesn't change, a president can do whatever he or she wants.",734562,0
4692,female,"Answer from the Middle: Dean's status in the polls is founded entirely on an anti-Bush movement. Ironically, the Left's motivation for this election -- we hate Bush, we gotta get rid of this man -- is very reminiscent of the Right's motivation in the Clinton era. Both sides -- the Right, then, and the Left, now -- lacked, and lack, a vision, a plan, a drive to execution. At 9/11, the Right reacted quickly with a vision and a plan, while the Left sputtered and blew the moment. Now the Left can only play catch-up, and the only thesis on the table is getting rid of Bush. The Left needs a vision, a plan, and a reliable leader to initiate the march -- one who won't throw it all away on a cigar and a beret. Until that happens, they will flail about in vague, yet honest, frustration and anger. For now, the Right has the money and the product: Fear sells, and everybody's buying.",734562,0
4740,female,"Just overheard on MSNBC that the current administration is officially stating that no WMDs will be found in Iraq. I was in the other room, though, so I may have heard wrong...",734562,0
4761,female,"That's interesting Johnathan. In regards to music I have an eclectic taste. I like the rock music of the 70's and 80's since they represent a much simpler and generally more enjoyable time of my life (nostalgia). I can't stand most of today's music, partly based on lyrics/topics and partly based on the music itself. I love big band music (Glenn Miller, Benny Goodman, et. al) probably because I played alot of that in the jazz bands I was in in high school and college. But for straight artistry, I love classical music (in the general definition of orchestral music). Bach, Beethoven Tchaichovsky, Mussorgsky, Rossini, Copland, Wagner, Gershwin, even some Bernstein, and on and on. When I get a chance and have had a stressful day or week, I lay flat on my back in front of the speakers and listen to some of this music, lose myself in the intricacies of the music and end up feeling much more relaxed and focused. Sorry for drifting off topic there, but my point was that I had never thought about the fact that my taste in music has not changed much over the years and how that relates to heart and mind. That would be an interesting study (what do changes in taste of art reflect on the growth of person?) I bet some doctoral candidate has studied that at some point.",734562,0
4773,female,"I just found a strange contraption called Beagle II on my roof. Should I tell someone? About the militarisation of space, I agree with John that it looks like being inevitable at this point - not that I think we should be happy with that. That NASA is the mechanism via which the public can be made to fund military research is nothing new, either. Most high technology, from telecoms to nuclear weapons, is a result of public subsidies. The main raison d'etre of the Pentagon system was to set up this system. Once the public has paid the cost, the technology gets turned over to private enterprise to collect the profits (I believe the term for this is 'free enterprise'). And if the private enterprise gets in trouble, the public bails them out. Yay! Risk-free capitalism! We have satellites and computers because the Pentagon and NASA covered for it (in the US - we have our own versions too, of course. I think Alan Turing got military funding, for instance, although don't quote me.). These things are now profitable, so they get handed over to big private corporations. This is an open secret - it's not talked about much in public, since most people don't like it when they realise they're paying to make rich people even richer, and effectively underwriting any risk, but on the other hand it needs to be known in the right sectors because, well, companies have to know where their free money's coming from. ""This transfer between public and private industry is called Spinoff at NASA."" The Bush stealing the election thing... It's funny how every pro-Bush comment I ever read focuses on ballot-counting and chads, as though those were the most scandalous things going on. The best book I've read on the Florida debacle is The Best Democracy Money Can Buy . Honestly, I didn't even think it was controversial to say he stole it, but the front page of today's Independent says that 54 per cent of Americans believe he was legitimately elected. What's your impression in the belly of the beast? Also, can anyone point me to the investigative commission that concluded it was stolen? Greg Palast told me about it, but we were interrupted as he was telling me where to find it and I haven't had much luck searching online. Hope you're all well.",734562,0
4789,female,"MISSION TO MARS FOR MILITARY BENEFIT, NOT JUST ""SPIRIT OF DISCOVERY"" President Bush unveiled his proposal for a new space program Wednesday by invoking the spirit of explorers Lewis and Clark, saying, ""They made that journey in the spirit of discovery... America has ventured forth into space for the same reasons."" But the president didn't mention that members of his administration view space as the next frontier for military buildup and conquest. Defense Secretary Donald Rumsfeld chaired the Commission to Assess United States National Security Space Management and Organization four years ago, releasing its findings in January 2001. Rumsfeld's report found that ""we know from history that every medium -- air, land and sea -- has seen conflict. Reality indicates that space will be no different."" The panel also concluded that ""given this virtual certainty, the [United States] must develop the means both to deter and to defend against hostile acts in and from space."" The president's focus on space exploration because it ""improves our lives, and lifts our national spirit."" However, behind the scenes, USA Today reported that Bush was persuaded to move forward in part due to the military benefits, as promoted to him by Vice President Cheney. The Center for American Progress' Progress Report yesterday noted an appearance by Republican Congressman Tom Feeney on Scarborough Country where he stated, ""Somebody is going to dominate space. When they do, just like when the British dominated the naval part of our globe, established their empire, just like the United States has dominated the air superiority, ultimately, whoever is able to dominate space will be able to control the destiny of the entire Earth."" Feeney's comments echo PNAC's September 2000 report Rebuilding America's Defenses, which said, ""Much as control of the high seas - and the protection of international commerce defined global power in the past, so will control of the new ""international commons"" be a key to world power in the future."" -Bush Aims for Mars to Dominate Space Militarily",734562,0
4817,female,"I agree. I also don't understand how someone's sexual preference can lead to such a drastic measure as to make it a constitutional amendment. Of course barring pedophilia and rape. It is like saying guys that are attracted to extremely obese women are morally wrong and we should make a constitutional amendment against such practice. ""Four score and seven years ago, our fathers brought forth a nation that will not all the procreation of fat people."" My whole family would be screwed. Or rather we wouldn't be screwed. Depending on how you look at it.",734562,0
4821,female,"Trekkies, anyone? The Klingon Language Institute awards the $500 Kor Memorial Scholarship each year to a student in a program leading to a degree in a field of language study. Familiarity with Klingon is not required, however creative and innovative applicants are preferred. For more information, visit: kli.org/scholarship/.",734562,0
4832,female,"island girl, island girl,",734562,1
4859,female,"seem like good and legitimate questions to me - anyone disagree or agree? Joe Conason's Journal On Sunday, NBC's Tim Russert is scheduled to interview the president. Here are five questions he'll definitely want to ask. Editor's note: This will be the last daily installment of Joe Conason's Journal. Beginning next week, look for less frequent but more in-depth investigative reports and commentary -- on the Bush administration and other political topics -- from Conason, every week in Salon. Feb. 5, 2004 | Tim Russert, dream interviewer NBC's Tim Russert cherishes a reputation as network television's bulldog interrogator of wayward politicians. His image is good cop/bad cop in the same guy. This coming Sunday, the president will reportedly appear on ""Meet the Press."" That decision may well reflect, as Nick Confessore suggested today, Karl Rove's confidence that Russert isn't really so goddamned tough, especially not on Republicans. If so, Rove would be in rare agreement with many of Russert's critics on the left. Knowing Russert, I think he would hate to confirm such nasty suspicions when he interviews George W. Bush (although he would also hasten to plead that some partisans on both sides are never satisfied, etc.). Let's help him with a few questions (and follow-ups) that nobody could call softballs: 1. Given the controversy about your attendance record during your National Guard service, Mr. President, perhaps the best way to resolve matters would be to authorize the release of all of your military records, including pay stubs, Social Security records and so-called retirement-points records. Will you do that? If not, why not, and how can the American people believe that you actually fulfilled your service obligations as everyone else in the Guard was required to do? 2. Mr. President, on page 54 of your autobiography, ""A Charge to Keep,"" you wrote: ""I continued flying with my unit for the next several years."" But the truth is that you quit flying after less than two years, despite fighter training that cost the taxpayers almost a million dollars. Did your superiors approve your decision to quit flying, or did you just quit on your own? Weren't you suspended from flying in August 1972 after you failed to take a required physical exam? Why didn't you take that physical? 3. Mr. President, I'd like to ask you about the now-famous ""mission accomplished"" speech you gave on the aircraft carrier USS Abraham Lincoln outside San Diego last May. You landed on the carrier in a flight suit -- a piece of videotape shown around the world. [Roll tape.] A lot of your critics were appalled by that image. Here's a man who never fought in a war, never saw the danger and horrors of real combat, dressing up like a soldier and proclaiming a victory that, as it turned out, we were far from accomplishing. As you look back on it, has it ever occurred to you, that Eisenhower, who won D-day, never dressed in uniform when he was president; John F. Kennedy, who was a genuine war hero, never dressed in uniform either. Was there something disrespectful to the military in a costume stunt like that? Your thoughts, sir. 4. You have blamed the rapidly rising, unsustainable federal deficits on ""out-of-control"" domestic spending. But Mr. President, the plain fact, according to every nonpartisan analyst, is that your tax cuts are responsible for a far greater percentage of present and future deficits than spending. Your current budget proposal cuts billions in programs for children and veterans. Wouldn't it be more compassionate -- and more responsible -- to rescind some of the tax breaks for the very wealthiest Americans? 5. Sir, with respect, most economists say that the tax cuts are responsible for no more than 20 percent of the recent economic growth, and that the recession could have been addressed with a short-term stimulus primarily aimed at middle- and working-class tax payers, rather than long-term tax cuts tilted toward the wealthiest 1 percent of taxpayers. These long-term tax cuts for the wealthy are the major cause for these massive structural deficits that we now have and the complete inability to fund some of these programs for children, the elderly and veterans. How does that reflect responsible Republicanism or compassionate conservatism? You may say that I'm a dreamer, but I'm not the only one.",734562,0
4861,female,I lost the HTML code for posting a link. For now: click here * html link added later by admin,734562,0
4878,female,Thought some of you might enjoy this: alien language construction kit In 30 minutes or so I'm off to the airport to meet Eva. Yay!,734562,0
4914,female,"apparently the messiah can't be bothered with punctuation: TED Jesus Christ GOD faces of (cyber) death: online multiplayer death options and finally, the Exorcist in 30 seconds , only with bunnies.",734562,0
4917,female,"one last bit about gibson's new film, unless someone else wants to rant: here's a transcript of the blooper reel. i don't know if it's real, but either way it's a hoot. when you're done chuckling, savor the christian goodness of The Truth For Youth , a handy guide to, well, the Truth, apparently. be sure to check out the 'Hot Comics' section of the aforementioned site for further instructions about what is good and what is evil . hint: 'evil' is everything you enjoy doing .",734562,0
4924,female,"your faith in the chair is based on past experiences of sitting in a chair and it not falling apart. if you were to be concerned every time this event occurred, you would have serious issues. what these ladies were suggesting you have is ""blind"" faith. faith in something even though you have no evidence to support it - no previous experiences to draw from. what you could assume, if it would make you less angry, is that these women believe with all of their heart, that their goal in life is to save you and if they don't, you will be suffering eternal torment. hard for them to deal with, i'm sure. they are just doing what they think is best. i don't mind the proselytizers - as long as they don't try to change the laws of our secular government.",734562,0
4926,female,"...and that's what bugged me enough to post; that the film maker went out of his way to make the film ""historically accurate"", but then dropped the ball on the color issue. regardless of one's opinion on Jesus' ethnicity (or at least, that of people living in the Middle East during the time period he supposedly lived in), the actors could have at least been a little darker skinned - they all lived in a desert, for pete's sake! you could have had a chinese guy playing christ in a snowstorm, as long as you didn't expect me to look at your film as a depiction of how the people and places ""really looked"", which is what gibson's film purports to do (and succeeded in doing in many other ways, apparently). but is that really the point when you're telling ""the greatest story ever told""? shouldn't even a pretty good story be able stand on its own, in regards to its message(s)? shakespeare's plays can be set in any time period, and they work fine; no one balks at the inevitable 'anachronisms', because his were universal stories from the get-go. i wish more christians would do the same, by acknowledging the power of allegory to promote faith and belief, rather than insisting that the events in their stories have to have 'really happened' to be significant. it doesn't matter if jesus ever really existed, anymore than odysseus or buddha or any number of characters in the great stories of our species; what matters is the message, not the messenger (or the creed). what we learn about ourselves in reading about these folk is what matters. in another thousand years, all of them will have been modified tenfold to suit the cultures and opinions of times to come, just as they have been many times before. hopefully, the essence of the stories will persist and prevail - and not because we ever felt the need to prove that they 'really happened', which is all but impossible, and in my opinion, needless.",734562,0
4929,female,"The visuals are inspired by Medieval artwork and iconography, a stylistic choice. I have no problem with that.",734562,0
4961,female,click here if you DARE,734562,0
4969,female,"well, the liberals have 'officially' confronted Nader on his 2004 run; here's a transcript of an interview on Air America.",734562,0
4983,female,Woman At Farscape Convention Has Dangerously Inflated Self-Image & What Do You Think? Iraqi Prisoner Abuse,734562,0
5000,female,"No idea where this ""button"" is. Also, lost the HTML code for creating a link. Would greatly welcome a solution rather than repeated berating. fiddle faddle floooo",734562,0
5004,female,CBS news article concerning the abuse of Iraqi prisoners by members of the US and British Army here's another link with more of the aforementioned photos; proceed with caution - these are not pretty.,734562,0
5012,female,"...for a new age. that, and i was bored with the old one. now everyone can see the members of the circle, in a handy list to the right. enterprising members (read: those with nothing better to do) might take the opportunity to create a profile for themselves. if you do, remember to utilize one of the following techniques: - vague, obscure information (in an attempt to look cool) - ridiculously detailed information (in an attempt to seem interesting) - wildly inaccurate information (in an attempt to be funny) you may have noticed that the links are gone. you may not care. they will return, or not... please let me know if you'd like them to. for those who tend to post hyperlinks reasonably often, please see me after class. shouldn't take any more than a few minutes. hope everyone is well. i love all of you, hurt by the cold.",734562,0
5016,female,"I would just as soon that the issue go away, but it won't. So, the court just ducked an issue that will be back. Why not just rule on it and get it over with? Now, I heard someone speculate that the reason they kicked it back was to smack the 9th Circuit on the hand for letting it get this far ""improperly"". I don't buy that. I was surprised when I saw the breakdown of the votes. I assumed that Scalia and Thomas would have been on the side of not hearing it (for fear of losing the case), but they (and someone else) basically said the case was without merit.",734562,0
5038,female,pie chart of empty supervillian threats,734562,0
5047,female,"Luc -- People vote for the individual who will most likely represent what they value. If it is impossible to imagine someone who might legitimately value a different thing than you, then most likely you perceive a universe of absolutes. Thus, in a matter of speaking, you are a believer. Which brings us back to your previous posting, which compared a believer to one who is drunk. So perhaps you cannot fathom someone voting for Bush because you're drunk.",734562,0
5065,female,"Factcheck.org article : Really good dissection of the Swift Boat Veterans for Truth ad, plus PDFs of all the affadavits",734562,0
5080,female,"But is there a cure? From an honest-to-god, real, not-from-The-Onion Philadelphia Inquirer article about how the GOP are pursuing the all-important Amish vote: ""We hate that abortion issue,"" said Sam Stolztfus, 60, an Amish farmer and gazebo maker in Lancaster County, where an estimated 27,000 Amish live. ""We're totally against it. And as far as gay issues, that's completely contrary to the Bible."" The bearded Stolztfus proudly says the Amish are ""sort of swept up with Bush fever."" Democrats have all but ceded the Amish vote to Republicans. ""If I know Republicans and their grass-roots operations, they'll spend most of their time trying to phone bank the Amish,"" said Kerry spokesman Mark Nevins.",734562,0
5090,female,"what the fuck is up with those goti brothers? they have exactly the same stupid haircut and exactly the same pose - and why do i care? but it just really, really bugs me.",734562,0
5111,female,"...Piss taking shit talking mutha fucking son of a bitch. Get a fucking life you fucktard and stop screwing around other people's. No one gives a fuck sucking damn about it, so why the fuck do you think I would be happy to deal with you bitching about me. Look around you bitch, do you see what i see? Do you see the truth and the real reason why people deal with your shit? Cause their scared, that's it. Their fucking scared to stand up to a fucktard, well guess what... You've just found one bitch who won't deal with your shit any longer. Someone will and has to make a stand, and i'm feeling sorry for those who try to stand in my way...",3614150,0
5138,male,"There was this woman in my life. Lets call her 'The Bitch' - I don't want to get into any further trouble. I loved her, no actually I was infatuated to the point of obssession with her. I had my heart out in my hand and this woman crushed it. I was used and abused and god knows what else. But in a weird sort of way, and I am not being masochistic here, I deserved it. I needed a lesson about women and how they can be. And the ones I should avoid. Its not as if I have not been in love before her or for that matter since. Why does she still play on my mind. I think it is because she called me yesterday. In fact, I hate the bitch from the bottom of my heart, but I will not be vindictive, even though I guess I can. Am I over her? I guess. Putting down my thoughts for everyone to read, and not under any illusions to who I am, heck that helps. I guess. Anyway, this is off my chest now, and I need to move on and I have moved on. There is someone else I love, but of course there are committment issues on my side. So lets see where the hell I end up in six months time....",4084777,0
5192,female,"Somehow things got clearer the moment the dream broke. I don't remember what it was about. But one thing for sure, you shouldn't make me spin. Was ""hunting"" for a job online last night... Thanks to SalmonYoung. Just engaging the search engine, and entering the company sites to take down the details. I've to got to get down to doing the calling and going for interviews. We'll see. Right now, I think I might be working on some art projects of my own... ========================== LoVe oNe bUt nOt tWo FiND onE aNd bE tRue If yoU fiNd oNe cUte aNd cOoL StiCk tO tHe ONE liKe gLue!!!",3446810,0
5264,female,"Just running. Running round the world. Chasing my own life ahead. Charging. Just charging straight ahead. No one is going to stop me. No one can. Who cares about you, my friend? You are not even my friend. You are a mere acquaintance. Do not fool yourself. No upper hand do you have. Cos I do not give a thing for your looks. Or personality, if any to start with. Your command of the English Language is appalling. Lecture. I have no idea what it is all about. I mean, nothing at all for me to jot down... Insecurities. LISS preparation this evening. I have nothing to do with the LISS camp, but I am still going for the session. The feeling is so good. The Spirit truly is among us. Yes, right here, right now. Take a look at us now.",3446810,0
5289,female,"At 1012h on the eight of August year two thousand and four, it has become official that he has grown up, ready to fight and face the world. Can't smile without you. I lied when I said I could. You know I can't. Target of this weekend is not half met. Yet to start revision for management CA. Yet to prepare for presentation tomorrow. Plenty of sleep yeah. Feeling aching and heaty. Splitting headache. I am so used to not having you around.",3446810,0
5296,male,"Well, Gannon and I went to the jamboree yesterday. We screwed around for awhile and I just walked in without buying a ticket. A tornado touched down somewhere and it was raining so it got cancelled. Gannon came back to my house and we did random stuff and talked about Jacob half the night. The next day (today) we walked up the road to some little old house. We walked through alot of tall weeds and grasses and stuff to the front porch only to find that the door was locked. We went around back where the ceiling was caved in and went through that way. I was caught off guard by a picture of a woman on a wall that someone had drawn on...freaked me out. We went up stairs and looked through lots of pictures and papers and there was lots of writing on the walls but both the digital camera and camcorder died so...little help there. Hurricane Charley (haha!) is coming today/tonight....I'M READY FOR HIM! It'll probably end up as a little breeze but it's been raining on and off all day. Well...that's about it. Later.",3753470,0
5303,male,"Ah, Spring. The futon gets returned to Goodwill with 30% more stains and the school year comes to an end. Another year of knowledge under your proverbial belt. Sure, you ended up with a 64 average in British Lit (D is for diploma, as they say), but what did you really learn about the English language this year? And perhaps more importantly, is your mental dictionary prepared for the summer? I mean, sure you know that pink and green are the colors of the summer, but are you up on the latest slang? I'm gonna guess that's a negative. So, because I like to keep my readers as hip as Pharell sporting a paper Burger King crown (so hip it hasn't even happened yet), here are a few critical new terms to add to your summer lexicon. ""Blueberry Muffin,"" noun. It happens every May. You come back from school only to find your female friends from high school getting fatter and fatter. The term blueberry muffin describes a girl who, despite meeting that description, continues to wear the same clothes she did in high school. If you haven't made the connection between the girl and the muffin, take a look at the part of the muffin which flops over the wrapper. ""Updating My Blog,"" verb phrase. Now, let me balance that out with something specifically for the ladies. The 1950's ""washing my hair"" excuse flippantly given to a guy for being busy on a Saturday night has been replaced for the new millenium with ""updating my blog."" It's the ultimate bad excuse. Girls, try telling a creepy guy that you can't go out with him this weekend because you're updating your blog and I guarantee you'll never be hearing from him again. ""Don King,"" verb. To Don King something means to take care of it or make it happen. Example: ""Matt totally Don King'd the whole beach weekend for us."" I got this straight from Jay-Z. And you can't argue with the inherent ballerness of anything coming from the mouth of the Jigga Man. Natalie, noun. Everybody pretty much agrees that Lindsay Lohan is the new Britney, right? I mean, Britney basically threw up the white flag herself by dating her current beau. The dude seriously looks like he should be pushing shopping carts into the Wal-Mart parking lot cart corral, not fingers into Britney Spears' minge. Sorry, I'm getting off topic. Anyway, so anytime you see Lindsay, you'll notice that she always has this one particular hanger-on girl with her. Upon exhaustive research (MTV Diary), I found out her name is... Natalie. Natalie is the Smithers to Lindsay's Mr. Burns, the David Blaine to her Leo DiCaprio, the George W. Bush to her Dick Cheney. Now, nothing against Natalie in particular- she's definitly hot enough to hold her own- but there's no doubt that she's well aware of her current role as the First Lady of young Hollywood. Thus, a ""natalie"" is basically a toadie, a fawn, a sidekick. So this summer, get your own natalie. Or, find somebody hot and be their's. Summer, verb. As you may have noticed, preppy is totally in right now. Update your vocab accordingly by using ""summer"" as a verb. And if you wanna be really awesome, don't use it in the conventional sense (""My family will be summering in Martha's Vineyard again""), but use it in a more pedestrian sense. For example, ""After graduation, I will be summering in my parent's garage.""",3386409,0
5320,female,"Nikki couldn't believe this was happening. This was the moment she waited for since she met him. Not just to have sex, but to be with him and love him. Lennon was moving at a moderately quick pace now, in a smooth motion, and Nicole's moans increased in volume as she panted harder and quicker. They were both sweating profusely, all over their bodies. Lennon was now moving very rapidly, almost slamming into her, and thier moans made a powerful music together that echoed throughout the room.",3434442,0
5383,male,"Insert Weird Remark Here So, Thursday huh? Yeah, well, I say you can keep it. Thankfully tomorrow is Friday and that will put an abrupt end to this horrible week. I haven't really been paying attention, but it seems to me that when I have a bad week, all my friends have good ones. So on the one hand, I'm pissed because my week sucked, yet on the other hand, I feel happy because I'm allowing my friends to have a good week. What am I saying? Fuck them. I want to have a good week, screw everyone else. Eh, wwhatevver. I can't even be bothered to spell that word right. On a happier note, Cartoon Network is starting to rerun FLCL which, if you haven't watched it, is the greatest show that's only six (6) episodes long ever! The soundtrack is amazing, plus the animation rules. If you can keep up with the story (which you can't) it's fantastic. Have I ever led you astray in the past? No. I haven't. OK, there was that one time with the deer ticks, but I was young and impressionable. Jeez, why can't you people just let the past be? Buncha freaking nitpickers. Pickers of the nit. Seriously, though, if you can stay up late enough to watch it, I highly recommend it. You Cannot Resist. In other news: Boston Market brand frozen meals are quite delicious.",1681913,0
5483,male,"A Little Cilantro For Your Liver. Today was fucked. I don't even want to talk about it. OK, fine. Jeez, you're so pushy sometimes. Well, it started out with this dream I had, it bothered me all morning. I dreamed I fucking snapped at work, and tied up three people, one of whom was my good friend Adam. I had a gun and was threatening to off them, and somebody called me on it, like I didn't have the stones to do it, so I kicked over the chairs they were sitting on and but a bullet in each of their heads. Sick, I know. The worst part was I killed a good friend of mine. What the shit is that all about. Anyway the dream continued. I was being all crazy and shouting and whatnot, when my other good friend Grant shows up and talks me down, I give him a hug and a gun, and when the police try to arrest me, a court appointed psychotherapist shows up and instead of locking me up they put me in her custody and she makes me better, I never even spent the night in jail. It was completely fucked up. I ahev no idea where it came from. And why Adam? I mean why not like David Duchovny or Judy Dench. It freaked me out all morning like I said. I felt that if Adam had showed up at Kinko's I would have been ""Dude, you have to get out of here, I might try and kill you in a minute."" I feel better now. Goddamn, I'm a freak sometimes. Anyway, couple that dream with an understaffed/overbusy day and my stress level was such that I needed a drink by about 2pm. I'm just glad it's over. Now I can watch movies and eat Yelo Sub and mellow the fuck out. So that's what I'm gonna go do. Peace. ps - Sorry I killed you in my dream Adam. If it makes you feel any better, after I spent some time with the shrink I felt really bad about it. Like, really really bad.",1681913,0
5595,female,1st class sergeant major jenkins. ,3860728,0
5614,female,"Dude, this morning i woke up a lot earlier than i thought so i decided to call and leave a voice message, and as u all probably know i like hate my voice so i did it about 3 times and then i realized it wasn't toll free, so i left the worse message possible... i mean u can hardly hear what i was saying (which is kewl b/c my voice sux), but anywho when my parents get the phone bill my ass is going 2 be grass but.. oh well.. enjoy the message i suppose.. not that there's anything enjoyable about my voice and had just waken up about 7 minutes before... so.. ciao.",3860728,0
5645,female,Nothing is going right... suppose i'll just go back to sleep.... that always works.,3860728,0
5658,male,"What can you do with a day? What will you wake up and see? The farther you get the closer to me. -Dar Williams ""Closer to Me "" I am not sure what the point of putting those lyrics there is. It would make more sense to put something that I wrote there. But to be honest, most of the poetry I write is so dark it frightens even me. Therefore it remains locked away. Today has been a day like any other really. Working in the morning, and a long nap became necessary. And so after drueling plenty and leaving my throat dry enough to sing Bonny Tyler songs I am now awake trying to figure out what to do with my evening. Packing should be on the agenda, as it's basically 2 weeks til the big day and the more prepared the better. Ah, screw that being prepared is a boy scouts thing. And I ain't no f*cking boyscout. The unfortunate thing about napping in the afternoon is that I am now going to be groggy for the next 5 hours. So anyone who is on MSN with me right now keep in mind that my brain no work good now. I'll write something else later...because I don't have anything to say at the moment. And because I think I'm going to give into temptation and get an insanely large slice of pizza from accross the street.",1675646,0
5660,male,"I hate food. Food is the beign of my existance. Because to say I hate food is a lie, I love food, I can eat all the time. I eat when I'm hungry, I eat when I'm bored, I eat for the sake of eating. This food obsession is gonna get me in trouble some day. My arteries are probably just as gross as Halifax Harbour. Although I don't think I have condoms floating around my arteries. Stupid food...I'm completely hooked. Only by the grace of some unknown force am I not 300 pounds. I remember the days when I used to be an athlete, ah those were the days. The days before I had a job and made my own money. The days when I couldn't eat out all the time. I swear there must be addictive additives in fast food. Because nobody in there right mind would want to continuously eat it if they could choose not to. I don't want to eat fast food, and yet I do. It practically brings me to tears sometimes...well not quite, but perhaps someday. Because it seems as though I can't stop myself, like something makes me do it. Maybe they put mind control devices in the hamburgers, and there is a massive control center that targets people with technological voodoo, forcing them to eat their greasy disgusting food. Why am I whining about this anyway? That's not a rhetorical question, somebody needs to tell me. And the first person who says it's because I'm a native Maritimer is gonna end up with a broken limb or three. Now if you'll excuse me I am going to go purge and read a non-threatening Boys magazine.",1675646,1
5675,male,"I was trying to make a nice pastel work for my friend, because I owe it to him...let's just say my first effort has turned out a miserable failure. And I'm not being overly harsh either, I know a little something about miserable failure after all. ""Yeah and now I'm runnin' down this camp town drive, with your laughter in my head, and I'll have to block it out some how to survive. Cause those dreams a dre dead, and I'm alive"" That's from a very very good Jackson Browne song called ""I'm Alive""...taken out of context that sounds really depressing eh. Of course I think I have the camp town drive part wrong I'm not sure what kind of drive he says he's going down. Rest assured that drive is correct though. I mean, really probably the most depressing song for me to hear is Duncan Sheik's ""Reasons for Living"" which is a song that I usually only listen to if I feel an overwhelming need to cry...and please keep in mind that crying can be cathartic is doesn't have to be a bad thing. ""Even my wonder, even my fear. Only amount to a couple of tears. There is a rythm, it's near and it's far and it goes to the heart of us. It's already in you, it's already there. You may disagree but I don't really care..."" Of course I haven't unpacked my CD's so I can't find the CD inlay to get the lyrics and I'm not in the mood to find them on the net. Well I will but I'm not gonna post it here...nuts to that. haha....oh Burton Cummings...hahahaha...fine state of affairs...is a great song just so everyone knows.",1675646,0
5694,male,"Oh man I don't feel good right now. Laura nad I went to Vortex on Saturday night. She was sick on Sunday, apparently Adam isn't feeling great and I can assure everyone right now that I am also not feeling great. I haven't thrown up or anything yet, but the operative word is yet. This sickness will delay my writing about the story of running into the first boy I ever had a crush on. Because I just can't sit here, I need to go lay down. But I will say, that since I am sick I needed something better to watch than tv so I rented two movies. I haven't watched the second one yet...but as for the first I'll just say I need to stop renting weird gay movies from Europe. Bizarre!!!",1675646,0
5698,male,"So I'm listening to a cheesy song. Well that's what I'm doing now. Before I was reading the great book I got for Christmas; 'At Swim, Two Boys' by Jaimie O'Neill. It's a hard read for me, not just because there seem to be so many words that I don't understand. But moreso on my own psyche it's pretty difficult. If the end of the book isn't what I'm hoping it will be I'll be very upset. And the other main thing that bothers me, is that the book is so romantic and beautiful, and it makes me realise that I have never experienced anything of the sort in my life. And I really don't expect I ever will. Now if I were to play the blame game, I would probably place my wish to fall in love and have a great romance on my friend Natalie. Sorry, N-Babe...I'm not saying this is a bad thing but I wonder sometimes if I would actually be bothered by loves abscence if it weren't for the queen of romance herself. As I have alluded to before I consider myself to be a big ole puzzle. The big piece in the middle that is missing is my love and my soulmate, and everything will fall into place around that if only I could find it. And yet, it doesn't seem like it will fit perfectly even if I do find it. On top of this stuff a customer called me ugly today. On top of that I made a couple of judgement errors Friday night, so now I am left desperately trying to hold onto any remnant of positive mood. As anyone knows nothing quite bothers me like making a mistake. Ugly?? Imagine that, eh. I mean, I think I'm unattractive, but ugly my be a tad harsh. Certainly if you go more than skin deep I might be construed as being ugly. Mind you in that sense I could also be construed as being beautiful. I am nothing if not empathetic, I try my best and sometimes how much I care for others can affect me negatively. In case any of you wonder why I don't show my empathy much that would be why. But when it comes to myself I don't allow much 'self-pathy'. I'm not sure if there is a word for empathy of the self. I don't give myself a break. I care very little for myself and my value. In fact I value myself alot less than I am sure most of you would begin to think I do. So you ask the question, am I depressed? I would say no. This is the way I live my life, constantly in this purgatorey of mood, I am neither here nor there but I am more likely to fall then to ascend. So it goes.",1675646,0
5722,male,"I would like to start this blog by pointing out that my friend Laura is not nearly as bad a speller as she appeared to be in the comment she left after my last entry. In fact she is intelligent, beautiful, and all other nice things you could ever say about one person. Having said that however, let me add this special note to her: ""Seriously were you drunk or something when you wrote that??? I think we need to have an intervention."" Ahem...so yes...I have invented a few terms in my day. Wait, did I talk about ""Queek"" already??? I can't remember if I did. That is the term referring to a queer geek of course. Which thusly is a term I can use to refer to myself. So it was just Sunday, and I'm not in an utterly terrible mood. Although I was a while ago, and there's no telling how I'll feel when I go to bed and the sound of my brain kicks in. Damn brain. I believe that my own thoughts drive me nuts, but if I tried to share these thoughts, or if someone were reading my mind all they would hear is ""AFLAC!!"" I'm not actually sure what that joke implies or if it's even funny. Well I tried at least. I think it's about time I went to bed. It's another week. More potential for change. More likelihood things will stay very much the same.",1675646,0
5727,male,"I feel funny. Likely owing to the fact that I have yet to eat today. My parents always ask me whether or not I have eaten. As though I am not eating or something. I eat plenty, and plenty of the wrong food while I'm at it. If they are wondering if I'm eating then all one would have to do is look at me as I leave the bathroom after my shower with the towel on. Then you can see how utterly 'jiggle-rific' I have become. There's yet another term that I have made up. I shall add it to the Dane dictionary. I believe I am up to a whole page now. So this week I have been on vacation. I was also supposed to be on vacation this week however I agreed to work on Tuesday and Wednesday because they needed people. I had forgotten that Tuesday was my birthday, but I'm off at 4 so it really makes no difference. Usually there's a big birthday dinner. That's what my parents do for us kids...take us out to dinner. We don't give presents in my family, just cards and dinner. I like this arrangement. I am a much bigger fan of food than I am of sweaters that don't fit properly. This year however I really don't want to have anything. Mind you I'm pretty sure I feel this way every year, and my parents usually get me to do it anyway. This year I probably could have convinced them not to do anything...However my cousin whose birthday is August 12th is in town and so the families want to have a one night two birthday thing, and I can't very well say no to that. If you're wondering why I don't want to celebrate my birthday I'll run down as many reasons as I can. Although my head is sort of swimming with lack of sustinence I can try. I don't like getting older of course, that's everyone's generic reason. Another year lacking accomplishment, lacking improvement, lacking my self you could even say. I also hate people spending money on me. I don't feel deserving of it. Not when the money could go to much better use on either themselves or some charity. This past year in particular is nothing to celebrate. The only thing I can really take from it is that I'm still alive. That is a good thing, that I'm still alive. However that seems to be all I ever take from any year. I can never find solace in the fact that I am living. I have never learned to create my own happiness, and it seems so improbable that I ever will. So when it comes this time of year it seems that no matter what the coming year will always seem draped in utter futility.",1675646,0
5728,male,"Have you ever recieved news and for some reason didn't react the way you believed you should have. It's an odd feeling isn't it. I was told something today which I suppose I should be angry about but I'm not. I'm not sure how I'm feeling about it. So yeah...unfortunately my mood from the weekend has kept me from many things so far this week. In fact I have done absolutely nothing with my vacation time so far. In fact I have barely even left the house save for the occasional jaunt out to the deck. It seems like any control I had over my thoughts or direction has flown away....and I'm waiting for Charleton Heston to show up and shoot it down for me. Is he even still alive? The old bastard. I hate not knowing what to do. I hate that I've never had any goals. I hate that I don't know what makes me happy. Haha...well it seems I've gone back to the ole whining about my mental problems. It's the old stand by when there's nothing else to talk about since I've shut myself indoors all week. Which I'm sure is a metaphor for how I handle life...shutting in, never going out...getting carpal tunnel from sitting at the computer too long. Well, scratch the last one. Anyways...there's nothing new...continuing along the road of jagged rocks that we call life. I just wish I could find a pair of shoes.",1675646,0
5779,male,"I don't think I've been this bored and/or restless since 7th grade, when I was a loner... This is so lame. Plus, I think I've gotten myself a fever from somewhere or other. Oh, well. I'm just going to sit here and listen to music for a long time... Current Music: Rocky Horror Picture Show - Rose Tint My World: Floor Show/Fanfare/Don't Dream It/Wild and Untamed",3484466,0
5826,male,"Ok, the internet is working again, although it's a bit slower than usual. But it works! Hah! Anyway, yes. I suppose I'm just happy that it's working... Oh, I fixed the power supply deal, too... so, yes. Now it's back to the secret project... it's spread all over my floor right now, so it's hard to ignore Current Music: The Cure - Boys Don't Cry",3484466,0
5854,male,"1st time posting a blog.. only today then realised what a blog is.. haiz.. today i very unlucky also... went to sch without studying for my phy test.. then in the end sit the test pratically not knowing anything.. what worst is still get caught for talking.. really angry at that time.. shouted at the teacher.. slam the calculator.. scare most of my classmate.. i also don't know whats happening to me.. guess things change lei.. then when to mr lim lesson.. didn't teach a thing.. hold us back just to scold us.. say lots of crap.. still add a point ""talking during test"" and ask me to stand up.. haiz.. make me repeat what i said in the morning again.. rubbish.. but this time i more angry.. cos he don't know whats happening and still got the face to ask me stand up in class.. purposely run out of class and let him see me when he leave the class.. he shouted at me.. arG!! so angry.. i walk up to him.. stared right at his face.. tell a lie.. ha.. what i am best in.. how can he fight?.. he kept quiet and let me walk off.. i went to toilet.. get some ""air""... think lots of things.. lots of people call my hp.. kaori.. jiemin.. xing zhi.. really touched.. when i went back to class.. i realise actually kaori and xing zhi went to find me.. haiz.. told myself not to let them worry anymore.. then the worst happen.. fen told teacher that someone had difficulty breathing.. when i look back.. saw her lying on the desk.. immediately my brain scream to my body to stand up and rush over.. ha.. i can't.. who am i?.. i am just a friend.. sat there.. feel so helpless.. stared at him.. waiting for him to go over and ask.. at least i can hear what she says to him.. and know hows she feeling.. i waited.. he was drinking water.. feel like going over and just push the water bottle away from him.. ha.. all i saw was he drinking water and just look once or twice.. can't stand it.. but what can i do.. who am i?.. i walked out of the room.. when i return.. gp ended.. saw all the girls trying to hold her.. wanted to help again.. ha.. brain screaming to me to get over to her.. but who am i?.. look at him again.. waited.. saw him joking with other guys.. wondering how he can laught at such time.. heart so pain.. went for chem.. still.. saw her lying on the table.. felt something coming out of my eyes.. realise it was my tears.. can't stand lei.. heart so pain.. went out.. find a place.. no one around.. let those tears out.. when i return class.. she was still lying on the desk.. haiz.. can't concentrate.. lesson over.. didn't dare to stay in class to see how she is.. cos i don't want to see how close they are.. knew he will go over to her.. so scare to see that.. heart will hurt more.. immediately.. took my bag and went off.. haiz.. called back by my gp group. told to stay to discuss some essay thing.. went to class.. found both of them missing.. walk out of the corridoor.. saw both of them walking towards toliet.. ha.. glad to see her walking.. when she return with him.. didn't wan to see them.. hide myself behind rain.. crying.. again.. don't know how long.. i lift my heart.. realise both of them missing.. knew them went home.. but want to see her.. rushed out of the room.. and stand at the ladge.. saw them walking off.. so glad to see her walking.. i followed all the way.. watch them all the way till they leave.. heart so pain.. who am i?.. i thought.. as i stood there.. alone.. hee..~ so excited.. first time write blog..",4215047,0
5951,male,"Just got out of bed. Having trouble getting to sleep. Maybe a brain dump will help. My boss caled me about half seven tonight, the deals all done, I'm starting work in Bellshill on Monday. I know that it's full of good opportunies/people/cash, but i just can't think positively about it. The phone call took all the fun out of the night. Spent it perched on my bed watching TV, a film called ""Three to tango"", Neve Campbell is very cute. Had a few drinks to try and chill, but didn't help either way. Wouldn't it be excellent if one of the jobs I applied for hired me tomorrow, then I'd move to a new job and feel good about the whole thing. I always find job hunting a daunting task, and starting at a new workplace quite intimidating. But I never dread it this much. I like being quite a laid back person and hate to find myself moaning like this, just goes to show how much this is bothering me. Suppose I'm the only one that can do anything about it though. to be continued ....",4154732,0
5993,male,"i have to check the results every 30 minutes 'cuz i still can't believe it... daca, i hate agreeing with you, but you're right. just imagine what this accomplishment means to some of us that have been doing this now for sooo long! this isn't just an achievement for all the hard work this years team has put in, this is for all the other ruckers that have paddled somewhere along the way with us. i wish there was a way that i could thank everyone that ever paddled for ruckus without coming across as an ass that's just trying to rub it in.",3632466,0
5994,male,silver medal in the rec A championships!!! i still can't believe it.,3632466,0
6062,male,Member Since '82,3432056,0
6095,male,ME: Photo-portrait of a Guy.,3432056,0
6196,female,What if your banana is shaped differently?,3322647,0
6221,female,Man uses chalupa as weapon...,3322647,0
6251,male,"the young man's balcony overlooked the old woman's garden. thirteen perfect rows of tomato plants. two rows of carrots. a row of peas. she worked her garden early in the morning. she knew it was unlucky to come between the leaves of a plant and the afternoon sun. she went to do laundry at the first hint of a shadow beside her. the vegetables would be sold at the market in august. the money would buy wood for the winter. the young man noticed that the woman had allowed herself only one luxury in her garden, a thick round bush with dark green leaves. one day in june he looked down and saw a huge red blossom on the bush. by the end of the week there were nearly a dozen. he leaned over the rail and gazed at the bush. it stood against the garden fence, alone, apart from the rows of vegetables.* a week later, as the young man laid his laundry out, he noticed a pool of red petals lying in the dark earth beside the bush. the blossoms were as huge and bright as ever, but over the next two days the pool grew. the tomato plants held their light leaves up to the sun. the carrot stalks, shy little dancers, stood still and quiet. but the nearby flowers gave their petals up, not to feed anyone or to provide wood for a winter stove, but so that the young man would know what had been done to the old woman. during those weeks when the bush blossomed and began to bleed, she was nowhere to be seen. the young man went out onto the balcony each morning , each afternoon, and each evening. he looked for the old woman, then looked at the bush and wondered where she had gone. one morning he stepped out and saw that the flowers had vanished and the soil was dark and blank. the blossoms had been plucked off and every last petal lifted from the earth. there was no color left in the garden. every last trace had been carried away. *In 1893, the United States Supreme Court ruled that the tomato was a ""vegetable.""",3833794,0
6292,female,Politics give me a headache. And Bush's an asshole...according to Michael Moore. /review,2037801,0
6295,female,"""It is not easy to become beautiful. Beauty is in the eye of the beholder, and it may be necessary from time to time to give a stupid or misinformed beholder a black eye."" -- Miss Piggy",2037801,1
6303,female,"It's about a guy who eats a lot of McDonalds food and gets fat. Also know as the ""Biography of Michelle."" /review",2037801,0
6325,female,"smart-ass definition: (a.k.a. smart-aleck) 1. A person regarded as obnoxiously self-assertive. 2. An impudent person. Apparently I'm a smart-ass, and not in a good way. Apparently I say things off the top of my head to inadvertantly hurt people. I am so sick of being told what to do and where to go. I'm sick of living by other's rules. I'm in my thirties for fuck's sake. I'll do and say whatever the fuck I want, and if you can't take it...then fuck you.",2037801,0
6400,female,#1 ... grow up / grow old #2 ... study #3 ... listen to anybody's crap #4 ... be fat #5 ... shower,2466464,0
6466,female,"... fucked up beyond all recognition. Watching ""Tango & Cash"" way too many years after it's original release paid off.",2466464,0
6486,female,"jedi masters storm trooper me hitting on the storm trooper =0p my man and me this is nico, he broke the lightsaber and he had to buy it thus the face, $40 OUCH! lesbian time trish and me (acting tall)",2466464,0
6494,female,"australia, canada, czech republic, denmark, fiji, finland, france, germany, greece, ireland, israel, italy, japan, luxembourg, malta , netherlands, new zealand, spain, sweden, switzerland, uk",2466464,0
6501,male,My CD's Cover. ( It Rocks ),3248078,0
6534,male,"I Finally Got My Lap Top Today, Yeah! I Am Having Fun And Putting It Through Hell Seeing If It Will Break Down And Cry!",3483023,0
6537,male,"I'm Back & Better Then Ever, Ok.. I'm Tired, But I'm Still Better Then Ever! I Should Stay Home For Awhile, But I Am Eventually Going Back To Crescent To Spend TIme With Some Other People. I Am So Tired It Isn't Funny, I Could Proably Lay My Head On The Desk And Go To Sleep, But Sleeping Is Just A Waste Of Time!",3483023,0
6540,male,"Hello World, I Did Just About Nothing All Day Long! I Am Still Waiting On My Report Card Which I Have Decided Is Not Coming! I Was Informed From My Dad What We Are Doing For The Next Few Weeks, Boring! I Guess This Saturday I Get To Go The A Rodeo, I Am Not Excited About That Really, But I Am Excited About Seeing My Cousins. I Haven't Seen Them In Over A Month, Kinda Miss Them! Ok.... I Am Anxious On Getting My Report Card Because If I Get Straight A's I Get A Lap Top (aka Notebook), So That Is Why I Am Massivly Over Concerned About My Report Card, I'm Not Crazy..... I Promise! I Am Almost Positive I Will Get Straight A's But Like Any One Else Would Be.... I Am Nervous! I Am Almost Positive It Will Come In The Mail Tomorrow, But With My Luck, It Won't....Always Can Hope!",3483023,0
6544,male,"Today We Didn't Do Much! We Watched 'Confessions Of A Teenage Drama Queen' I Can't Say I Would Recommend It To Anyone. The Movie Was A Good Hour And A Half And It Was All Pointless. Another Reason I Wouldn't Recommend It Was Because 'Linday Lohan' Sings At The End, And NO ONE Deserves That Kind Of Torture!",3483023,0
6639,female,"I can't stop drinking milk, and I'm already over my allocated points... Damn iiiiiiiiiit. Points for 26.10.: 24 / 24",1054833,0
6644,female,"I've invited sister T to join the dieting effort, as she was complaining about weight in her own sarcastic way while I was over... Go on, dare her to join the league of darkness!! Oh, wait. Oops, I have mixed up my speaker notes. There is no league of darkness, and if there were, it would most definitely not aspire to conquer the whole world. Just innocent dieters here. So anyway! I've started drinking milk again by the carton (about a litre per day!) and I expect this will show in the points soon too... The points for the beginning of the week are way over the top again and I fear tomorrow's result will be more than a little depressing. *counting points* Points for 20.10.: 35 / 24 [rice pies - my downfall] 21.10.: 24 / 24 [that was an accident!] 22.10.: 28 / 24 [yeah OK, so the bag of sweets tipped it over again]",1054833,0
6774,female,I feel a little lonely here. Where's everybody gone?,1054833,0
6775,female,"So I finally cracked. I barely lasted a week! But how could have I resisted a bag of Panda liquorice? The queue was stuck with me right next to a whole pile of them... Torture! I didn't eat the whole bag, though. And I am going to the gym today. Besides, I figured that I deserve to eat some every once in a while. As long as I don't make a habit of it. That way, I reason, every mouthful is an even bigger pleasure. Back to the gym today.",1054833,0
6826,female,"My home town is growing at an alarming rate. This place was once a peaceful village; a mile and a quarter from Stonehenge, and just at the eastern end of the Woodford valley. As children, we would disappear into the fields for hours, exploring old buildings,especially the closed railway station, and sit at the end of Boscombe Down airforce runway, shrieking as giant transporter planes roared a hundred feet overhead. I remember spending hours watching Vulcan bombers fill the sky with noise and their giant foreboding shape. The walk home across the fields was beautiful at sunset; owls swooping silent and low over the corn, and deer dashing off as we rounded the edge of the field and made our way through the coppice on the brow of the hill. The village would erupt into colour each spring; the woods and riverside absolutely teeming with wildlife. We would spend hours down there, hunting for crayfish and seeing who could spot the big Pike lurking under the bridge at Ham Hatches. It was said that a boy was once pulled under by this fearsome fish; which was ""at least a hundred years old"". My grandfather, bless him, was in his 70's and still cycling around the village, tending gardens and stopping off at The Greyhound for his pint of ale on his way home. He'd meet his friends on Sunday mornings,and sit watching the world go by on the solitary bench by the post office. They'd swap stories; some true, some like the story of a certain large fish. I remember when the new 'A' road was carved through here. To me at nine years of age, the hulking Caterpillar diggers and loaders were awesome: bright yellow monsters hauling tons of Wiltshire chalk and clay out of the ground, and grumbling along the tracks with their massive wheels. One rainy afternoon,I had to be pulled from deep mud on the site, having tempted my friend J there to see the behemothic engines. One of my favourite views in the world is the sight from the top of the Beacon Hill, as I look down and see the village surrounded by green fields and ancient woodland, burial mounds, and trackways used for thousands of years. Now villagers, conservationists and heritage types are battling it out over the merits of routeing this road through a tunnel to protect the five thousand year old monument.Huge retail and trade parks are springing up and scarring the landscape. The village is now a bustling town; populated by forces families, business park workers and a small number of people who still work on the land and surrounding country estates. The flea-pit has gone. Grandpa's bench is no longer. ""Progress"", they say. As for the Pike, he still lives on; being at least one hundred and thirty years of age by now. I still pass by the bridge; and peer down amongst the reeds, hoping to catch a glimpse as he lurks there. *** Ian is of a certain age when dealing with ear-hair can seem too much of a priority. He would secretly like to wear a cardigan and slippers. He thinks writing is the new black.",1054833,0
6836,male,"If souls do exist in a Judeo-Christian sense, do they have a gender? Christians like to say that ""all men are created equal"". This could mean many things, though obviously it does not mean that all men (and women) are literally equal. It could mean that all people are physically human, or it could mean that all people have human minds and souls, or it could mean both.   Are souls, then, equal, or is there some intrinsic difference between the souls of men and women? If there is no difference, that souls just happen to be attached to bodies with gender but don't actually have one themselves, then when two people bond spiritually, it is a genderless bond in the eyes of God. If this is the case, then homosexuals can be married in a spiritual sense.   But what if there is a spiritual difference between the souls of men and women, what if souls do have gender, and only souls of opposite gender can join in spiritual marriage? This would seem to be a strong case against gay marriage except that there's no guarantee that the gender of someone's soul will match the gender of their body.   It is impossible for any of us to be sure that the gender of a person's soul matches the gender of their body. In fact, there are many fringe cases where a person is born with the reproductive organs of both genders, and other cases where a person has neither. Does this mean that their soul is similarly botched and confused? If we allow that the gender of a person's soul does not necessarily match the gender of their body, then physically homosexual people can be spiritually married in the eyes of God.   The only perspective that would refute God's sactioning of gay marriage is the perspective of souls with gender matching precisely bodies with gender. If you happen to be one of the fringe cases, that's tough luck, life isn't fair (even though you're supposed to be as equal as others in the eyes of God).",3625961,0
6852,female,"Hi All! I'm Tanya Wooley - the Office Manager for the Central Australian Remote Health Development Services (CARHDS) in Alice Springs. We are an Aboriginal organisation that provides in-service education to Aboriginal Health Workers and management in remote Central Australian communities. I have just been offered a late inclusion into the 2004 Flexible Learning Leaders program! My aim is to promote and initiate change, share knowledge and develop networks which provide flexibility and innovative approaches to learning with the emphasis on ICT and remote delivery to Indigenous participants. I am particularly interested to increase my understanding of appropriate methods of education for remote Indigenous communities and to explore the role of the Chief Information Officer in order to facilitate effective Knowledge Management systems. Some of the ""flexible"" CARHDS team members Posted by Hello Tanya Wooley - FLL 2004 Posted by Hello",3571773,1
6855,female,"I am investigating the new software online communication tool - Skype. Skype is free and simple software that will enable you to make free calls anywhere in the world. Skype uses P2P (peer-to-peer) technology to connect you to other users - not to share files this time, but to talk with your peers. You can talk to up to 5 contacts at a time. How do you think Telstra and Optus will respond to this? Have a look at the download site - www.skype.com Anyone interested in trialling its use with CARHDS? Please let me now. I successfully held a 3 way conference easily and effectively using the program within our offices on recently. Skype gets the thumbs up in Central Australia!! We would be able to exchange documents via email, surf the Web and chat simultaneously! Talk about multi-skilled! In relation to our client group - remote Indigenous participants - this tool could be an appropriate communication method. It doesn't rely on Literacy levels where people feel ""shame"" to type into forums where their poor literacy is there for all to see. AND - people would be able to speak in their own language! IT skills are still a basic requirement but I was impressed that as an alternative to the text version - a visual step by step installation guide is provided on the Net. I needed to tweak my microphone settings before the audio was loud and clear. Motivation. If a sound rapport is established prior to implementation and clients are well orientated to the technology - I am confident they would see the benefits of using this program. I have suggested to my Flexible learning Leaders Special Interest Group - Remote and Rural - to utilise this communication tool.",3571773,0
6859,female,"For the first time I experienced an asynchronous online conference. What is an asynchronous discussion? This is where participants contribute to a conversation over a period of time, ie not at the same time. For example web forums and message boards as opposed to synchronous where participants contribute to a conversation ""live"", - like chat programs and email. I found the whole experience VERY text based. You were required to read huge amounts of text documents and then respond to questions posed against these papers. The conference was to provide current thinking, practice and discussion in: * Knowledge Management * Information Literacy * Information and Communication Technology * Evidence-based Practice I would be happy to distribute the summary of my experienceif anyone is interested. just post a comment to this board and I will email to you.",3571773,0
6863,female,"Adelaide 5-8 July 2004 This conference is aimed at educators with a passion for improving student learning outcomes through the use of Information and Communication Technologies. Conference themes include: leadership and change, innovative pedagogical practices, thinking skills, life long learning, ICT in learning areas, Indigenous learners and technology, access and equity, e-learning, virtual learning communities, learning agents, IT/computing studies, information management, networks and infrastructures.",3571773,0
6894,female,"December 18, 2003 Springfield man killed in crash A D V E R T I S E M E N T All State Real Estate VIEW FULL AD AZALEA -- A Springfield man was killed in a collision on Interstate 5 near Milepost 88 Wednesday afternoon. Ronald Allen Doer, 33 , was a passenger in a 1986 four-door Honda Accord driven by Gwen x, 17, of Roseburg. At about 8:20 p.m., the southbound Honda passed a 2003 Freightliner tractor-trailer driven by Clarence , 64, of Central Point, and went out of control, according to an Oregon State Police release. The Honda struck the guardrail and angled off into the front axle of the semitruck. The Honda was dragged underneath for several hundred feet, the report states, before the commercial vehicle could come to a stop. Doer, who was wearing a seat belt, was declared at the scene. Hull, who suffered minor injuries, was cited for driving under the influence of intoxicants and additional charges are pending. A second passenger, Reed 17, of Glide, was taken to Three Rivers Hospital in Grants Pass for a broken foot, according to OSP. The hospital nursing supervisor said this morning she did not have a record of Reed, who was not wearing a seat belt, being admitted. The incident remains under investigation.",3550120,0
6926,male,"I had half a day annual leave yesterday to attend a meeting in Stafford about computer strategies. Following that I went straight to football practise, then once home, it was time for tea and housegroup. Busy, busy, busy. By 22:00, I was totally shattered and went to bed looking forward to getting loads of sleep. How wrong I was - another night of disturbed sleep. It's not because I'm lying awake thinking about things though. I just can't sleep. I'm sure it's to do with the medication, but the doctor won't give me anything at this stage, preferring to get me to exercise. The theory is all well and good, but today I am totally shattered and can't concentrate on my work at all....Oh well!",3532367,0
6984,male,"I managed to sleep until 4am last night, then spent the rest of the night being restless, which is progress on last night - hooray!",3532367,0
7017,male,"I have a department here that has been giving me grief today. I used to work with them and there are very complicated public sector political links that are too deep to go into here, but basically I have been playing piggy in the middle all day. They put a call in, I am told by my director to close it and refer them to the supplier, they contact supplier, supplier says they need to speak to someone in IT. Director says close it - supplier can send someone in to cover it under their agreements and the circle continues, with me just being the political pawn. Interestingly my director said ""well you can handle it, your robust."" To which I replied with a one liner about being delicate. After we had finished the work discussion he went digging for more info on my one liner, so I admitted to him, very bashfully, that I had been diagnosed with depression and that I was on meds, not sleeping and up for counseling and further referral. I also mentioned my lack of concentration and having to take things one day at a time. He asked what the cause was, and I said I wasn't sure at the moment, but put the trigger down to the difficulties I was experienced at work when I moved department.",3532367,0
7018,male,"""I am not strong enough to do anything about it and I dont think you are either, so it looks like we are going to be unhappy for the rest of our lives."" Said Sandra. She continued ""Yes I have been like it since we got married. I begged to have you back (we split on the run up to our wedding), I got pregnant (during the making up process) and I agreed to things I didn't want just to keep you. I have done ever since....we have never been a happy house"". She is not strong enough for Relate or to see the doctor as she doesn't want to humiliate herself again. ""It's too soon, why can't we just sort out the money side first?"" She said. ""I don't want the pain agiain, it's not something I am brave enough to do like you.""",3532367,0
7136,female,"May 31, 2004 It's time to move on. Being here was good. I've dumped the stress, recharged my batteries, seen my siblings and now need to move. It wasn't as tearful as NH. I think because I don't see them all the time, plus I know I will see them again. By then, all of us will be different. Stopped at Niagara Falls. I haven't been there since the summer Bidi (our exchange student from France) lived with us. Tom and the kids had never been there. We made Sean do some reading on the Falls and then math problems. It wasn't as big as I remembered, but still awe inspiring. We first saw fog swirling around. I didn't think too much about it because it was raining. We almost bagged it because of the rain, but didn't know when we would be in the area again? When you get out of the car you became aware of a low rumbling noice. As we walked on, getting wetter and wetter, the low rumble became a dull thunder. We first saw the river on our left. The flow was rapid and sent a chill down my spine thinking of one of the kids falling in. If you looked forward you saw the earth fall away and the decible of the the rumble again increased. Looking over the edge you saw the water tumble over the cliff, sending white mist out while forming a green veil that covered the rocks behind it. It was beautiful. The maiden of the Mist was circling below. She looked small and frail compared to the Falls. I imagine the sound echoing off of the cliffs on either side, must have been deafing to the people on the boat. From Niagara Falls we headed into Canada. The landscape was testbook perfect of the Canadian plains. Flat, with field after field of swaying wheat, and remote farm houses. Crossing into Canada wasn't a problem. But we learned that returning to the USA wasn't going to be as easy. The returning line at five o'clock on Memorial Day must have been 2 miles long. I tried to keep positive playing geography games and giving the kids candy for correct answers to questions. It still took two hours to go the few miles to cross the Ambassador bridge from Windors, Canada into Detroit, Michigan. The wait in line through costoms was hard for the kids, but for the most part they did really well being in the car today. We only went 426 miles but it took a long time. Let's see how well they are tomorrow.",3528891,0
7146,male,"Today has completly sucked! I had an English exam in the morning that was 1hr and 45 mins long and i think that i did ok. When i got out of the exam i meet all ma friends out the front of the skewl and waited for ash who we l8r realised was not at skewl. Chiraag said that he did the test wrong and every1 laffed at him, but i did not and i was the only one that shew ne concern towards the problem. L8r when i was having a good chat with chiraag on da net he suddenly started shouting at me for no reason and said that i was a bad friend and a load of other shit. I then threw my fone across the room after going offline, it is now broken and i cnt contact robyn :(. I then went back online and gave chiraag some shit bck cos i was so mad, i said that he had ""fucked up the last 2 yrs of ma life"" which is total crap cos i know tht i cldnt survive with ppl like him around me. I am now rly scared cos i dnt think i can get him bck and he has bloked me :(.i am now crien cos i wnt 2 b friends with him cos i love him 2 bits as a friend. I am now derpresed and pissed of with maself cos i must have done something to make him angry but i cnt think of wat it was, aand i rly wanna say sorry :(. so CHIRAAG I AM REALLY SORRY ABOUT EARLIER I WANT YOU BACK AS A FRIEND :D",3438528,0
7165,female,"Never mind hackers and other evil entities in cyberspace. Never mind the slings and arrows of internet idiocy. I wonder what I might do with a fresh start and more anonymity than I am able to maintain in another place, where in the rush of newly arriving in the Land of Online I ran madly about, making ""friends."" It is nearly impossible, I think, for most human beings to present themselves honestly. It seems to me that most people are either grandiose or self-deprecating. I tend to both extremes myself, and no; I have never been diagnosed with bipolar disorder. Just now, what I wonder is how honest and simple a record I might manage to keep. This seems like as good a place as any to try that out. With all names changed to protect the innocent, the guilty, and all those gorgeous shades of gray between.",3646639,0
7229,male,"Rosie: how entirly horrifyinhly sad. Laura: cookie dough! Rosie: murph. Wheaton Squier: i think my family is all done now Wheaton Squier: *gone* Laura: ??? Rosie: all done what? Laura: ah Rosie: in the oven? Wheaton Squier: they went away Rosie: grahh! Laura: what? Rosie: see, rosie going crazy Wheaton Squier: i am alone Nathan Tremmel: have you like slaughtered them or something? Laura: why is his family in the oven? Wheaton Squier: WHAT? Rosie: is it slaughterhouse 5? Laura: cannibalism! Laura: he's cooking and eating them! Rosie: yummy! Wheaton Squier: this is crazy Laura: you noticed? Rosie: indeed Rosie: like me. Jeni: save the whales, everybody. Jeni: save them! Laura: yes yes Rosie: *saves* -Nate A.K.A the incenerator",2397640,0
7277,male,"...i have a blog. Finally. www.mischief16.blogspot.com . go there, link it, have fun. do your thing. Luvs to all,",2397640,0
7281,male,"there was an inch of snow on the ground when i woke up this morning. on saturday (that would be THREE DAYS AGO), it was 80 degrees out. we love vermont! wheeeeeeee!",2397640,0
7283,male,"So I hava a question for youse-all...do you think people can share dreams? like, if you dream about someone, are they sharing that dream with you? So, if you had a dream that you and.....uh, huh...ok, Betty Crocker...(hahahaha! How great! so random!) were baking brownies together, would Betty Crocker be sleeping in her bed, dreming about baking brownies with some freak, AKA: you? Just a though I had. I'd like some feed-back. Thanx.",2397640,0
7285,male,"Ok so here is a question, I appreciate all replies. Have you ever been in love, and how many times? Was the other person i love with you too, and which times? What is being in love? Do you think a person can be in love more than once, or is there one special someone for everyone? Elaborate, I just wander what your guys opinions on this are. Thanks! Oh and did you want my answers, if anyone does, say so I'll post mine too.",2397640,0
7297,male,"*bangs head against wall*grrrrrr, it won't get better, ahhhhhhhhhhhh",2397640,0
7389,female,Why is suicide so bloody difficult?!,2684250,0
7450,male,"IN BETWEEN SMART AND WISE  | YOU AND ME ARE ALIKE   I was talking with my friend who is about to have a little baby girl.  In fact, in a matter of mere days he will be both a husband and a father.  We were talking about the interesting times we live in.  This period where you still feel like a kid, but are forced to walk like a man.  Babies, wives and that primal need for a grill in your backyard.      We both spent our time after high school trying to get smarter.  We read, conversed, took it all in.  We believed that's why we were here.  To get smarter and experience life.  Then, it happened.  We created a life.  After that,  you go through this period where you realize the difference between smart and wise.  Then, out of nowhere, you've got a whole new goal in life.    Not that the two pursuits aren't similar, it's just that I look at them this way.  To be smart is to embarrass your entire family during a game of Trivial Pursuit by handily defeating them despite their best efforts to team up against you.  To be wise is to know what to say to someone who has just found out their husband has cancer.    While I'm nowhere near wise yet, I hope I get there someday.  I know I may not be the smartest person I know, but I can hold my own.  I just hope that when my day comes, I'm able to leave my son with a few words of wisdom that help point him in the right direction.   Another thing we talked about was the revelation you'll stumble upon early on in child rearing, that your parents were totally fuckin' winging it .   You spend your formative years believing that your parents knew everything.  They had an answer to every question you asked.   Then, you become a parent and those questions start getting asked of you.  When you don't know the answer to why the sky is blue, you just make up shit!  It's unbelievable.    ""Don't sit so close to the TV, you'll go blind.""  Bullshit.  ""You shouldn't swim for an hour after you eat.""  Bullshit.  ""If you're not good this year, not only will Santa not bring you any presents, he'll kidnap you and put you to work on the North Pole making toys for the good kids.""  Ok, they never said that one, but the point is that they were the same age we are.  They knew roughly as much as we do.  They had the same dreams, thoughts, and worse yet, financial shotcomings as we do now.  They wasn't any owner's manual or special Magic 8 Ball, they were just winging it.    I guess when it comes right down to it, I hope we do as well as they did.  ",3789742,1
7499,male,"I heard of the results, shocking, definitely, i never thought i would be in the weakest few, but i was to learn i was not, i overperformed? what kind of bull is that? can a person be penalised for being to good? obviously. Not in because they had a person in mind for president and if i was among the few they were worried mrs.neo would pick me because of my speaking skills and the way i handled the interview,so they killed the threat before it could do anything. Despicable, not really politics is after all a dirty game, but i am truly disasapointed, because they have revealed that they have their own agendas, to accomplish and are treating the whole selection process as a mere formality. I cannot do anything about it accept question whether after so much investment, had i chose the right group? was i actually promoting deceit? I am sorely dissapointed at the way we have decieved and (remember wha ti said about an ellaborate joke?) i ,well i not know it is quite true. May the next president be stronger and more willing to step forward and run the council. I am not condeming the current three but the system which stiffles people into making it a day to day thing, circumstance makes us what we are. Good luck to the rest running espeacially you, Love, byron",3989994,1
7651,female,"To be perfectly honest, i dont really see how you can study for the AP test. I mean, of course you can review grammar and rhetorical strategies and how they effect one's writing, but i dont think it's worth getting overly stressed. Be confident in the knowledge you already have; we've all been preparing for this since the first day we signed up for AP -- just do you best. For me, I'm planning on going in on Monday with what I know...that's all we really can do. You know what you know, and as long as you try your best, that's all you can do. So dont stress out too bad. Just think, by noon on Monday, it will all be over! Kailie",2828231,1
7656,female,"I feel this is a great article that everybody should read: Segregation no longer black and white New issues fifty years after Brown v. Board decision It supports some educator's arguments that today's schools are actually as segregated or even more segregated than ever. Segregated for a variety of reasons: huge discrepancy of wealth, economic gap, culture differences, community separations, and continued racial problems and misunderstandings. This culturally, economically, and racially segregated school systems in turn shows up in the huge differences in the ""standardized"" testing scores. This problem really boggles those ""No Child Left Behind"" testing conformist's mind and is a threat to their ""everybody conform to the same standard"" ideology. I would like to hear everyone's arguments and opinions on this issue. Thomas Chen",2828231,0
7660,female,"Hello! I'm so pleased to see you all carrying on such a lively conversation; you're informed, you're responding to each other, and you're connecting all kinds of ideas and subjects. Literature leads to culture, which leads to politics, which leads to a need to communicate civilly, which leads back to writing and literature. Truly, you folks are the kinds of students teachers dream of when they first go into teaching. I also appreciate your feedback about what is happening in class. Concerning discussion...this has come up before. Those of you who are participating feel like we are in a rut, as if you are dragging many unwilling--or unresponsive--bodies along with you. Speakers and non-speakers become entrenched in their roles, and soon, class is predictable. Boring. So why have I allowed this? Part of my role as a teacher is to facilitate, to push students to do what they would not be willing to do on their own. I have a preferred style, though, that is based on respect of students' choices. I find it very difficult to make a person speak if he or she is not willing. Why? Some people are painfully shy, and to be made to speak causes that student to suffer. I would like class conversation to work like it does at a good dinner party, where people speak because they are interested and engaged. I give all of you prep work, and I make the assumption that if you have done the work, you have the tools to speak. And I expect you to be motivated enough--courageous enough--to conquer fear of a large room and state your opinion. Perhaps this is idealistic of me, yet this is what democracy depends upon. In the way we have a large group of silent people, our class is echoing a societal trend. Small numbers of people bother to get out and vote; small numbers of people in class participate in discussion. What do we do? I could be an autocrat and put people on the spot, giving ""points"" to those who have an anwer. Is this the role of a teacher? Is this what you want class to look like? Feel like? Do you want speaking aloud to be connected to rewards and punishments? To take this analogy further, should we somehow punish people who choose to avoid their responsibilities as US citizens? Dock their pay if they don't vote? The classroom is a special place, though. It wasn't until extra credit was offered that any of you chose to participate in the blog. So what to do? When leaders are organizing activities, one of the things they know to do is to invite specific individuals to participate in the group. All of you who participate in this blog participate in class, also. By speaking aloud, others will see you as class leaders. If you want to maintain a democratic classroom, where students feel like equals and I am not treating you all as minions, what if you were to start inviting other students to respond? Why should I be the one to ask questions, just because I am the teacher? Don't you all ask questions of each other when you are in small groups? What if you start doing this in a large group? Who do you want to hear from? Ask that person a question, draw them in. What kind of encouragement/lessons/announcements (if any) do you need from me to help you take a more active role in making discussion work? I have been in classes before where one of the ground rules for discussion is that no one in the room may make more than 2 comments until everyone has been invited to share something with the large group. We could do this if you'd like. It can feel contrived; however, if you want to change the dynamic of class, this is a system that can help encourage change. What do you think? Mrs. V-A",2828231,1
7687,female,"During the group descussions today in class, my group noticed something very interesting. I don't know where i'm going to go with it, but i thought i might throw it out there anyway. Our group was talking about Night, and we were busy discussing how horrific/depressing the book is when we heard a neighboring group mention how someone in the other book had lost his pet mouse and therefore all the joy in his world. We went kind of silent for a minute and looked at each other. How does a mouse compare to the Halocaust? And then we just went back to our discussion. But i've been stuck on it all day, and i think that our reaction has as much to say as the juxtoposition of the books does. And i think that it all has something to do with the human ability to completely ingore huge, world changing events (or the inability to understand them), like the halocaust. I'll let the great Eddie Izzard make the next point: ""Pulpot killed 1.7 million people, we can't even deal with that. I think we think if somebody kills someone, that's murder, you go to prision. If you kill 10 people, you to to Texas, they hit you with a brick. That's what they do. Twenty people, you go to a hospital, they look at you through a small window at you forever. And over that, we can't deal with it, you know? Somebody's killed one hundred thousand people, we're almost going, 'well done! well done, you killed 100,000 people? You must get up very early in the morning. I can't even get down to the gym.' ...So i suppose we're glad that Pulpot's under house arrest, at least we know where he is. Just don't go in that house, you know?"" Some people would probably say that we find little ways to deal with huge or horrible things ...like pet mice. But i think that we just completley ignore them. A revolution in Haiti? Ten thousand citizens dead in Iraq? Ariel Sharon pulls out of the West Bank? Terrorists attack Madrid? Oh. Okay. ...Did i leave the iron plugged in? God, my boyfriend's being so annoying these days. Do i look fat in this shirt?... Nevermind the 25 million people that die every year from hunger. Or the 34.3 million people who are looking a little skinny since they contracted AIDS. I'm not suggesting that we should think about this all the time every day, but it is valuable to be reminded every now and then. So yeah... I'd put some sort of conlcusion on this... but it'd be way easier if people posted responses (seeing as you all completely ignored my last post) that i could then steal ideas from. -Beck",2828231,1
7688,female,"I just have to mention the observation that as if 7:02 April 13th, we have two distinct ads on top JUXTAPOSED to each other. One about ""supporting the loving conservative BUSH administration"", and the other ""Support Anti-War movement"". Kind of hilarious. Yeah if you haven't figured out, Google (the owner of blogger), periodically ""reads"" your blogs and accordingly put appropriate banner ads on top. So our posts about drafts, holocaust probably caused google to put those ads up. And Megan, that quote there from Night is really insightful. Especially the part of ""if we forget, we are guilty"". (That's why history, historiography, and historical literature is so important). And finally Rob, to bring up that draft thing into perspective, it was actually two democrats who first initiated the plan. They think it would ""democratize"" the army system. Because they think it's not fair for a special group of people to fight. And of course many many Republicans support their plans, it helps them win their ambition of occupying Iraq. But yeah, there is some level of extremely scary muti-partisan support of the draft in the congress right now.",2828231,0
7734,female,"Hey Rob, I am going to start As I lay Dying tomorrow, I'm not sure if we will have any more time for discussions, but I would certainly love to talk about the book. Discussions are great, as long as people are interested in talking about a book. I personally recommend everyone to read ""Fountainhead."" Every time I come back to reading this book it elevates me to a totally different level of understanding of life, it's so crazy, it's like a philosophy book but the only philosophy is in the lives of the people that are in the book, I mean it's just great! You have to read it, there are no words of explanation for this masterpiece. People ""die with every day that passes. When you meet them, they're not what you met last. In any given hour, they kill some part of themselves. They change, they deny, they contradict - and the call it growth. At the end there's nothing left, nothing unreversed or unbetrayed; as if there had never been an entity, only a succession of adjectives fading in and out on an unformed mass.""",2828231,0
7741,female,"I personally think everyone should congratulate Rob for his 2nd place at MUN this Saturday! He really did a great job and it is thanx to him that our team got all the first places:) And I invite everyone to join our club, you never know what hidden talents you have. Going on to Gatsby, I see the irony of Gatsby's ""friends"" not even coming to his funeral and the fact that his beloved Daisy runs off and he has to pay for her mistake with his own life. The scenes of the party in his house are truly what the 20s were like for the elite and give me just a general visual of pigs partying in dirt, a feeling of disgust. Also disturbing is the fact that Tom's mistress Myrtle is like that puppy he bought for her on the street, and that he can throw her away as easily as that puppy. I loved the description of women of that time as elegant and mysterious which then created a special contrast with their greed for money and superficial expression of love. I mean I see a lot of themes going on in the book and they are quite obviously related to materialism, but it feels like there is something missing in it, like it's too easy or maybe I just expected too much from the book after hearing all these great things about it. I liked the book, but I don't feel like it changed my life or like it is a masterpiece of literature.",2828231,0
7759,female,"Wow, you two must be taking the AP French test also. Congratulations to you two for surviving two AP tests in ONE DAY! That double test experience must've eclipsed any academic strenuous activity you've ever accomplished in your life. I can't even imagine how I would survive because I just went home and slept. For me, the continued stress hormone pumper is still pumping strong doses into my brain, for I have four more AP tests to go, three MORE this week......Yeah I'm begging myself that hopefully I can survive like you guys too.. And have a happy stress relieving time in English class the next two weeks!",2828231,0
7762,female,Thanks Thomas for providing that site. SOAPS is where its at. ~ Frank,2828231,0
7781,female,"What's every person here thinking about Clark's party? It'd be cool, and I'll certainly enjoy sending her off. I liked having her as a teacher. I'll miss VA more though (if you're reading Mrs. VA, someone's paying me to say this). It's been great having her two years straight and seeing my writing grow, as well as having her watch the progression and help me through it. I know that there's some of you who've had her for three years and are ready for a new teacher, and I see your point. I find it interesting the difference between last year and this year. It's a difference which struck me when I was looking for stuff to write my PDP's on. I'm glad how she conducted the class this year; it was very worth while. Poor Alex is right here next to me. It's Clark's 2nd period, and she still can't access either one. I'm guessing that all of you are very ready to just leave. The will to work is leaving, and I really just don't want to do to much. I'm ready to hop that plane to Germany, head off to my summer concerts, not as ready to do side work (but will somehow), and just slide into next year. It won't be so easy, especially all this college stuff, but I'm ready to start anew with senior year. I really just want to throw away all the college stuff that isn't Washington; I'm not really interested in leaving the state, and I'm even less interested now. It's not smart to trash the stuff yet, but sometimes I don't want to be smart. Anywho, I'm going to check scholarships or the US blog. Till next time - Adios and God bless. Tristan",2828231,0
7962,male,"Music has been very good to me. As far as my bandmates, that's a different story. My experience with bands has reinforced my belief that nobody on the face of this earth should be trusted. Being as blessed as I am, I try to shepard the weak through the valley of darkness in the shadow of death. But, the weak are also prone to bite the hand that feeds them due to their greed and lack of compassion. I admit my weaknesses, but I embrace them rather than deny they exist. My partner Jon from Code Breaker told me today that I'm selfish. w He said he has a friend who needs to get their computer fixed and that this friend was willing to pay $100 and that ""we"" could split the money. I was like, ""We?"" I would be doing all of the work, so there is no ""we"" when it comes to working on his friend's computer. So, I basically told him that he needs to put himself in my shoes and he said that I'm being egotistical and selfish. Well, so much for being in a two man band. That's all I have to say. Hmm.. I guess the selfish guy that shared all his computer programs and music samples has to go off and do his own thing now. I'm the selfish guy that always whines about his problems and complains about every single person in his life and then smiles when those very same people are in front of my face. Yea, that's me. No wait, I think that's someone else. I'm the selfish guy that meets people and lies about the stuff I own to make myself appear to be better than the person I'm talking to. No wait, that's not me. I actually do own the stuff I claim to have unlike some people and I don't talk about what I own a lot because I'm not a show stoppin ass gum bumper. I guess I just have to stop sharing from now on since I've been so selfish. Isn't it ironic? That's the funny part. I don't mean to sound like I'm full of myself, but I don't need anyone to make it in this music shit. I don't need anyone to hold my hand and download computer programs for me and install them. I don't need anyone to find samples for me. But, Jon does. Before he knew me, he was making music using a Casio keyboard from 1984. He can go back to making the Revenge of the Nerds theme song without me and then we'll see who was the selfish bastard that helped him out when he needed it. Thanks to me, he won't have to and you know what? He doesn't get it. And to think, I did this all for Jon and the thanks that I get is being called egotistical after I refuse to fix his friend's computer and pay him for work that he won't lift a finger to do? He's lucky that I just argued with him over words and left. If this was the old Doug, I would've socked him in his mouth for disrespecting me like that. All this time I've been helping this guy out, he's been thinking that he could earn off of me. Nobody banks off of me except me. If that's being selfish, then fuck everybody. As if my life hasn't been anymore fucked up these days, I gotta have my band partner go turn two-faced on me. It's all good because this is all a walk in the park for me. I've lived through worse and I've seen people pull a lot more sketchier shit. But, now that I look back, I should've known not to trust Jon the day that he admitted that he was jealous of me. He was jealous of the way my music sounds and the fact that he doesn't possess what I possess. Jealousy is a muthafuck. But, the music is still good to me. It sounds better than ever and it's not going to stop.",623831,0
7975,male,i think i did it again My Weed smoking song,623831,0
7977,male,my little studio,623831,0
8119,female,"Walking up the oh-too-familiar Van Ness Avenue, checking out the nooks and crannies of Polk Street, and rediscovering the perpetual sea breezes all around me no matter what time of the day it is...that is the sweetness of San Francisco, my hometown. Leaving it after a blissful weekend, for Los Angeles for that matter, was surprisingly much more difficult this time around. My sister was putting the Maroon5 CD on heavy rotation as we drove along the 5, which slowly led us to the infamous 405. The minute we saw the signs for Anaheim-Los Angeles my relaxed face began to fade, transforming into a tense stare, out at the repelling loom of smog ahead of us. Being in San Francisco allowed me to see all that I had taken for granted while I was there some four to five years ago--the small mom and pop business, bookstores named after cute objects or phrases [such as Acorn Books, Great Expectations Bookstore, and my favorite: A Clean Well-Lighted Place For Books], the Victorian houses--ya know, the ones from Full House, the clean air & water, and even the unbelievably impossible-to-run-up-without-looking-like-an-idiot-that-has-his-feet-stuck-in-tar hills. All of it. The joy. The sorrow. Oh, the memories...",3698145,0
8152,male,"So, this is the first time I have ever posted something. Been thinking about a lot lately, so this might seem to be pretty random. Things are changing all around, but I don't really think any of it is really going to make much of a difference. Out with the old, in with the new. New managers to work with at work. New owners to work with at work. Everything is new at work, except for me and what I do. Show up, talk to agents, managers, publicists, local bands, local press, etc. Book shows, promote shows, settle shows. It's almost getting to a point where I feel like I am going through the motions. I don't get as excited as I used to about bands. I'm probably just a lit bit jaded, but I hate booking shows like W.A.S.P., and ICP and all that other crap. At least by booking these shows, I get the resources to book the bands that I like. Just take the good with the bad. About to be an uncle for the first time. Pretty excited about that, but I'm kind of scared for my sister. I just hope that she and her boyfriend are able to raise the baby together. I think it would crush her if he ends up leaving. I know that it will all work out in the end, but I have a feeling that it might be kind of a rocky road. Been thinking about life and love a little bit too much lately. I really miss what it's like to be in a relationship with someone. It's been two years now, and I still find myself thinking about the good times I had with Colleen from time to time. It's not that I miss her, I think I just miss the idea of having someone like her to have around. It's nice to be able to see someone everyday and not get sick of them. Someone with whom I can share my thoughts and feelings. On a similar note, I think it's time that I start taking care of myself a little bit more. I know that with my personality, I will always want to go out and have a good time. In turn, I think it's time I get off my ass and start trying to be healthier. Thinking about giving up meat again. We shall see. I know that if I manage to lose about 30 lbs, my confidence about my appearance will be a lot higher. Probably would help with the idea of trying to date again.",4301678,1
8222,female,"That is a hypothetical question. After reading a post by Joelle entitled ""20 Questions to a Better Personality"" I decided to take the quiz . Here is the result: 20 Questions to a Better Personality Wackiness: 52/100 Rationality: 50/100 Constructiveness: 52/100 Leadership: 28/100 You are an SEDF--Sober Emotional Destructive Follower. This makes you an evil genius. You are extremely focused and difficult to distract from your tasks. With luck, you have learned to channel your energies into improving your intellect, rather than destroying the weak and unsuspecting. Your friends may find you remote and a hard nut to crack. Few of your peers know you very well--even those you have known a long time--because you have expert control of the face you put forth to the world. You prefer to observe, calculate, discern and decide. Your decisions are final, and your desire to be right is impenetrable. You are not to be messed with. You may explode. Now I read the ""nice"" spin they put on the title of SEDF - but really it just sounds like I am a pathetic boring person who tends to be a follower and is emotionally destructive. Although I do agree with the last sentence. Do not mess with me, I will explode.",3633115,0
8303,male,"2 days ago was liling bday, we went out and have fun, but the director aka fatimah neva come. kind of disappointed. there are some weird problems happening, on a girl, i shall not say it out. the 2 person who were with me, u know who u r, maybe we can help to slove this girl problem. seeing her with lots of probs juz make mine heart pain =(",3759312,0
8352,female,This is clearly a test from a neophyte.,3648527,0
8361,female,"My goodness,  Martha is being helpful already (reference the post before this one)!  Now I have an attainable goal for myself. Congratulations Dave Zobel!  I feel for those contestants who dared to outwit the judges.  It's like those old bats in the south used to tell me all the time when I was growing up, ""Don't be too big for your britches, young lady!"" I ignored them for the most part.  I'm going to have quote my friend Laura again on this, ""If I'd wanted to be popular, I'd have done alot of things differently.""  Amen.     Martha Stewart Inspires Bad-Writing Winner Mon Jul 19, 7:07 PM ET By RACHEL KONRAD, Associated Press Writer SAN JOSE, Calif. - A California man claimed top honors Monday at the annual Bulwer-Lytton Fiction Contest celebrating bad writing, likening the end of a love affair to ""Martha Stewart ripping the sand vein out of a shrimp's tail.""  Dave Zobel, 42, a Manhattan Beach software development director and author of ""Dave Zobel's Bent Book of Boatspeak: How to Sound Like a Sailor and Know Just Enough to Be Dangerous,"" bested thousands of metaphor-mangling, simile-slaying writers from Hong Kong to Bolivia with this submission: ""She resolved to end the love affair with Ramon tonight ... summarily, like Martha Stewart ripping the sand vein out of a shrimp's tail ... though the term 'love affair' now struck her as a ridiculous euphemism ... not unlike 'sand vein,' which is after all an intestine, not a vein ... and that tarry substance inside certainly isn't sand ... and that brought her back to Ramon."" The competition pays mocking homage to the Victorian author whose 1830 novel ""Paul Clifford"" opened with this all-too-familiar phrase: ""It was a dark and stormy night."" ""I never won and wasn't expecting to this year, but to be honest I'm a little jealous of people who won dishonorable mentions because that title would look better on the resume,"" the father of two told The Associated Press. He won $250. Runner-up was Pamela Patchet Hamilton, of Beaconsfield, Quebec, who described her style as ""Dave Barry with a feminist twist."" Patchet, who has written humor essays for The (Montreal) Gazette and other newspapers, impressed judges with this putrid passage: ""The notion that they would no longer be a couple dashed Helen's hopes and scrambled her thoughts not unlike the time her sleeve caught the edge of the open egg carton and the contents hit the floor like fragile things hitting cold tiles, more pitiable because they were the expensive organic brown eggs from free-range chickens, and one of them clearly had double yolks entwined in one sac just the way Helen and Richard used to be,"" she wrote. Scott Rice, the San Jose State University professor who started the contest in 1982, said this year's entries were unusually witty. ""Sometimes the entrants are more clever than the judges,"" he said. ""Those people generally lose.""",3648527,1
8374,female,"Blazing bunny spreads cricket club fire Fri Aug 13, 6:02 AM ET LONDON (Reuters) - A rabbit set alight by a bonfire at a cricket club got its revenge when it ran burning into a hut and set it ablaze destroying costly equipment, the club says. Reuters Photo Members of Devizes cricket club in Wiltshire were burning dead branches when a rabbit caught up in the waste sped burning from the flames spreading a fire which destroyed lawnmowers and tools worth 60,000 pounds. ""After it had been going 5 minutes, the rabbit shot out of the bonfire on fire and went into the hut which is our equipment store,"" club chairman John Bedbrook told Reuters on Friday. Two fire engines were called to extinguish the blaze. The rabbit's skeleton was discovered in the charred hut. ""The firemen were certainly concerned about the rabbit. They felt sorry for it,"" said Bedbrook.",3648527,0
8419,male,"The funeral was touching. After arriving back in OR, I was asked to be a pallbearer. I was reluctant to leave Virginia's side for even a moment, but she insisted that I honor Jude's memory. I couldn't bear to think of Jude being gone, hell, I still can't bear to think it. Whoever did this awful thing...whoever decided it was their right or duty or whatever to take away a life such as his...what is this world coming to? A bright light has been extinguished and yet, there are so many that don't even realize. Marty's memorial service was quite peaceful. I had held onto hope that Marty would miraculously show up somewhere alive. It would be just his style to scare us to death and then show up laughing at us all. Instead, Melody was heartbroken to tell me the news after his memorial service that his body had been found. That girl is really something, and how she can be a reporter is beyond me. All the reporters that I've known until now have been certifiable jerks; they claim they have to be to get the inside scoop. Melody though seems to be different; her vigor and charm, I'm sure, helps her to get whatever scoop she might be interested in.",3551239,0
8423,male,"I don't suppose I have to say again what a pain it is to be here. It must be ten times worse for poor Virginia, who has done nothing to deserve all of this. I feel terrible that she is having to endure this with me, but she has reassured me several times that she would much rather be with me in this awful place, than me being here by myself. All of this mess because of that crazy woman who has now taken a notion to killing anyone who says the wrong thing to her. Where will she draw the line? I found out today from FBOCA that one of the young ladies who worked with Ideltech was found by her husband. I can't imagine what she must've done to gather the wicked witch's attention, but apparently she did. Who else could've done something like they described? I try not to think about what she has in store for me, but I suppose that I can bear this room a little longer knowing that she will not get to have her way with me. I shudder to think of my dear Virginia having to find...ahh, no, I won't even utter it here. Getting down to business, I'm still working on getting back to those who expect things of me and I do hope that they haven't lost faith in me. I have an idea that may get me back to our boards within 24 hours. That is, if these oafs will go along with it. I think I can convince them, but if not, I may still find a way around them. I do hope they are continuing without me for the moment. They know where the site is and they have good ideas as to how to continue our work. There is one thing I want to let them know (I hope they are reading this)...When I got here, on the door was that same creepy picture we had been discussing, and just above it was that name. I have to believe those are the two pieces of information that we need. Can we take it another step farther?",3551239,0
8427,male,"TobI-IboT ""Behold, He comes with the clouds, and every eye will see Him, and those who pierced Him will see Him, and all the kindreds of the earth will wail because of Him. Even so, Amen. I am the Alpha and Omega, the Beginning and the Ending, says the Lord, who is and who was and who is to come, the Almighty."" (Rev 1:7-8) We need to talk about God TobI You talked to us about God once. You know where it is. We speak later today. If you want to know when? Follow God's word. For through me your days will be many, and years will be added to your life. Amean.",3551239,0
8443,female,"Since many of you don't have the specifics of what I'm doing here in New York, I figure since I'm doing nothing, I would write a little about it. I came here as a member of hte NYC Teaching Fellows, an organization to bring teachers to NYC. Every year, they hire around 3,000 new teachers, only a dent in the approximately 12,000 vacancies a year. Of those 3,000, a third were math teachers. Last year I taught at Grace H. Dodge Career and Technical High School. It wasn't as bad as a lot of schools in the Bronx, but it wasn't easy. To answer the question that I am asked the most often, I was never scared of my students, nor did I ever have any reason to be. On the other hand, after seeing someone get jumped at the bus stop a block from my school in the middle of the day, there are times when I was scared of the other students. Next year, I will be at a different school though (my choice). I will be teaching math still, but at the Frank Sinatra School of Arts. It is still a public school, but of a much different caliber. In NYC, at the end of 8th grade, the students all have to apply to high school. If they are not accepted into any schools of their choice, they go to a ""zoned school"" which is just the closest high school, and usually the really scary schools. Almost every high school here has a theme, from music, to cosmetology, to aviation or boat making. The emphasis at Frank Sinatra is dance, music, and drama. I am excited for many reasons. First, there will be air conditioning. Second, it is only 15 minutes away. And third, I will be able to relate more to the students. I loved my students at Dodge, but I will never understand them. To compare the two schools, look at each of the school report card links to the right. Especially look at the number of suspensions, police department incidents (which is VERY underreported), and the precent meeting grade level in mathematics, all on page two of each report. Frank Sinatra is only 4 years old though, so its data will vary a lot more, but admissions are based on an audition and previous academic records. Also, instead of teaching Freshmen, I will be teaching Sophomores and Seniors.. YAY! I am just all around excited. I will leave it at this for now, since in September every blog entry will be something about my work, Im sure.",4016152,0
8453,male,"I used to have a blog on blogspot through Blogger, but the template was boring and there was much to be desired in their service. But Blogger is back, and under Google, they have made many new changes. I love the new templates and cvommenting among many other new changes. I am also able to have it under my domain, so thats always a good thing. More to come later.",800873,0
8455,male,"It's been awhile since my last blog, because I moved into the dorms at Texas State University as am RA to the Caminos program. It's a lot different than it was at the high school, more walking and especially because of the hills, ut it's been cool, food's alright at the dining hall and everything. I have some journa; entries starting from Sunday when I moved in, but I only have 5 more minutes to be at the library over here before I have to take the students I have with me back. I already miss my regular life, especially since I have no contact with anyone else since were busy with back to back activities and classes. Anyway, looks like thats it for me today, hopefully I'll be back tomorrow.",800873,0
8474,male,"people people, i may not be the smartest man alive, or even the smartest person u know, but i am not stupid... cut me a bit of slack... anyway i would also like to state that when u either give out this address or share information about things u have read on my site automatically waves ur right to sue me as a result of u getting the shit beatin out of u... on a friendly note... i know something that everyone else does not... i am not the sort of guy who would name names so i guess they will be X and Y (sorry no subtle hints today)... X likes Y and he told me so first.. i felt privelaged... and X is unable to tell Y how he feels because he know (and i know) that others will riticule him for it... personally i think its cute (hehe). He made the first move and Y said yes to it and he is happy... he said the other night that Y is the only person that matters to him which mean that X is in love... hehe. X is a good friend of mine and i believe that he will be happy with Y is she says yes to going out with him... so i say good luck to them both... People... if u didn't believe that this blog would change the way in which you think... think again and.... believe the hype ppl!!!!!",3534011,1
8483,male,"I am getting more and more concerned with the growing hatred I have for all human life... other than my family/friends. Maybe it comes from working in shops, bars and customer service environments. I just have no patience for people anymore. Or should that be, I have no patience for customers? People with stupid questions (""I saw this book on telly, it was blue, do you sell it?""), smelly old people, bad mothers with screaming kids, tramps sleeping in our comfy chairs, thieves, thieving tramps, annoying teenagers, snogging couples, middle-aged fake-tan too-much-cheap-bling women, office girls, middle aged men trying to talk to me about naval history, skanky sci-fi fans, BEARDED MEN WHO FAKE DISABILITY AND RIDE AROUND IN THOSE LITTLE MOBILITY BUGGY THINGS SMELLING OF WEE, bearded women, people asking to ""borrow"" a carrier bag, people demanding to know why we don't stock some obscure book they want (""I can't believe you don't stock this author; he is a bestseller in the field of bee-keeping!""), people putitng books back in random places (often upside down or, even worse, ontop of the shelf so it then sliiiiiiiiiiiiides behind the entire bookshelf and sits on the floor where it gathers dust until I -and only I because nobody else gives a toss- go around on my hands and knees digging them out), people who go to Mcdonalds and then come to our shop to fucking eat it and then leave their wrappers and foul-stench all over the place, people who wander up to the till with a book that is ""a gift"" for someone and then want a discount (""I got you this book for your birthday.... don't care if you like it 'coz I got it cheap!""), people who spend an evening on Amazon.com and come in with a list of books they want... and then say ""They are American so you probably can't get them""...THEN ORDER THEM ONLINE, FUCKO!, people who say ""I want this book, but it's out of print, can YOU get it?"" (Erm, what do they think 'out of print' means?), the shopping centre (yeah, that is ""centre"", Americans!) secuirty people who do NOTHING AT ALL except poke their fat heads around the door at 9am on a wednesday morning and ask ""Any trouble?""................... I love my job.",3840303,0
8495,male,"Well, home at last after five days away at me mum's. This means that, in about 12 hours, I'll be thoroughly sick of work and chavs and thieving scum. *sigh* I spent abpout three hours riding around on my step-dads ride-on lawn mower, and got thoroughly sunburnt shoulders for my efforts. At least the fields were cropped short! I kept catching myself singing ""I've got a brand new combined oarvester"" though. Ooh ah, and all that! Gonna go to sleep now, and get myself into chav-defense bookseller mode... wish me luck!",3840303,0
8567,female,"Saw the movie ""monster"" yesterday..well was enamored by the acting prowess of charlize theron..but i pray they donot remake this movie into a hindi flick..hope the bhatts read this...the movie is really awesome..and i have to admit that no matter how much we celebrate the maturity of bollywood movies(atlast!),they are light years behind such kinda film making...kudos to Patty Jenkins for extracting such a performance!!!",3373089,0
8594,male,"Take the quiz: ""What Is Your Kink?"" Submission You live to serve! You're most excited when someone else takes the reins and controls the situation. You're happy to do whatever will make your partner happy, even if it isn't your favorite thing to do. In the bedroom, you aim to please. Your motto is, Yes Sir/Ma'am! Take the quiz: ""What kind of sex should you have?"" Romatic You are the all around romatic lover. You like the candels and romatic candel light dinners.You probably sweet and sensitive. Keep going your great!!!!!! Take the quiz: ""Serial Killer Quiz"" Johnny the Homicidal Maniac you kill assholes; lots of assholes! HOORAY for You!!!! Take the quiz: ""Which Random Irish Gaelic Phrase Are You? "" Pog mo thoin Pog mo thoin - 'Kiss my ass.'You're one tough bastard, and if anyone doesn't like it, they can kiss your ass. You enjoy fighting and causing grievous bodily harm. Hey! What are you lookin' at, punk? Take the quiz: ""What type of music are you?"" Soft Rock You rock! You're not as hardcore as heavy metal, but you're getting there! Take the quiz: ""Worlds fastest sex test"" Blue Lovers of Blue are wonderful sex partners. They are sincere, affectionate and sensitive to their partners needs. They consider lovemaking a fine art and their approach is elegant. Men who love Blue are like concert pianists; delicately ravaging their partner like they would play a baby grand. Women in the Blue category enjoy sex to the fullest. Both men and women enjoy foreplay and the aftermath of love-making as much as the sex act itself. In marriage, a Blue person is a wonderful mate - never failing to please the spouse and never seeking outside interests. Take the quiz: ""Should you be a VAMPIRE?"" Yes You enjoy the whole scene:Goth,mysterious, and beautiful. but you would never actually want to drink someone elses blood... Take the quiz: ""Are you a good girl/boyfriend?"" good but a little obsessive Your a stalkerish mom kind of girl/boy friend who always wants to know who there with and why. Constantly calling. Always wanting to be together. Jealose of their best friend. Gets mad when finding out when someone else is on their b/f or g/f's mind Take the quiz: ""Blades!"" Katana You are speed and finesse. Your refined moves are often superior to brutish and clumsy power. Take the quiz: ""What sex object are you"" handcuffs Kinky, you like to try new things",3869006,0
8681,male,"I forgot to mention these two incidents that happened at the airport: 1) I saw a kid get his shoelace caught in an escalator at Midway.  Everyone was screaming and the kid and the mom were crying as people were trying to rip the shoe out of the escalator.  I was too far away to do anything about it, but I ran over.  Just as I got there, some technician guy was opening a door to the escalator, and he pushed some button that stopped it. 2) Coming back home, I saw a guy dressed up in a full-out clown costume getting hassled by the people at security.  The guy was literally wearing makeup and had a big red nose and everything, and he was trying to get past the people that check IDs.  There was no way you could have figured out who the fuck this guy was.  He even had a big flowery dress on and big shoes.  So there were a whole bunch of security people standing there looking at his drivers license and shaking their heads.  I left before the situation was settled.",1898868,0
8832,female,"We always link gambling to casinos: blackjacks, roulette, poker, pokies....and today I discovered something new from my real estate finance lecturer.....LIFE INSURANCE..it is actually gambling that when are you gonna die!!! To think about it, (even though I am doing actuarial science) it is very very true!",3477078,0
8856,female,"-Update- Was talking to Sammiches, who expressed a little ?annoyance? about the prospect of moving this, especially after people signed up to Blogger, so I'm not gonna invoke any draconian measures and just up and move us....anyway I'm having problems with the template for it (only that site however) -PSB yeah Ok I know that this one has only been going a couple of days now, but we're moving....partly cos i've just shelled out on upgrading my server. So new url will be http://www.phoenixproductions.org.uk/someonesgotitalready/ At least until I buy a full domain....which might be next week! So to inaugurate the move I've put up a post about Tchai Ovna which is facing some problems from annoying developers...Check it Out! -PSB",4032875,0
8897,male,"So, I saw the funniest bumper sticker the other day while I was driving. It said ""Save the environment, plant a Bush back in Texas"". True, it is not a knee slapper or a pants wetter by any means, but it just was funny considering what had happened earlier that day. Now, you may be asking yourself, ""But what happened that day? Oh, elighten us mortals with your infinite wisdom!"" OK, ok...you forced it out of me. Now you may rise from your knees. A good friend of mine in Atlanta sent out a forwarded email to a group of us. I opened it to read because he tends to send stuff that will either make me giggle, cringe, or say ""hmmmmmmm"". This particular email was a politically based one about being a republican. I sent a little response back to be playful, and apparently I wasn't the only one. Had more people truly cared, it could have turned into quite the lively debate. You know what...I just realized that story was much funnier in my head when the little men with the high pitched voices where whispering it....so just forget everything I said...except for saving the environment. Smooches!",3717827,0
8939,male,"hey it's zack!!! wasssup u guys???? i'm at larry's house. he seriously is obsessive. he like, writes in this friggin thang constantly. it's funny. well, i'm writing in mine cause the band members aren't here yet. yeah. larry's parents are letting me sleepover. fun fun fun. we get to talk about our ugly sex ed teacher for like 7 hours now. fun. anyways. my sister has a bf. did i 4get 2 tell u guys dat? ya. i don't like him at all. he's a year older than 'er. i just don't like him. i think he's kinda shady. but whatever dude. do ur siblins' ever piss u off? my sis does. she calls me by my full name and it bugs the hell out of me. she does it on purpose so i call her Herpes Girl and when my parents aren't home i call her a bald boob. i got that from jasmine's brother. he goes around callin' people bald boobs. i luv jasmine's brother. he's hilarious. we're like, best buds. i'm his mentor, ya know? cause he's like 8. it's funny.jas is commin' back from ct 4 da summer!!! my hunni is comin' home!!! yea! we're mos def gonna have 2 hang out 2gether. anywhos, about riley. yea, so she really believes dat dis alex kid got da hots 4 'er. she's such an ass. she doesn't understand that he's just some horny block head. but whatever. larry deosn't give a shit what happens 2 'er anymore. lilly is finally talkin' 2 me again. she said she was sorry and i was like, i 4give u. so now we're friends again. u know wat's a great song??? ""I'm with you"" by Avril Lavigne. all 'er songs rock. but that song especially. i luv it. dat and ""the quiet things that no one ever knows"". I LUV MOnica!!! her song ""so gone"" is soooooooo hhhooooottttttt!!!!!! i luv that song. buh bye",3536402,1
8966,female,"me in the elevator at our ""rich people"" hotel, heh ",3472790,0
8993,male,"""I put on righteousness, and it clothed me; my justice was like a robe and a turban. I was eyes to the blind, and feet to the lame. I was a father to the poor, and I searched out the cause of him whom I did not know. I broke the fangs of the unrighteous, and made him drop his prey from his teeth."" I don't plan to read My Life, the memoirs of our lip-biting former president, because I think I can guess the story. The above lines are from the Book of Job, that famous biblical character who lived righteously, but got little earthly good fortune in exchange. These lines no doubt capture Clinton's self-perception (although one shouldn't take the ""father to the poor"" part too literally, as I am sure he lived by the bumper sticker adage not too bed a pro-lifer), and as such probably summarize the entire pre-impeachment portion of his memoirs. When he tackles impeachment, the story will no doubt again closely parallel Job's soliloqy: ""On my right hand the rabble rise, they drive me forth, they cast up against me their ways of destruction. They break up my path, they promote my calamity; no one restrains them. As through a wide breach they come; amid the crash they roll on. Terrors are turned upon me; my honor is pursued as by the wind, and my prosperity has passed away like a cloud."" As one writer as already pointed out, the book will clearly omit any admissions of wrong-doing in connection to matters where there are no dress stains that have established the undeniable facts. There'll be no mention of Kathleen Willey or Paula Jones or Juanita Broderick. And this is where one could argue My Life diverges from Job. Job, in the course of his soliloquy, says that he could understand the miseries that God has bestowed at his feet if he had not lived righteously, listing out the sins that would have merited the fate that has befallen him: ""I have made a covenant with my eyes; how then could I look upon a virgin?"" But even here, Clinton clearly broke no such covenant with himself unless the definition of virgin has been vastly undermined in recent years. He gets into trouble, however, a few lines later: ""If my heart has been enticed to a woman, and I have lain in wait at my neighbor's door; then let my wife grind for another, and let others bow down upon her."" Any takers? I didn't think so.",3589152,0
6,male,"HAZEL EYES. close your eyes and imagine a lake without water, imagine a tree without leaves, imagine the moon without stars, imagine a leaf lying worthless on the ground, imagine a body withou HEART. close your eyes again and imagine me lonely, alone among thousand people. no-one to share joy and pain, no-true friends and nothing to gain, leading a life which is smooth but dark, trying to forget the memories of morning lark. close your eyes again imagine yourself standing on a shore, under a palm tree, behind you are the mountains, feeling sad and bore. waiting for someone to appear from the sea, gives you a blessing , and sets you free. imagine a flower without its colour, AND THAT'S HOW I FEEL WITHOUT YOU. overcome your grief, stand tall and save the lake to turn barren, save the tree to turn fossil, save the moon to turn alone, save the leaf before anyone steps on it, save the body before it dies.... ---nil",4162441,0
7,male,"LET IT BE ME. a bird hibernated for a year or so, her first flight, after her feathers grow. sparkled from the sunlight were her eyes, she forgot her mainland and she flies and flies. created new friends, created new foes, memories of her mainland finally goes. forgot her hometown, forgot her trust, forgot the first book of love, whose love was just. week gradually passed, eighth day was pleasure, ninth day was fun, tenth day was leisure. the eleventh day was a pause in her life, she had a pool of memories, in which she dive. she cried for her friends, she cried for her foes , she cried for her mainland whose memory never goes. she cried for her hometown, she cried for her trust , she cried for her first love , whose love was just . she now takes challenges, each day as a goal, feeling hostile , away from her home. sparkled from the tears, were her eyes, she remembers her mainland and she cries and cries, no true friends and no true foes, memories of her mainland never goes... --- nil you can mail me by clicking- mailto:swapnilmail123@rediffmail.com",4162441,1
36,female,"It's my first Mambo!   So let's get ourselves warmed up and dance, shall we, with a little ""I say...You think..."" Magazine: People Photo: camera Concert: music Video: killed the radio star Pass: backstage! Ticket: master Line: dance Excitement: fun! Are you warmed up yet? That's good, cos the Mambo Guy is getting impatient. He wants to get his mambo going on. So let's get started. 1. If you had backstages passes to the show of your chosing, who would it be, and what would you do once you were backstage? (Try to be clean.)  B ackstage with The Cure, and I would ask Robert Smith who does his makeup! 2. What entertainment magazines do you read? People, US Weekly, Entertainment Weekly, Rolling Stone 3. Do you read concert/album reviews in your local newspaper? And if so, do you let the review sway your opinion on the band/album? No, because the main reviewer of our city's newspaper never really has something nice to say about anyone except for Lucinda Williams. 4. Create your dream concert lineup. (a sort of Lollapalooza event of your making). Oh, geez. There are millions. Jet, the Cure, Coldplay, the Eagles, the Steve Miller Band, Journey, Van Halen (Hagar, not Roth), Duran Duran, Def Leppard, Allison Moorer, Shelby Lynne, Aimee Mann... 5. If you could have attended any festival show at any time...From Woodstock on...which one would it have been, and why? I wouldn't have minded going to Lilith Fair when it was still around, but I was too young at the time to go. Chicks rule! I love to Mambo!!!!",3489929,0
84,male,"Mum had tore a leg ligament and broke her smallest toe bone a few days ago...so she is in crutches and limps about wherever she goes...wow...didnt expect it to happen...but the unexpected happened....she takes like longer ( yes, longer than her usual time, which is already long) to do basic stuff like changing clothes....she can take about one hour ! my poor mum...hope she gets well soon ! till then im her nursing assistant ! Well went for my J-train meeting today at TBSC...it was...awesome...the people are so nice there....especially the sd peeps...haha...as if i dunno in the first place anyway.... then i met this really nice gal, who is 20 this year and we actually took a bus ride (1 1/2 hours) and talked about everthing under the sun ! wow...she is super nice, yeah and i think we can really relate to in many levels...except physically...as it may be quite nightmarish and mentally disturbing to me...hahahaha kidding ! but seriously...this gal huh...is so full of life and jumpy and like those happy-go-lucky sort of gal...hahah...very sweet....dont think she's doing it for the sake of entertaining me though...so i guess she's sincere...hahah...that's cool...how many of these type of peeps do you meet in ur lifetime ? Rowena's the name. yeah came back around nine....tired....sleepy....hmmm...wahts new....oh yeah i have not even touched my art which i have to pass tomorrow...gonna die....good night.",3364931,0
90,male,"When you'd cry i'd wipe away all of your tears, when you'd scream i'd fight away all of your fears, I held your hand through all of these years, But you still have,all of me. Err..no prizes for guessing whats the title of this song(in case you dont know,it's My Immortal by Evanessance)... Dedicated to no one in particular, jus had this song running over and over again my head. Being single, its perfectly normal to be thinking of all these kinds of stupid things...hahah..its kind of hard to like someone but not let the person know huh? but...being me as usual, i'll just wait and see how things go, never making the first move,yet quietly dropping hints to be picked up.Yet i know it may be just my puberty-induced hormones creating infactuastic-love commotion in my life to make it more interesting...but i'll still wait for a while more i guess...a little while more.. Today was tiring.Skool started again for the June Hols...and it dosen't end till the second last week of the hols...like i said, what holidays ? I seriously think the skool has some issues. What if we study too much and just before the O's we become mentally retarded ? would they be happy then? Then my future will be gone ! haha....but seriously, O level year is no life man...but, looking far ahead, i ACTUALLY needed the extra lessons ( wow, i cant believe im saying this !)if i want my distinctions so that's the bottom line. No complaining anymore. But i have to tell you, the teachers that are teaching me are great.. I mean, how can you find a group of approachable and down-to-earth teachers in a bundle (teachers like Miss Lee, Wendy, Cindy....it goes on)? so i guess thats my good fortune and i have to make good use of it ! Wendy Loi came up to me today while ordering food. She actually told me it is possible for me to get a distinction. Checking if she may have been drunk or may have mixed my identity with some first express class student with thick glasses holding a thick book wherever he goes, i realised that she was looking me straight in the eye. I was like....oh okay cool ! i can actually get a distinction ! if i work at it,that is. I never realise that she thought i had potential. Therefore this spurs me to do better in my POA. hahah...yeah thats about it for today then...boring life i have here... Sign out.",3364931,0
121,female,"I have discovered Krispey Kremes donuts, and the lord proclaimed: they are GOOD! I found them in Harrods yesterday when I popped in to see if I could buy any of those sausages from Jimmy's Farm (unlikely, as I couldn't remember his name) and bought a box for me and Si to share. They disappeared quickly. Well...my interview yesterday. I can honestly say I don't know how it went, which probably means it didn't go all that well. Let's face it, if you're not coming out of an interview filled with confidence it's unlikely you got the job. The first bit went well, when I was telling them about my skills and qualifications. They seemed impressed, and I even made them laugh a few times. Then when it came to job-specific skills they started asking me such basic questions that I was a little gob-smacked. I'm sure there were lots of awkward silences as my brain desperately asked itself: is this a trick question? I probably came across as a complete moron. I think I did ok on the skills test though. All I can do now is wait. I should know by next week. I also have to finish my on-line application form for the market researchers job, but I can't remember the web address so I'll have to search for that one. Other than that, I popped into the British museum for an hour and saw the costumes used in the film Troy: they were cool. I also visited my houses of worship: Monsoon and Lush. They symbolize cool London living to me. I played a few rounds of my least favourite game: tube hopping (where you get on a tube then off at the next stop, then realise you got off at the wrong stop and wait for the next one.) The train ride home was ok, although I didn't get back 'til gone midnight. Having said that, I wasn't very tired. See, I can cope with the London lifestyle. Today was a good day at work. Everyone seems so relaxed and happy. I've found the kids to be very pleasant company. I think I'll miss them more than I thought. I know they will miss me. Today was also the lesson I'd been planning with Carol. She came in and gave a lovely speech about how great the class was, questioned them about their recent work and they did me proud. Then she revealed she was wearing my 'Snitch for President' t-shirt, which got a big cheer. Then we handed out bars of chocolate and awards to the students: I gave out the fimo rats I'd made some students. They were incredibly touched. It was very heart-warming. Right, I have to go back to the osteopath now (and not a minute too soon).",3162067,0
169,female,"I know, another quote...but I especially like this one. I believe this calls for a special shout-out to ""Double Trouble""! A good friend will come and bail you out of jail...but, a true friend will be sitting next to you saying, ""Damn...that was fun!""",813360,0
239,female,"I am so over Kevin. But as for the Carmicheal situation, this looks like it will become a force to be reckoned with.",4028373,0
278,male,"Hmmmm. I'll try to re-capture my fleeting thoughts. Am I afraid of being alone? No. Not to get philosphical, but ultimately, each of us is alone. I think we're all trying to find someone to share our life experience with. So while I'm not afraid to be alone, I would prefer to be sharing my life with someone beyond just myself. We each came to meet one another most likely not at our ideal time. I was originally focused on my situation and my history and my baggage (for lack of a better word), which I guess is natural, because I see the world from my viewpoint, primarily. But my main concern, was whether or not I was ready and whether or not I was good enough for you and a relationship with you.  I mean of course I'm always judging what's going on around me, seeing how it fits into my world. But I didn't originally think about whether or not you were ready for a relationship, or your situation and history, or your baggage.  More of that stuff has come out -- how he wounded you, and how you're coping with your past (relationships, childhood, parents, friendships) -- all the things that you're dealing with, and likewise, you're trying to see how I fit into your world. The key is for each of us to be completely honest with ourselves and with each other about everything we're feeling. And that's rarely easy to do. You were right when you said that I married young -- I definitely rushed into it -- and constantly regretted it. I'm going to be more careful this time around. That means a longer dating period. The key for me is to look beyond my infatuation to determine whether or not we'll be good, long term, as mates. Laima was my first, real, long term relationship. I was infatuated and I rushed into marriage. Actually, I was just excited that I found someone who was actually interested in me.  So while I'm looking beyond the infatuation, I'm also working at not losing sight of, or failing to experience those very infatuation-related feelings (because they feel great!) I've really enjoyed our dating so far. I feel really comfortable with you and I feel like you're looking out for my best interests. I feel free. I mean we went away together for the weekend and had a great time. I was sick on Saturday and you were still accepting of me. I don't recall having those feelings with L, or particularly enjoying our dating back then. There is some small part of me that is afraid of getting betrayed again -- of putting too much trust into another individual. But that's all about me, and nothing about you. What I mean by that is that there is nothing you can say or do that will help me with these feelings, and it has nothing to do with who you are or what you've done in your past. It's more of an issue that I need to work on. At some point we'll stop seeing the world so much from our individual perspectives and we'll start seeing the world from our couple perspective. As a team we'll tackle problems together, we'll experience life together, we'll share our individual experiences with each other, we'll grow together. Well, I think I've rambled on enough, and gone in enough different directions.",3630901,0
302,male,"Porcelain by Moby (The Beach Soundtrack) .... Costa Rica again, but this time feels sad, and reminds me of the sad feelings and feelings of the end of a chapter in my life. Of L lying to me and hurting me over and over again. In my dreams I'm dying all the time As I wake its kaleidoscopic mind I never meant to hurt you I never meant to lie So this is goodbye This is goodbye Tell the truth you never wanted me Tell me In my dreams I'm jealous all the time As I wake I'm going out of my mind Going out of my mind",3630901,0
333,female,"This little bundle of joy is courtesy of Rita (who still finds a way to spread smiles through emails and share heartaches through phone calls). That's what Bestest Friends are for!!! This guy was lonely and so he decided life would be more fun if he had a pet. So he went to the pet store and told the owner that he wanted to buy an unusual pet. After some discussion, he finally bought a centipede, which came in a little white box to use for his house. He took the box back home, found a good location for the box, and decided he would start off by taking his new pet to the bar to have a drink. So he asked the centipede in the box, ""Would you like to go to Frank's with me and have a beer?"" But there was no answer from his new pet. This bothered him a bit, but he waited a few minutes and then asked him again, ""How about going to the bar and having a drink with me?"" But again, there was no answer from his new friend and pet. So he waited a few minutes more, thinking about the situation. He decided to ask him one more time; this time putting his face up against the centipede's house and shouting, ""Hey, in there! Would you like to go to Frank's place and have a drink with me?"" A little voice came out of the box: ""I heard you the first time! I'm putting on my fucking shoes!!!"" For all of you who know Rita and I, it is so obvious right now why we are Best Friends!!!",2467122,0
385,female,"I feel that I have improved in learning how to be more specific on what I want to say. I give more effort on my writing now that I have a teacher that cares to help me and others that have troubles writing. I don't like to write, but I feel comfortable writing now. I can decribe things alnog with keeping it short. I have a different outlook on writing, but I still wouldn't want to do it for a living! I actually look forward t0 coming to class, when you have teacher that is tough but also caring it helps the writer. Then , you have more confidence about yourself on writing a paper or essay.",3732850,0
453,female,"While reading ""News of The Wild"" by Scott Russell Sanders I thought of my uncle Don Adamson and the times we spent together building his cabin in northern Minnesota. Sanders wrote ""When America was all wilderness except for occasional villages and orchards and clear fields, a journey of any distance was a serious undertaking."" This reminded me of my uncle because we too would take journeys into the wilderness that were sometimes difficult. I helped my uncle build his cabin far in the deep woods of Minnesota. What made it so difficult is that there are no roads that would allow a standard size vehicle to enter, everything was either brought in by hand or with the use of a four wheeler. During our jouney into the woods, I can recall a feeling of being one with the land. Much of the wood that we used to build this cabin came directly from the forest we cleared in order to make room for the cabin. We spent many back breaking days working and on occasion we would visit the closest town just to take a well needed shower and have a ""home"" cooked meal. I felt as if I was a pioneer back in the old days. Sanders essay also reminded me of how our(Caucasian) culture differs is comparison to the Native American culture. He states ""We will carry a pouch of tobacco to placate the old water monsters, along with a water-treatment kit to placate the new ones, those poisons and parasites we two-leggeds have flushed into the remotest rivers and lakes."" This made me think of how the Native American culture seems to be more in tune with their surroundings. Many Native Americans have beliefs that differ from what society has deemed ""the norm"". They seem to nurture the land, not taking anything of value from it, leaving it as they found it after they have been there. Whereas the (Caucasian) culture seems to only look at something for their benefit without concern for what could have been, a lasting beauty.",3732850,0
461,female,"There is a part in Judith Viorsts' essay, ""WHAT ME? SHOWING OFF?"" that caught my eye.  This part is ""showoffs always run the risk of being thought immodest, of being harshly viewed as...well...showoffs. This brought me back to high school where a classmate of mine was the one showing off.  This was especially true in volleyball and it didn't help that the coach showed favortism toward her.  This gave her more room to show off with spiking the volleyball. She was good at everything.  She had good grades, voted for as homecoming queen, well-liked and popular, also a showoff.  She was a big time showoff and everyone in our class knew it.  There was no competing with her.  She was known to many as a class pet to most of the teachers. Now older, I see her showing off is not as bothersome to me as it used to be in high school.  I think being older has changed my perspective as she just has more money and is spoiled.  The old version I find her being the teacher's pet in almost every class.  The new version is I still find her snobbish, at times.  I find her to now be active in enjoying life and helping out society in a way that makes her feel a part of good in herself such as painting smiley faces on kids at the carnivals or Sunday school teacher and helping out with vacation bible school.  I think we all find our way of showing off from time to time, sometimes in a good way and sometimes not in a good way.  Most of us, I think, just want someone to appreciate us for who we are.  Some of us are more modest in our showing off and some of us seem to flaunt showing off more than others.   I tend to find myself in the modest part where my classmate is the one to flaunt herself.",3732850,0
469,female,"What a novel idea!  Being both wife and mother I found great pleasure in reading this essay by Judy Brady.  I love her idea, the way she put it across.  Even now with my children grown and on their own, I'm still a wife and student.  It would be nice as she said, ""I want a wife who will listen to me when I feel the need to explain a rather difficult point I have come across in my course of studies.""  Among other parts of her idea, this will all too soon be a reality as I hit school full time next semester.",3732850,1
492,female,This essay made me mad. I read this essay at least three times and the more I read it the more it made me angry. First of all at the beginning of this essay I couldn't decide if this author was male or female it really was a confusing idea. The idea of this essay was wanting a wife because of what duties a wife has or takes on in her role as a wife. I think that the author to this essay was basically bringing out the sterotypes put on wives. I am a wife and I don't do all those things all the time. My husband shares the responsibility or we take turns. This essay sounds like it's from a males perspective who wants to be free and wants a mother not a wife someone to wait on him hand and foot so he can take credit for the wife's hard work while he just looks important. This was not a good essay I feel because he makes it sound like the old days when the wife used to do it all and that is the way it is now. Well it's not. It takes two to run a household and the household shares all the responsibility of running the house.,3732850,1
509,female,"I found the title, ""The family which Dwelt Apart"" fit the essay perfectly.  Seven on an island that end up stranded with mentioning of appendicitus set off huge problems with state troopers sending a rescue squad and three lost their lives.  I found this essay to be confusing.  I had to read it twice.  I did like it.  After figuring out E.B. White uses a tell-tale,this helped put these images in my mind and I find this can't be possible for all this to happen.  The pruitts died from drinking carbolic acid that was left behind by the surgeon whic Pa Pruitt had mistaken for alcohol.  The oldest boy charles returns giving his family decent burial and returns to the mainland. I find E.B. white uses imagination in the essay and as I am reading this,  I find my emotions going in all sorts of directions.  One minute, I'm shocked and another I am chuckling because of the detailed work with so many bizarre incidents.  The reader is keeping my attention in the story with different events going on. I found the essay powerful, sad, and hilarious.  A Hard-to-Believe Story.",3732850,0
709,female,"Well, today is the day that a slew of my friends and myself mourn the death of Travis Niles-whom we referred to as Trapp. If you are new to this blog and have not skimmed any previous posts, Trapp was a friend of mine that died this past weekend. His body was found floating Monday morning in the local lake. The conditions surrounding his death are evidently strange and I am not the only one in thinking that they point directly to foul play. Also, I found out that he had three children; not just the daughter as I had previously thought. His other two children live with their mother and I doubt that he was as close to them as he was the daughter I mentioned before. Today is going to SUCK! It will definitely be a whose who of people in our town...which mind you is not very big to begin with. I was born here in Columbia, SC but was raised in Australia and Atlanta. I am still getting used to the confined span of this small city after two years. Anyway, a friend of mine said that she would not be surprised if cops were there since foul play is suspected at this point. They always say murderers can't stay away...either they go back to the scene of the crime or the funeral. Blogroll Me!",3791552,0
718,female,"Age: 23 Unit: Marine Light Attack Helicopter Squadron169, Marine Aircraft Group 39 Hometown: Troutville, Virginia Details: Killed in a UH-1N Huey helicopter crash in southern Iraq on March 30, 2003 Articles: #1 , #2 , #3 , #4 , #5 , #6 , #7 , #8 , #9 , #10 Probably more, this is the first page of the google search.",4278694,0
750,male,"right, you cant have the practice saturday, and sundays no good for me either ::cough paintball cough:: so your gonna have to plan the thing on monday or tuesday. both are good for me, but not sunday!!!",1618178,0
766,male,"IM TOTALLY ALL FOR THE CROSS DRESSING THING BUT..........how are we gonna pull it off? are we just going to come into school in regular uniform and bring a pair of pants and then just exchange with each other (in bettween u cna wear the pants and whatnot). Im all for it, i think we should start a phone chain and circulate the word. each person calls two other people... ok well i gtg, im all for it tho!",1618178,0
834,male,"my life is over. over over over. my parent are in boston this weekend, and i needed a ride home from school. so i ask polly, she says yes. we go to her house and just hang out with gabo, but wallball hurt. so then we go bowling, that was fun, before we went i called my brother telling him i would be home a bit late mabye 10. i told him not to worry if i dont get home until then, i told him where i was going and who i was with, everything. the moment i get home my mum has come home early, a day early. so she yelles that she didnt know where i was and how worried she was. and the thing is my brother forgot where i was and who i was with. so i cant do anything tommrow. this deserved a uber blah.",1618178,0
927,male,Dougie please re-invite me to the TED blog...,1618178,0
942,male,"Wow, this is really sad...All of my friends are away so instead I'm spending my time over a celebirty obsession of Craig Nicholls, or as I like to call him CN, (the crazy lead guitarist and singer of The Vines) who looks like he's stoned...but..oh well...so does Green Poncho Boy... Anyway, for all of you Vines lovers out there (like myself). Here's the most amazing music video ever!!!!!!... Ride...(I'm lazy so just cut and paste this in the address box yourself)... http://www.nme.com/features/107518.htm If you want more of my pointless ramblings of CN or the lyric to Ride, go to my blog...you know where it is...",1618178,0
1012,male,Can everyone make it to D&amp;D at my house on friday from 11-5:30?,1618178,0
1021,male,"I thinking about having an extra D&D session during this week. It's either going to be on Monday (tomorrow) or Wednesday. I'm not sure which one. It would probably be from 12-6, so we'll have real food this time. You should also bring a bathing suit.",1618178,0
1221,female,"Alright alright I'm on the internet so i guess i should blog. i wouldn't want all 3 people who read this thing to start a riot. Has anyone besides me noticed that the posting part of my site takes forever to load? i think it's that sound clip i put on that makes it so slow. So if you click me and all you see is two blue columns, then don't give up just yet. But then, if all you see is blue columns how would you be able to read this message? Oh well. This morning we went to waffle house and had ((you guessed it)) waffles. It was quite tasty. Because i will be bowling/spending the night/doing something fun tonight, they have piled on the chores which is why i have to cut this post short. Be back tomorrow for more adventures of Caitlin... The uh.... Blonde one.",2221350,1
1228,female,"Alrighty then! I finally finished nitpicking this new template down to the smallest detail and I'm quite pleased with it. I also found a new blog and I really like it. Check out scott on the links. I went and read all of his archives, and he says some of the funniest things! Good Night all. ((OK maybe not good night, maybe I'm going to watch TV until the wee hours of the morning, whatev))",2221350,0
1243,female,Going to kelseys for the weekend. Won't be back until later. Too pissed off to post about anything important anyways. This week was hell.,2221350,0
1329,female,"November 19: Birthdays: *1600 Charles I king of England (1625-49); executed by Parliament 1770 Albert Bertel Thorvaldsen Copenhagen Denmark, sculptor (Dying Lion) 1805 Ferdinand de Lesseps France, diplomat (built Suez Canal) *1831 James A Garfield 20th President (March 4-Sept 19, 1881) 1859 Mikhail Ippolitov-Ivanov Russia, musician (Armenian Rhapsody) 1888 Jose Raul Capablanca Cuba, world chess champion (1921-27) 1899 Howard Thurman famous African *19-- Matt Sorum rock drummer (Guns 'n' Roses-Sweet Child of Mine) 1917 Indira Gandhi Allahabad India, Indian PM (1966-77, 1980-84) *1933 Larry King radio talk show host ""143 Arivadechi"" (Larry King Show) *1938 Ted Turner broadcasting mogul/owns (Atlanta Braves)/won America's Cup 1941 Dan Haggerty Hollywood CA, actor (Grizzly Adams) *1942 Calvin Klein fashion designer (Calvin Klein Jeans) *1949 Mickey Lee Davis Jr Tennessee, murderer (FBI Most Wanted List) 1954 Kathleen Quinlan Mill Valley Cal, actress (Rose Garden, Twilight Zone) *1960 ""Lovely"" Elizabeth Frankfurt KY, WWF's 1st lady of wrestling *1961 Meg Ryan Bethel CT, actress (When Harry Met Sally, As the World Turns) *1962 Jodie Foster Bronx NYC, actress (Taxi Driver, Accused) *1963 Justine Greiner Boston MA, playmate (February, 1984) *1969 Sarka Lukesov 1st playmate in Czechoslovkian Playboy (May, 1991) Deaths: 1828 Franz Schubert Austrian composer, died 1887 Emma Lazarus US poet (""Give us your tired & poor""), dies in NY at 38 1915 Joe Hill Labor leader, executed for murder 1971 Bill Stern sportscaster (Saturday Night Fights), dies at 64 1983 Peter Coffield Illinois, actor (Kevin-W.E.B.), dies at 37 1985 Stepin Fetchit 1st black star, dies of pneumonia at 83 1988 Christine Onassis heiress, dies of heart failure at 37 On this day... 1493 Christopher Columbus discovers Puerto Rico, on his 2nd voyage 1863 Lincoln delivers his address in Gettysburg; ""4 score & 7 years..."" 1879 National Assoc of Trotting Horse Breeders determines what ""is"" a trotter 1887 Start of Sherlock Holmes ""The Adventure of The Dying Detective"" (BG) 1896 Start of Sherlock Holmes ""The Adventure of The Sussex Vampire"" (BG) 1906 London selected to host 1908 Olympics 1919 US Senate rejects (55-39) Treaty of Versailles & League of Nations 1959 Ford cancels the Edsel 1963 Worst Canadian air disaster kills 118 in Montreal 1969 Apollo 12's Conrad & Bean become 3rd & 4th humans on the Moon 1976 George Harrison releases ""This Song"" 1979 Chuck Berry released from prison on income tax evasion 1980 CBS TV bans Calvin Klein's jeans ad featuring Brooke Shields 1985 President Reagan & Soviet leader Mikhail Gorbachev meet for 1st time 1990 Greyhound files reorganization plan so they can be traded publicly 1990 Iraq announces it will free all German hostages 1994 First National Lottery draw in England Holidays: Mali : Liberation Day Monaco : Monegasque National Day Puerto Rico : Discovery Day (1493) United Arab Emirates : Pilgrimage US : Equal Opportunity Day US : National Children's Book Week Begins - - - - - ( Monday ) Find out what happened on your birthday! And just in case you were wondering., i have been alive 5332 days, 10 hours, 23 minutes or 460722180 seconds or 7678703 minutes or 127978 hours",2221350,0
1448,female,"Alright, there is some things that are starting to get on my nerves about my life. Some of those things are about to come out about right now when I tell you about them. 1. High School Drama. I'm sick of the rumors, gossip, and immature little people who think they are better than people. Honestly, who has the right to tell somebody that they are better than them or to even think they are better than somebody. Everybody should be friends with everybody no matter their race, religion, looks, or family. If somebodys wants to be your friend, give them a chance. I've learned that somebody you think you could never possibly be friends with could become your best friend in the whole world. Whether you think they are too good to be your friend or you think you're too good to talk to them, go up to them and say, ""Hello, do you want to hang out sometime?"" You never know who could become a good friend. 2. Fake People. Why do you have to act like somebody you're not. There's nothing more that bothers me than somebody who tries to act like somebody they're not. Let's have an example. Lets pretend I have a friend that is very snooty to the girls that try to talk to her and she isn't very nice to girls. But, when she is around guys, even if it isn't somebody she likes, she tries extra hard to act stupid so the guys will laugh at her stupidity. Alright, lets say a guy tells a joke and she purposely says angelically, ""I don't get it?"" That is what makes me the most angry about people. Yes, this happens to me and I do have an EX friend that acts this way. She just so happens to be my best friend since preschool. It hurts to know that I can't get along with her anymore because she has changed so much and now acts like somebody she's not. So please, nobody out there try to change the way you are and act the way you want. You will find people in this world who will appreciate you for the way you act and won't expect you to be any different. That's all I have to say for this post and I hope you enjoyed. Take some of this advice I am giving out, it's here for a reason!!Later :-D <3 Sara Marie <3",3783033,1
1456,male,"yeah! im so happy! haha.. i juz got a call frm Gurmit Singh! he told me i got in2 ACJC! haha.. im so happy! haha.. i was so happy tt i shouted in2 d phone wif a loud n resounding.. 'YES!' haha.. he was lyk stunned n shocked n lost 4 words! haha.. i finally got back in! haha.. yeah.. neway.. now tt im in.. im gonna hv 2 treasure my tym dere n wrk hard.. of course gals, CCAs, everything else is imp.. but hey.. studies muz take priority! but.. im gonna balance it well! haha.. so happy! haha.. yes.. can go back 2 frenz alyk! haha.. yeah.. but.. hmm.. i dunno leh.. juz damn happy i got in! no more TPJC! tt stupid shit sch! gonna throw it at their faces man! haha.. neway.. yup.. gonna wrk damn hard at everything.. hmm.. dun wanna say it lah.. really happy i got in2 ACJC.. but.. deres still.. sum depression lah.. but.. lets try 2 4get it.. n juz.. haha.. try 2 enjoy my success 1st! oh.. but.. im really happy tt she n i r still gd frenz n r still Jie & Di! haha.. its really freat 4 tt! haha.. neway.. everybody take care.. i'll b dere 4 every1 who needs me.. dun 4get tt! Live Life To The Fullest! ;p",2968005,0
1465,male,"Finally its d holz! yeah! haha.. alas.. its all ruined.. wad was meant 2 b a wk long of refreshment, rejuvination n rest.. is turned.. 2 a wk long filled wif studies, training n practices! haha.. its not tt bad actually! haha.. coz i love trainings! haha.. get 2 c a certain sum1.. however, in truth, im quite confused rite now.. well.. my mind is in a whirl coz of 2 gals whom r special 2 me.. well, 1 gal in ACJC n same CCA as me.. n.. well, d other is another gal whom i hv had feelings 4 2 years oready.. hiaz.. well, it goes lyk this, d gal in ACJC, im not really sure how she feels abt me n well, as far as i noe, she juz wans 2 get 2 noe me better as a fren.. n d other, i've gotta wait until she finishes her relationships wif her 9 bfs! haha.. mainly, they r all books! haha.. which means.. i've basically got 2 wait 4 her 2 finish her 'O's.. haiz.. well.. both ways, i've got to wait.. but wad should i do? wait 4 which 1? haiz.. recently, i juz constantly spoke 2 d other gal, k.. her name is Meiyi lah.. n after talking 2 her.. it made me realise tt i actually lyk her more den i ever thot.. 2 yrs b4, i knew her in a joint production btw MGS n my sch.. n she was in d cast while i was in d crew.. in tt sense, i got 2 noe her.. haha.. it was her honesty n willingness 2 xpress her true self tt attracted me.. hmms.. den she helped me in 1 of my relationship, n in truth, at tt tym, i wanted 2 b wif her instead of my stead, but d tym juz wasn't rite n she was wif dis other guy.. in d end however, tt relationship tt we were both in failed lah.. but tts history.. now, we r both single.. but.. again, i hate d tym n situation thing as she gotta study 4 her 'O's n well.. i gotta survive my 1st yr n basically sort out my thots 1st.. haha.. hmm.. i dunno leh.. i really lyk both of dem n both r special 2 me in my heart.. its qutie scary.. haha.. even Meiyi finds d fact tt i lyk her so much very scary.. but honestly, wad can 1 do 2 control his/her feelings? i honestly dunno.. hope tt sum1 out dere is able 2 help me out n give me sum suggestions.. haiz.. really so confused! neway.. nxt wk is d beginning of a new term n well.. i hope tt i got enuf strength n stamina, as well as focus 2 carry on thru d 10 wks so as 2 do well 4 my 1st Term exams! haha.. oops! i hvn't even started on my Education package 4 GP! im so screwed! haha.. better get dwn 2 it soon.. hmm.. haha.. k.. cya den..",2968005,0
1493,male,"Paano nangyari yun?!?! Natalo DLSU sa UE?!?!? BAKIT???? Oh well, that goes to show na SHIT does happen. Pati yung 2 idol ko walang masayadong nagawa. And the person to blame is- no, not KG Canaleta, but rather SEX MASHEEEN himself!!! Pula kasi ang favorite color niya eh. Sinipsip niya ang lakas ng mga DLSU players. I don't know how, but I certainly don't want to find out. Basta, sa 2nd round, uupakan ng DLSU lahat ng teams na makakalaban nila. GO LA SALLE!!!! YOU MAY FALTER NOW, BUT YOU'LL KICK ASS LATER!!!",4087466,0
1505,female,"currently listening to: walk, don't run by the ventures (originally by the carpenters, i believe)... what a great song... i can sort of play it on the guitar... well, the chords i can but i need to learn the melody stuff.. btw, guitar classes are over..:( .. hopefully, i'll be starting a new session in 2 weeks if my parents let me whoo... might be going down the shore (wildwood) next weekend. can't wait cuz i haven't hung out with emmy down the shore since earlier this year... awesome times.. etc. i want to go to lollapalooza now because of modest mouse and THE VON BONDIES!!!-- I LOVE THEM! oh, and i wish i could afford photoshop... i wanna buy that too... maybe i will on ebay or something ... or when i start working... i was hired at acme... yay? they are paying me about 6.90 an hour, according to the guy who hired me, who wasn't the manager... i thought it'd be good enough.. until my mom said that wawa pays about 10.00 an hour... thanks ma.. anyway, gotta run, cya later --bridget",3469096,1
1537,female,me joseph ((coles little brother)) and cole!! don't they look alike??!?! they act exactly the same to!! well somewhat keke,3628088,0
1673,male,"Oh..... Erica!!! I love you so much!!!  Don't worry though, he'll find out soon enough that Nicole doesn't like him like that and that he's missing out on the coolest girl ever.... i mean, the coolest futchin girl ever (thats you!!!)  Just hang in there and don't give up on him!!! If it's meant to be (and it is) he'll come around.  Don't worry!!!     Luv you lots!!!                         Brittany Lou",1794773,0
1675,male,"guys i love u so much. no should i say i love u so futching much. hehe i crack myself up sorry. thanks so much for encouraging me and what not. i feel so much better. u guys r great. well rachael its fine that u still like mullet. but don't ever tell him that u like him. that isnt a good idea. and yea we should totally go see a movie sometime. there r some really good movies out there. yea i miss u all so much. can't wait till orlando. hope to see u all there. well at least some of u. hehe.                                                                                         LOVE, ERICA.",1794773,0
1687,male,"Hey Carissa, I forgot to tell you.  Um... Nicole's camping but she's coming home tomorrow (Sunday) and Kristin didn't get you email invite so if you could send her another one maybe... I already deleted mine.  Okay... that's all.... Luv ya lots!!!                         Brittany Lou",1794773,0
1689,male,"Hey everyone, i changed my name cuz i felt stupid not using my own name like everyone else did. so i just got back today from tawas for a week and pom camp right b4 that. so im so glad to be home since i was gone for a whole week and a half. and in 5 more days is orlando. guys im so excited. hopefully we'll see each other. maybe i'll even see racoon. gosh i havent talked to him in a month and 15 days. yep i'm a loser and countin the days. i miss him alot. anyways. off to babysitting. goodness this has been a crazy month. o and does neone wanna hang out this coming week b4 orlando cuz i really wannna go see a movie. i luv u all.                                                             Love, Erica.",1794773,0
1691,male,"Omg.. A Cinderella Story totally freaking rocks!!! :-D Rach.. its def worth seeing!! I'll come w/ you when you see it if you want me to.. its soo much better than i thought it was gonna be.. :-) Hey.. tomorrow.. (the 17th) If anyone wants to, they can come up to st. John Amelith.. and we're having our annual Athletic Club Picnic.. its basically a bunch of softball tournaments... but its a lot of fun.. we could just hang out!! :-) And we're having fireworks around 10pm cuz its the 25th annual athletic club picnic :-) But yea.. if you want to go.. you can like.. call my cell.. cuz i should be there all day ((450-1567)) :-)          ",1794773,0
1696,male,"Hello Friends. For anyone who is interested... Becca.. you should go.. unless you have something going on Saturday Night... and anyone else can go.. Rachael buddy :-) Anyways... There's this band thing @ the Saginaw Fire Hall... and bands like Afraid So , 88 mph, Your Best Friend, Consolation Prize, etc..  are going to be there.. Me &amp; Sarah are going... its $5 to get in.. and doors open @ 6.. so you should all come :-)",1794773,0
1702,male,Heyloo again. I want everyone to read the description (located to the left of your screen) and tell me what you think :-),1794773,0
1718,male,"Whoa whoa whoah, im missing a parade on Friday?!?!?!?!?!? Ohh, this really sucks. Am i the only one not going guys?? Omg Princess Diaries 2 is soo awesome. It is seriously hilarious, and adorable. Go see it now!! lol. Well, have fun with bball guys!! Love, rach",1794773,0
1722,male,Hey Erica!! I really want to go!! Give me a call tomorrow after like 12 and tell me details and stuff!!! :-D I have nothing going on.. just bball in the morning.. but that's done by 7.. lol,1794773,0
1742,male,Alright why isn't Krista coming now? Now we're down to like 5 people!!! Is Nicole evev coming? I haven't talked to her since Sunday I think... I can't wait for some brownies!!! Can I have just one Rachael? Please!!! I can't wait to see your hair Carissa!!! See you all on Friday!!! luvluvluvluvluvluvluvluvluvluvluvluvluvluvluvluvluvluvluvluvluvluvluvluvluv Brittany Lou,1794773,0
1749,male,"Brittany~ Bring 13 going on 30!! I really wanna see that and Im sure a lot of other ppl do to. Also, my address is 5285 Seidel. I'll prolly be outside or somethin. Ok guys, come after 1:00. My mom says that you guys should eat lunch before you come. Make sure everyone gets this message! I hope you come Becca! Ahh child, you need to call me! Carissa, I cant wait to see your hair!! :). Love, Rach",1794773,0
1760,female,"To jump start this blog, I've been watching a lot of movies lately--Hoo-ray for unemployment! So it's time for some brief, mostly tangentally, reviews. I watch generally two movies a day. So, going back a few days... Saturday, July 10 Biozombies ---It's Japanese Horror Day. The disk was bad from Netflix, but I did see about 3/4ths the movie. Everyone in the movie is dumb as a box of mealworms and just a little bit less ethical. It's a schlocky Dawn of the Dead rip-off. So, yea, it's good because and I've said this a million times before---you just can't screw up the zombies-in-a-mall concept. It's solid gold every time. The zombies come about from a soft drink made by Iraqi's, because as the movie says, ""they make the best biological weapons since the Americans."" Hmmm? And who knew zombies could fall in love. Joe Bob gives it three thumbs up. The Eye ---After the Sixth Sense, a lot of these kinds of movies just seem redundant. It's a pretty movie, filmed in all blue like most modern, edgy horror/thillers---you can tell the directors have made many, many music videos. The plot--- Blind girl gets a set of eyes, sighted girl sees dead people. The plot drags on and on. There's a decent end to the movie, and the movie was made by the same people who made the Japanese version of the Ring, Ringu. But pretty pictures only go so far. It's mostly an exercise of style over substance. Sunday, July 11 Capturing the Freidmans ---Fantastic documentary, a great movie to discuss and debate after it's over. I don't want to say anything about it. Watch it on HBO, then watch the other semi-related doc that started this doc, Just a Clown. But see it. I netflixed the DVD and bonus disk just to learn more about this fascinating story. It's a story full of suprises, ambiguity, family life and a whole host of issues. Who do you believe? See it, the film should have won best documentary last year over Bowling for Columbine. The 4400 ---Okay, technically a TV series, but the first episode was two hours long. I was going to say ""Taken meets X-Men,"" but the IMBD link says ""X-Files meets X-Men."" Good enough. I agree with their first posting. Bad writing and bad acting on a great premise, but I'll watch it to to see what the mystery is. Monday, July 12 Shattered Glass ---True story of itinerate liar and journalist Stephen Glass at The New Republic. I just got a free subscription of TNR and it's an interesting magazine whose politics are hard to pin down. I like that Stephen is extremely likable and that the details of the magazine are spot-on. Of course, there's a downfall and we do grind toward a predictable end. The acting is great and the commentary is good because they have the actual editor of TNR whose played by Peter Saarsgard filling in the gaps. It's a solid movie, not fantastic, but solid. The Shape of Things ---I didn't realize when I TIVO'ed this one that it was a Neil LaBute movie, otherwise I would have watched it earlier. Why does the TIVO guide summaries suck so much, made it sound like a teen movie, but I like Paul Rudd and Rachael Weitz. Anyway, it's a cross between In the Company of Men and Friends and Neighbors, two earlier LaBute movies. The transition from stage play to movie really shows and Paul Rudd overplays his nerdy acting in the first half of the movie. That said, I did guess the ending about a third into it, and the movie is all about the ending. That's okay because the ending is still pretty conversation-worthy and, like his other movies, doesn't make any judgements on the bad people. That said, weak=bad, strong=good. While there was much I didn't like about the movie, it's still has me thinking days later. Plus every movie should have Elvis Costello-only soundtracks. That's cool, even if a few of the movie cues didn't work. Tuesday, July 13 Marnie ---Can't go wrong with Alfred Hitchcock. Made after Psycho and shares the same cold fish thief for a female lead. Usually in Hitchcock movies, there's a moral absolutism, the bad guys don't get away with it. Here, philosophically, there's a much larger sliding scale and-it could be argued-the good guy (Sean Connery) could be the bad guy. And the bad guy gets away with it. Blame it on psycho-babble. Hard to say. The shocking ending isn't much of a shock and years of movies, you see it coming a mile away. Plus, I'm not a fan of Tippi Hedren in this movie, how Sean found her sexy, I don't know. However, his sister-in-law was a cutey. Overall, a bit long, but a nice, mid-shelf entry from Hitchcock. I saw another movie on Tuesday, but darned if I can remember it. Wednesday, July 14 Matchstick Men ---Nicolas Cage and Ridley Scott, can't go wrong, huh? Well, this blue-o-vision movie (Do they film these things while high on Viagra?) just didn't grab me. And I don't have any complaints, the acting's great, it's occasionally visually interesting, it's about con men, there's a father/daughter relationship. It just seemed lacking. Too clever by half. I didn't even guess the ending, but by the ending, I just didn't care that much. I'm actually a bit perplexed by my underwelming reaction to the movie. The sum was less than it's parts. On the bright side, I did enjoy the hour-long documentary on the making of the movie included on the DVD, learned a lot. MST3K Wild World of Batwoman ---One of the most confusing movies MST3k has ever screened. And one of the funnier episodes. The movie almost didn't need much commentary from the bots what with all the bikinis, mole men, happy pills, ching-chang-ching, lack of cutaways, mexican wrestlers, stock beach characters and on and on.",709888,0
1786,female,I accidentally saw the last half of She Spies the other night. It wasn't bad. I'll check it out again.,709888,0
1820,female,"Thursday Bit O' Beauty OK, I know this is kinda a cop-out, but today's bit o' beauty is my new template. Still just one of the basic Blogger templates, since I haven't learned CSS myself yet, but kinda funky. Hit refresh, or click the title to change the colors. Very Technicolor, if you ask me.",709888,0
1825,female,"One thing I really love about Blogrolling is how it allows me to set my preferences to list my links in order of being updated. I just get a kick out of that, seeing what is the freshest. I've noticed that wannabegirl is at the top of this list most frequently lately. I always enjoy the cool things she has found, like the Sandwich Project , to which I added my infamous PB&M (don't worry, I've never made one for anyone but myself). Thanks Firda for a great (IMHO) blog!",709888,0
1834,female,"Rollin' Rollin' Rollin' Another cool thing I've just implimented, Blogrolling . It will keep my list of Blogs I like to read fresh, and get this it puts the most reciently updated Blog at the top of my little list over there! It also tells me on my personal Blogrolling page who and how many have linked to me and my links. Um, hey G-Man, for all your supposed media empire I was the first to Blogroll you.",709888,0
1846,female,0100000101101110011001000010000001100001011011000110110000100000011 1010001101000011001010010000001101101011011110110111001101011011001 0101111001011100110010000001100001011100100110010101101110001001110 1110100001000000110100101101110001000000111010001101000011001010010 0000011110100110111101101111000011010000101001000101011101100110010 1011100100111100100100000011001000110000101111001001000000111100101 1011110111010100100000011011010110010101100101011101000010000001110 0010111010101101001011101000110010100100000011000010010000001100110 0110010101110111000011010000101001010011011011110010000001111001011 0111101110101001000000111001101100101011001010010000001101001011101 0000100111011100110010000001100001011011000110110000100000011101010 1110000001000000111010001101111001000000111100101101111011101010000 1101000010100101100101101111011101010010000001100011011000010110111 0001000000110001001100101001000000110001001100101011101000111010001 1001010111001000100000011101000110100001100001011011100010000001111 0010110111101110101001000000110000101110010011001010000110100001010 0101100101101111011101010010000001100011011011110111010101101100011 0010000100000011000100110010100100000011100110111011101101001011011 1001100111011010010110111000100111001000000110111101101110001000000 110000100100000011100110111010001100001011100100010000000000000,709888,0
1866,female,"I am starting to hate ME When I got my new PC, summer of 2000, it arrived with Windows 2000 installed, and since I ordered it at exactly the right moment, I would soon receive a disc of Millennium Edition. At the time, I was thrilled. When the disc arrived, on an otherwise downer of a day, I even danced around a little bit. I installed it right away, and have been using it ever since. Like any computer, the hard drive has been getting full, and therefore slowing down, and now I'm down to the preverbal crawl. So last week, I'm trying to run scan disc and defrag and stuff, and I can't even get the defrag to work! Call the (work) help desk: best bet is to get that ME off of there! OK, no problem, I've got all the necessary discs. But the 2000 backup disc says ""Warning, all files will be lost"" Yikes! So all of my free time last weekend, (and I took Monday off since the kids didn't have school) I worked on getting all the files off that I didn't have back-ups of. This is mostly all my artwork! Can't lose that!! (and, of course, some RCT games that I hope will load back in so I don't have to start from scratch). And I'm not done yet. I hope this is going to be worth all the effort! Note to Self: save computer artwork onto disc when finished!!",709888,0
1946,female,Thursday Bit O' Beauty Here's a great thing to do with a former cigarette machine .,709888,0
1948,female,"Ignorance Last night, on King Of The Hill , LuAnn realized that she was ignorant. And, after she learned the defintion of the word, she was proud. That's kind of how I feel about creativity, (or to create ). I think people misunderstand the word, and thus, make assumptions. It's no shame to say that you haven't learned something; are ignorant. Nor is it odd to say that you are capable of producing something, whatever it may be, just an idea, even. Heck, anyone can come up with an idea can't they????",709888,0
1964,female,Tuesday Quote The important thing is not to stop questioning. Curiosity has its own reason for existing. --Albert Einstein,709888,0
1990,female,"""Creation is Play"" I found this article on Creativity. And the 'reclaiming' of it. Good article. Not sure about 'reclaiming', as what I see is the biggest block to creativity, is feeling like you don't have any to 'reclaim'. (Which ISN'T true, we all have creativity!) But read the article, print it out even. Live your creativity.",709888,0
2005,female,"Flog I've started my photo blog, finally, here . I got my digital camera almost a whole month ago, and haven't taken pictures EVERY DAY, what's wrong with me?? I think I'll sign up for this , that seems like great fun! And P.S. if a Web Log is a BLOG, why isn't a Photo Log a Phlog? Or, since I'm using Foto pages a FLOG?",709888,0
2006,female,"From Bobbie Bobbie always sends me the funniest things. Here's the latest advancement in the wiping out of pesky insects . It warnes THIS IS NOT A TOY! . Yeah, right. It's not a toy, but a tool for the great white hunter who hunts from his cubicle.",709888,0
2018,female,"""Blank"" Art Top three answers are on the board. Clip Found (and from the G ) Crap",709888,0
2115,female,Tuesday Quote The wisdom of the wise and the experience of the ages may be preserved in quotations. -- Isaac D'Israeli,709888,0
2117,female,"TV Tidbits A few more observations from recent television. I didn't watch any of the Joe Schmo reality show, but I did flip past an interview this weekend where they were talking to the guy and asking him if he was ever suspicious. They showed scenes where the crew and actors were convinced that 'Joe' was on to them, but he was clue-less. Observation: If they made this show with a female contestant (Joelle Schmo?), she would have figured it out. That's all I'm saying. Tonight, I had been planning on checking out Average Joe , the kids and I wanted to see if that girl really acts as much of a b*tch as she appears to on the commercial, AND because I love Kathy Griffin ! But it turns out it was on later than I thought, (after the kids' TV time is over), and at the same time as CSI:Miami , which is on my usually-watch list, so looks like that Joe will not be watched, either. Miami is one show I would not have watched at all if I didn't already love CSI , because I really do NOT like David Caruso . I'm glad I gave Miami a chance, because I like the other characters so much they balance out the awful Caruso character. Especially the chicks .",709888,0
2164,female,"Favorite Artist of the moment We saw the movie Frida finally this weekend. I won't start reviewing movies here, I promise, I'll just say this is what I'd call an artist flick. (Though that doesn't rhyme as well as chick flick, maybe I'll have to come up with a new phrase) Watching the movie only as creative inspiration, it is a masterpiece. The story of Frida's life , and how her artistic self developed is beautiful. If she had never been in the bus accident, would her art have ever gone so far? I think probably not. So it has me thinking, what is my bus accident?",709888,0
2170,female,"Advertising Referrals? Checking my stats this morning, coming in at #3 (behind my two Lincolnite blogging buddies, Gopher and Algor ) is something called StarProse . This page, specifically. I've never heard of them, and so I'm wondering how/why am I getting so many hits from them? Reading on, I see there are many comments on their own site complaining that these referrals are just advertising. Has anyone else seen this??",709888,0
2234,female,"Not Found Anyone know what happened to Crafster.org? Now that I'm all addicted and stuff, it's *poof* gone.",709888,0
2295,female,Tuesday Quote There is nothing so fatal to character as half finished tasks. --David Lloyd George,709888,0
2316,female,Found Money Update My scientific New Year's Resolution is collecting found change. This month's updated total: .37,709888,0
2517,female,"Ok...so I haven't been keeping up with this like I'd hoped. Oh well...where do I start. Well do you remember  how I was talking about this great/not so great job I have? Well I just found out this week that my days are numbered. I have about 3 weeks left before they kick me to the curb. The project is winding down and I knew this day was coming, but I was given the impression that it wouldn't be until the end of the year. So now I gotta start the whole job hunting thing again. My only ally, TH had to break the news to me on Monday. He really just told me as a heads up so I could start planning my next move. Thanks TH...at least someone around here shows me a little consideration. He also told me that he'd talk to the genius who suddenly decided to let me go and ask for more time. Overall I guess it's not so bad...I was ready for a change. Like I said before it is about time for me to really do something. I just don't know what made them realize all of a sudden that I'm not doing anything and my position really is pointless. Why did it take a year for you to realize that? It was good while it lasted.   In other news, I began my guitar lessons. My friend KH and I go every Tuesday evening and take lessons. Our teacher, CC is really cool. He has been playing for 15 years and is trying to tailor the lessons to our musical tastes. We can bring in songs that we want to learn and he'll build around that. We have only had 2 lessons, but I am really enjoying it. The hardest part so far is coordinating the fingering, but I'm slowly getting it. On my own I've tried my hand at learning a few Tweet songs. I never realized how simplistic her guitar playing is until I pretty much figured out 3 songs in one evening (and remember ---I suck!). I really hope I continue to do well so that I can use the guitar while writing songs, but my fingers hurt!   My brother will be in town this weekend for his 10 year high school reunion. Have we really been out of H.S. that long?! I'm getting old. I will get to spend some good quality time with my 2 year old niece while my brother and sister (in law) are at the reunion. That should be an adventure. I bought a pool and we'll just wing it from there.    ",3451597,0
2519,male,"The Wizard of Oz Dorothy.....Amy Poehler Glenda the Good Witch.....Maya Rudolph Munchkin #1.....Fred Armisen Munchkin #2.....Seth Meyers Munchkin #3.....Chris Parnell Munchkin #4.....Will Forte Munchkin #5.....Rachel Dratch Munchkin #6.....Kenan Thompson Munchkin #7.....Horatio Sanz Munchkin Lawyer.....Megan Mullally .....Darrell Hammond [ open on Turner Classic Movies logo ] Announcer: Turner Classic Movies now returns to ""The Wizard of Oz"". [ dissolve to scene where Dorothy steps out of the farm house after the tornado has dumped it into the magical and colorful land of Oz ] Dorothy: Oh, my.. now I know we're not in Kansas any more, Toto. [ Toto barks, as Glenda the Good Witch steps forward amongst the many Munchkins surrounding the house ] Glenda the Good Witch: Are you a good witch, or a bad witch? Dorothy: [ startled ] Who? Me? Oh, I'm not a witch at all! I'm Dorothy Gale, from Kansas! Witches are old and ugly! [ the nearby Munchkins titter at Dorothy's assertion ] Dorothy: Why are they laughing? Glenda the Good Witch: They're laughing, you see, because I'm a witch. Glenda, the Good Witch of the North. Dorothy: Oh! Well, I-I beg your pardon! It's just, I've never heard of a beautiful witch before! Glenda the Good Witch: [ chuckles ] Only bad witches are ugly. Dorothy: Oh! [ laughs ] Well, I guess that -- Hey! Wait a second. You just asked me if I was a bad witch. What are you trying to say? Glenda the Good Witch: [ stammering ] Oh.. uh.. geeeee.. Munchkin #1: Awk-warrrrrrrd! Glenda the Good Witch: [ changing the subject ] Um.. look. The important thing is.. you, Dorothy Gale, are a hero to these people - for, when your house fell, you killed the Wicked Witch of the East! [ show the Wicked Witch's shriveled legs and foot under the front of the house ] Munchkin #2: The Witch is dead! Three cheers for Dorothy and her falling house! Munchkins: Hip hip hooray!! Hip hip hooray!! Munchkin #3: [ crying in horror ] Oh, my God!!!! [ show Munchkins #4, #5 and #6 trapped under the side of the house ] Munchkin #4: My spine!! Munchkin #5: My pelvis has been shattered!! Munchkin #6: Will somebody raise this damn house off of me?! Dorothy: Ohh! Ohh, my! I didn't mean to -- Munchkin #3: Somebody, help!! Where's Dr. Wingnut?!! Munchkin #2: He was here just a second ago!! He was standing right over th -- [ Munchkin #2 points to the area he was standing out, now covered by the house, his legs dangling out ] Munchkin #2: Oh, boy.. this is not good.. Munchkin #7: [ pointing to Dorothy ] This is all your fault! Do something! Dorothy: Oh! Oh, I know! There's a first aid kit in the house! [ Dorothy climbs up the steps of the house, putting added pressure onto the Munchkins trapped beneath the house ] Munchkins #4, #5, #6: Owwwwww!!!! Owwwwww!!! Munchkin #7: There's people down there!! Dorothy: Oh, okay! Bad idea! I'm really sorry! Munchkin #1: Dear God, it's worse than we thought! The entire Lollipop Guild is down there! [ show the outstretched arm of a member of the Lollipop Guild under the front of the house, trying desperately to clutch onto a lollipop ] Dorothy: Oh! Look, look, nobody panic! We can get them out! We just have to pull! [ grabs two legs ] See! I think it's working! 1! 2! [ gives a swift tug, as the bloody stumps cpme flying out ] [ the Munchkins scream in horror ] Dorothy: Yikes! Another bad idea! Uh.. Glenda, you know magic.. could you, uh..? [ Glenda removes the hat from a Munchkin's head, and throws up in it ] Dorothy: O-kay.. uh.. no help there! [ chuckles ] Look, I'm just making things worse, maybe I should just go. Munchkin #7: Oh no, you don't! You've got one hell of a lawsuit on your hands, lassie! Dorothy: Oh, come on! You're not gonna -- [ bouncy music rises, as Munchkin Lawyer and her associates enter the scene ] Munchkin Lawyer: [ singing ] ""Weeeee represent, the victims' families! The victims' families, the victims' families! And i n the name of victims' families We're gonna sue your ass in Munchkin court!"" Dorothy: What? A class action suit?! Munchkin Lawyer: Oh, we're gonna take you for every gumdrop you got, Sweetie! Dorothy: Oh, this is terrible! It must be a bad dream! [ closes her eyes ] There's no place like home.. there's no place like home.. there's no place like home.. [ a slow dissolve, but no change ] Dorothy: Aw, crap! Munchkin #7: Yeah. No go. Munchkin #2: Nice try. Haul her off, boys! Shae her with a candy cane if she tries anything! Dorothy: Oh! Toto! [ Dorothy is hauled away, as Darrell Hammond enters the scene ] Darrell Hammond: Well, folks, we hope you enjoyed our little Wizard Of Oz piece. But if you want to really experience it on a whole other level, ty this: simply rewind back to the beginning of the sketch, turn the sound down, light up a fattie, watch the whole thing over again with Dark Side of the Moon playing. [ holds up the famed Pink Floyd album ] I guar-an-tee you're going to enjoy that! I know I will! Music Out: ""Money"", Pink Floyd. For more SNL Tanscripts: http://snltranscripts.jt.org/",3693753,0
2566,male,Preview Duh!! I'm back and ready for action...again!! So ya....we saw a dead chipmunk a lil while ago...and i spit on it. And then it came back to life because u kno...i have that crazy revitalizing spit and such. Then we rolled a ball over an ant that was dying and it went somewhere else and we never really found it again so ya its all good i guess. So how you all doin? I'm still unexplainably happy. For god knows why. Anyone with any insight please alert me to this. Well we got nothin.....uhh....bye.... -wessle,3359141,0
2570,male,"well, if u have talked to me at all in the last few wks u kno that im about as irritable as it gets lately. and for this im very sorry. but honestly i cant do a damn thing about it. i want to and i try to but its not working. so all of u who think i can just not b this way ive tried and i am trying and its not working. im so fucking pissed right now its sad. and there are only like two reasons and neither of them is all that good. so ya i guess all i really have to say is: im sorry to all of u who i have and will hurt during this but i cant stop i cant help it and i cant keep trying to make everyone happy. i think for once maybe i shold try to just b happy ofr myself and not just make everyone else happy instead. as selfish as i  feel i dont think that there is any other way i can get myself out of this hole im in right now. ill still b here 4 those who need me but i cant just b here 4 u i need to b here 4 me now some too. but ya b4 i say anything to offend anyone in particular im gonna go....bye....",3359141,0
2614,male,"Greetings in the name of Jesus! this Tuesday and Wednesday, i spent the school day playing with 1st graders and kindergardeners respectively through the YMCA Fun Bus. OH MY GOSH, they are so cute! i saw a lot of my King's Club kids there too. most of them are 2nd graders or older, but i had some kindergardeners today. it was good to see them, and they actually recognized me. i made some new friends too, but i'm biast to my kids first. OH I MISS THEM! seeing them a few times a week, through the program and home visits will leave the deepest of memories with me. it really makes me thing what kind of work/ministry should i persue? i know that where i am now is exactly where God wants me, but how do i figure out where He wants me to be in the future, or how to get there? i feel really slow when it comes to hearing and listening to His voice. i am so grateful that in the midst of looking for a job and finding direction, God provides me with simple loves and joys. may i continue to live and be a blessing to everyone i encounter. all things in His great timing. By His grace and mercy, Gill",579857,0
2634,female,"HeY WeLcOme To Mi NeW WeB bLoG! It WaS CrEaTeD On AuGuSt 29tH, 2003...",1860030,0
2654,female,HOT or NOT? - www.hotornot.com,1860030,0
2695,female,"Well, I should be working but I am writing this instead.  Just a quick preview of the posts to come.   Thursday Night -- Too much to drink at The Standard   sets the stage for a comical taxi ride friday morning.   Friday Monday-- taxi driver reluctant to drop me off in the middle of arlington heights says, ""This is not a neighboor for blond girls.""   Friday Evening-- Las Vegas!  What happens in vegas is supposed to stay there, but fuck it! I've been breaking all the other rules, so why not this one too.   Saturday Evening -- Magnetic Fields unplugged, fans stupid as ever.   Saturday Evening, continued -- Lies and more Lies.  Ditched my date early on to make another one.  Unfortunately they both work at my office.  I'm really pushing the envelope here.   Sunday Morning -- Suntan lotion and sand.  I love venice beach. Must relocate as soon as possible.    Monday Morning -- Surprisingly chipper considering the overwhelming amount of alcohol I consumed this weekend and the insufficient amount of sleep.    Tonight: Modest Mouse concert.  will post more tomorrow.  Back to work.   P.S. I haven't a clue who Tony is, or why he is using the name ""sev.""  Tony, you out there?  Can you explain? ",3593684,0
2786,female,"Now that ur back, I look not beyond today. Never knowing when ur going to turn your back and change. Mustering whatever courage I have left to give you another chance. To pray for you and help you grow. Thats what you've asked of me. I've opened up my heart, my life to you once again. Please lie no more. For even if you fool me..you can't fool God.He knows.. And this time, if you decide to leave, I will be sad, no doubt. But I am prepared. I'm so tired of fighting, of struggling with you and with myself. If it's God's will that you'd leave. You will. No matter how hard I try, how hard I fight. Its all gona be fruitless. Go if you want. I've hidden in the shadows long enough. I want to be in the sunshine. If all you can offer is late night trading then forget it. I dont want you. Trust. Such a crucial factor. Yet I've lost all of it in you. How can we possibly have a start this way? When all trust has been lost even before anything has even started. They are all persuading me to leave you. Not to even have you as a fren. Not to ever bother about what happens to you cos ur jus not worth it. Cos ur an unstable guy. Not to mention spiritual maturity. Even the basic requirements of trust and stability you can't provide. They are afraid you'd hurt me again. That I'd sway away from God if we ever got together cos ur not really a Christian to many. Your heart isn't with God. But I'm always giving you the benefit of the doubt. That maybe this time ur gona change. Maybe this time ur not lying. Maybe this time ur serious about turning to God. Disappoint me no more.. will you? Help me to help you. If you don't even want to help yourself, how do you expect me to help you.. Or maybe I'm just not in the position to help.. cos i'm not even ok myself. Praying..",3314183,0
2814,female,"[ Mon Oct 06, 05:44:17 PM | hot chocolate ] oh burne, how i miss thee and thine control over ye big mouthed monk. [ Mon Oct 06, 04:19:35 PM | Harmony Baggins ] ...and so it was that Burne lived out his years, with wife and kids, in the land of Chesterfieldius. In case you're curious: after pursuing various leads regarding both their recent memory loss and the murder they are suspected of committing, the party has made a curious and partially unexplained bargain with several Illithids, who promise to restore their memories -- an act which may resolve several questions, one of which being the location and activities of the missing Burne. [ Mon Oct 06, 03:22:03 PM | John Robinson ] RTG Notebook My famous/infamous notebook is currently enroute to Mr. Haley via a courier who will exchange for some SG-1 DVDs when he next attends a non-cancelled Hand of Shiva session. Good journey.",734562,0
2884,female,"the circle of irony welcomes our two latest members: shannon erwin and johnathan ""better-late-than-never"" shipley. ;) please see the prior notes about proper ""blogging"" contained in prior posts - they're in the archive section now, but they're a good reference should you have any questions. episode 3 news: apparently there will be ""several"" years between e2 and e3, and then ""about 20"" years between e3 and e4. luke and leia will appear as ""infants"" in e3 (towards or at the end). my rant: i'm getting tired of CGI being used to create human or human-like creatures. landscapes are OK, but CGI creatures are still just fancy cartoon characters. until they're indistinguishable from ""actual"" creatures, i can't take them seriously; i.e., they serve only as a clever but distracting talking head in what might be an otherwise serious scene. if you're making a comedy and/or kids film (which may be all lucas is trying to do now), then perhaps this perspective is overly critical; but admittedly, i took the original trilogy to be a story somewhere between modern mythology and serious science fiction. these films are something else; something modern, but not as deep, somehow. thankfully, i didn't have to endure watching a cartoon lizard/rabbit thing step in feces this time, but i did get weary of the ""C-3PO has switched heads with another robot"" gag. yes, it was funny in the first scene where this occurs. however, it ceases being funny by the fifth time that we're reminded, ""look! C-3PO has switched heads with another robot! hilarious, huh?"" by that point, i'm cringing, hoping it will stop, and that we'll get on with that ""other"" plot thread of watching the jedi council beng attacked by the forces of Darth Tyrannus. we can't say we weren't warned, though, even before episode one; namely, with the ewoks, in episode six... but even that was tolerable, given that things were on the upswing - it's (sort of) a pleasant thing to see the furry warriors triumph over the evil empire. by that point, we feel the immense scale of the overall conflict - a galactic conflict between good and evil, spanning hundreds of worlds, coming together in a final battle. the ewoks aren't distracting in e6 because they seem like a small part of a much larger tapestry. in e1 and e2, however, the sight gags and the bad puns seem to be given the same weight as the rest of the events in the story. the ewoks were just a little something for the kids in e6, and a way to symbolize the hope of a happier future for the galaxy; they're not important to the great arc of things, and the screen time that they are given is balanced with the bigger events accordingly. heck, a couple of the ewoks are even shown dying in the battle; but lucas wouldn't have dared showing any gungans getting creamed - he's too afraid of scaring the kids now. he was a little bolder in e2, with the assination attempt at the beginning, but it's easy to kill off characters that we met, oh, 2 seconds before they blew up. ok, 8 seconds if you count the screen time padme's stand-in had in e1 - but you see my point. when qui-gon dies at the end of e1, it's unfortunate. when obi-wan ""dies"" at the end of e4, it's a tragedy. why? probably something to do with acting, character development, etc. but more than that - in e4, obi-wan and the rest of the gang never had to compete with cartoon characters (and background sets) for screen time. like you said, JLS - pretty pictures. a new trilogy for a different crowd; lighter, goofier, and in the end, a kid's movie. and once i accept this, i find i can enjoy the whole experience with a much less critical, cynical eye. after all, how serious can i be (or be taken), posing for pictures in a jedi outfit for total strangers? ;)",734562,0
2944,female,"anybody have any opinions on the movie ""triple x""",734562,0
2990,female,That gives a whole new meaning to Death by Chocolate.,734562,0
3030,female,Joke? It was a joke. Oh. HA HA HA HA! ;-),734562,0
3033,female,"okay, see everybody that whole hamster thing was a joke. hoo- ha! so, come on back and start bloggin'!",734562,0
3035,female,stole this from allen's site - the article discusses a very disturbing trend - http://www.chron.com/cs/CDA/story.hts/nation/1548489,734562,0
3044,female,signs and portents,734562,0
3046,female,my pants are full of salmon,734562,0
3081,female,i posted again,734562,0
3118,female,yeah that is the news media for you. Want to scare you of everything and create havok just to be able to report it.,734562,0
3130,female,"Angie - Drawing on you vast knowledge of html, is there a way to make this text word wrap when it appears on the web page?",734562,0
3152,female,My Top Five: Shot Glass Oil Drum Dishwasher Leaf Pile Lincoln Memorial,734562,0
3356,female,"Ben - I did not answer the questions because the rephrasing seemed to suggest that the words weren't read at all, which annoyed me because I was in a mood conducive to such. Mir - I answered the first question in my previous post. In an ideal world, I would answer affirmatively to the second question. This is not an ideal world, and proactive goodwill is not inherent to our species, so some socially-agreed upon governmental action is necessary to ensure temporary aid is provided for those who cannot help themselves. I suggest ""governmental action"" because my initial assumption, that proactive goodwill is not inherent to our species, precludes the private sector doing anything unless profit is possible or even guaranteed.",734562,0
3363,female,"from this modern world Your mind bender for today This definitely qualifies for the, ""Are they out of their frickin minds?"" category. The geniuses in the Bush admin are wooing Iraqi Ayatollah Muhammad Bakir al-Hakim, based in Iran, as part of their attempt to go after Saddam Hussein. Let's get this straight. They are backing an Ayatollah, backed by the Ayatollahs they consider part of an Axis of Evil for overthrowing the secular dictator they put and kept in power, in order to help overthrow another part of the Axis of Evil led by a secular dictator they put and kept in power.",734562,0
3372,female,"hello? i'm working at home here - need some entertainment! where are all the blogger folk? (and yes, that is a cat stevens song)",734562,0
3445,female,good thoughts.... good thoughts...,734562,0
3503,female,"that is the funniest thing i have heard in a long time, final.",734562,0
3537,female,"Miriam is sooooo cool oh my GOD it's crucial critical meltdown, man a china syndrome of COOL oh MY *GOD* MIRIAM MIIIRRIIIIAAAMM",734562,0
3566,female,"those park people are uptight, man.",734562,0
3591,female,"""This issue marks 15 full years of News of the Weird. Since I haven't noticed any letup in the number of bizarre people lately, I might as well keep going."" - Chuck Shepherd, News Of The Weird",734562,0
3606,female,"and yo, ben, put up some new scat in your secret city. i done sick of them wolves man.",734562,0
3653,female,"All right now, Keeng, I never said that I hated MBFGW. I sneered at commercials because they make the screenwriting for both look unworthy of full production, and thus, wasteful. What's more insulting to the poorstarvingartist than wastefulness? (Answer: not much.) (And I apologise for not giving it a fair shake, but read on...) I have to agree with your wry observation about successes making failures of art. I am certainly less inclined to see a movie that's gone mainstream, and yes, it is reverse snobbism. That's one of the unfortunate things that I got with my BFA: the belief that artisanally-produced projects appeal to connoisseurs, not the masses. I admit it's skewed (but tell me: How many pieces of furniture have been purchased in Richmond from Ethan Allen or Haynes or (godforbid) Target rather than at Harrison Higgins, who custom-makes beautiful solid goods right on Broad Street at Lombardy?). It's oversimplified & illogical to infer that I won't like a film because it's popularly acclaimed, yet I do it anyway, because experience has taught me that my taste isn't right in step with that of the general viewing public. Yes, I miss things. Yes, I regret the oversights when I discover & correct them. But I'm a stubborn, reactionary little human, and it's the method, although flawed, that's served me best so far. I know: Judge not lest ye be judged....",734562,0
9143,female,"This is just a short post advising all visitors to my blog to visit this site. It is all about two Red Cross fundraisers from Oxford who sold all they owned to gain money to go from Oxford England to Oxford New Zealand in a Morris Oxford. Oxford2Oxford While spending a quiet night in the British Embassy, Kimberly and myself met the couple who had just arrived in Cairo. Their next stop was to be India. You can read their diary and maybe donate some money to the cause.",3858126,0
9339,female,"Good Friday ...A video aired on the Arabic-language news channel Al-Jazeera showed three Japanese hostages held at gunpoint and threatened with knives. The video was delivered to Al-Jazeera with a written demand: Withdraw Japanese troops from Iraq within three days or the hostages would be burned alive. ...Video of the three Japanese hostages showed them being manhandled, humiliated and threatened with guns and knives -- at times, the knives pressed to their throats. The names of the three were seen on passports in news footage. They are Koriyama Soichiro, who has a press card issued in Jordan for Weekly Asahi, and Imai Noriaki -- both men. The third is Takato Nahoko, a woman. . . . Do not go gentle into that good night, Old age should burn and rave at close of day; Rage, rage against the dying of the light. Though wise men at their end know dark is right, Because their words had forked no lightning they Do not go gentle into that good night. Good men, the last wave by, crying how bright Their frail deeds might have danced in a green bay, Rage, rage against the dying of the light. Wild men who caught and sang the sun in flight, And learn, too late, they grieved it on its way, Do not go gentle into that good night. Grave men, near death, who see with blinding sight Blind eyes could blaze like meteors and be gay, Rage, rage against the dying of the light. And you, my father, there on the sad height, Curse, bless me now with your fierce tears, I pray. Do not go gentle into that good night. Rage, rage against the dying of the light. (written by Thomas on the eve of his father's death) . . . Now when the sixth hour had come, there was darkness over the whole land until the ninth hour. And at the ninth hour Jesus cried out with a loud voice, saying, ""Eloi, Eloi, lama sabachthani?"" which is translated, ""My God, My God, why have You forsaken Me?"" Some of those who stood by, when they heard that, said, ""Look, He is calling for Elijah!"" Then someone ran and filled a sponge full of sour wine, put it on a reed, and offered it to Him to drink, saying, ""Let Him alone; let us see if Elijah will come to take Him down."" And Jesus cried out with a loud voice, and breathed His last. Then the veil of the temple was torn in two from top to bottom. So when the centurion, who stood opposite Him, saw that He cried out like this and breathed His last, he said, ""Truly this Man was the Son of God!""",490574,0
9354,female,"I was rebuked by this entry in Oswald Chamber's My Utmost for His Highest : ""That I may know Him."" Philippians 3:10 The initiative of the saint is not towards self-realization, but towards knowing Jesus Christ. The spiritual saint never believes circumstances to be haphazard, or thinks of his life as secular and sacred; he sees everything he is dumped down in as the means of securing the knowledge of Jesus Christ. There is a reckless abandonment about him. The Holy Spirit is determined that we shall realize Jesus Christ in every domain of life, and He will bring us back to the same point again and again until we do. Self-realization leads to the enthronement of work; whereas the saint enthrones Jesus Christ in his work. Whether it be eating or drinking or washing disciples feet, whatever it is, we have to take the initiative of realizing Jesus Christ in it. Every phase of our actual life has its counterpart in the life of Jesus. Our Lord realized His relationship to the Father even in the most menial work. ""Jesus knowing . . . that He was come from God, and went to God . . . took a towel . . . and began to wash the disciples' feet."" The aim of the spiritual saint is ""that I may know Him."" Do I know Him where I am to-day? If not, I am failing Him. I am here not to realize myself, but to know Jesus. In Christian work the initiative is too often the realization that something has to be done and I must do it. That is never the attitude of the spiritual saint, his aim is to secure the realization of Jesus Christ in every set of circumstances he is in.",490574,0
9358,female,"JOHN CHI PLAYED 8 HOURS OF PLAY STATION TODAY, NON-STOP, IN HIS BOXERS AND UNDERSHIRT. HE DID NOT BRUSH HIS TEETH, NOR DID HE EAT. I WONDER WHETHER OR NOT HE EVEN USED THE BATHROOM. I am in awe of my brother. I think that he deserves some reward. Maybe he can make it into the Guiness Book of World Records!",490574,0
9390,female,"ZzZz.. Sister woke me up at 7am. Oh my oh my! I thought i can't go to school already then i quick woke up and sister worried more than me. Haha~ Because if i'm late for school or didn't go to school, our mum will scold her.. =x Then she keep asking me, 'what else do you need!? what else do you need!?' -.-l Then she went pour the water and took the school shoes in for me.. o.O Haha.. She's so funny lehz.. Can't even skip the school for one day ma..? Oh well.. When leaving the house, i still can walk slowly to school.. Used to walk fast to school de. Then this morning, walk very slowly to school (1st time?) and i feeling 'wow' if u get what i mean. Think my hair messy when i reach school.. =P Hmm.. Today in school not so happy lah.. Got my mathematics class test for 22/25. Damn la! Syafawati got 23/25 lehz! If only i didn't let her copy then i would be the top of the class! Shit! Forget it! What done cannot be undone! I can only blamed myself! Next time, try not to let people copy liao! >.> During English lessons, I didn't pay attention in class.. Every English, Chinese and Music lessons, i don't pay attention in class one.. Very boring.. ZzZz.. That SUCKY Mr Low very what lehz.. Always told the story in class.. Then always ask us to do composition like hell! Sigh~! Chinese lessons is.. my chinese sucks so don't know what Mrs Ong talking about everytime.. Whenever she teached me, i act like i know what she mean liao.. =P Music ar.. Music always play guitar one la~ But only every tuesday then got music.. Then the teachers also everytime keep changing the songs when we also haven't learn the last song completely! WAT SIA! They think we can remember the songs clearly ar? Every one week then people don't forgot ma? ZzZz.. Oh well.. Got Pe lessons after English.. Went to play badminton in hall with Hui Ting, Stella, Fang Yi, Wei Qi and a lot la.. I sweating a lot and hair also messy messy after playing.. >.> CM lesson.. is free period.. =) Teacher let us do whatever we want~ Then i ask the teacher to come over to me because i want to take a MMS of him.. When i took my friend's handphone out and took, he took his papers and cover his face.. Haha~ Too bad, took so ugly de.. Bu hao kan.. >.> Then he don't let me took his pictures.. ZzZz.. After school, t hat someone hor! Very sucks! Can't type her name here..! She really completely sucks! >.> I just can't complain! She think she can do whatever she want.. But it's just the wrong way! Sigh~ Don't want to talk about it liao! >.> Stop here and late already.. Want to go read comic liao~ Bye~",3420183,0
9413,male,"i fuckin hate my brother. today he locked me outside on our deck and then told me to sit down and he would let me inside, then after i didnt sit down he got all bitchy and tried to make me sit down. i just pushed him outa the way and came inside and he kept tryin to push me back outside, so i pushed back and then he was kinda half standing up but not really and he just started to twirl around with fist tryin to hit me, it didnt work so i push him again. after that i went to shut the door thinkin it was over and he pushed me and my head hit the wall, i just turned around and punched him in his sholder and pushed him, then i ducked because he came back up twirling around like a gay balerina tryin to hit me again. we finally stoped and i went to get on the comp. he then started bitchin about how i was ""grounded"" from the comp and i coldnt get on. i just told him i wasnt so he grabed the phone and acted like he was calling my mom, which i didnt know he was just acting, so after he got back he said she said i was grounded and to take away the mouse so i couldnt play. i got really pissed off and really called my mom and she said he didnt call and i wasnt grounded. so, for those of you who know me, this is one of the many reasons i hate my brother and wish i could kill him. the only problem is that i am very relaxed and i never stay really pissed off at people and i havent held a grudge against him, but whenever we start to fight again i remember all that stuff and get super pissed off. enough of my ranting and raving i am gunna write in here what i have done in the past few days. you know what? i dont remember any of that stuff so i am just gunna write stuff that i remember. this morning i went to church and came home and played x-box. thats all i remember. and by the way, i was just wondering who all reads this, so if u read it just leave a comment, i dont know if you can if u aint on blogger but just leave a comment with ur name, ty",3578941,0
9419,male,"Today I found out that my boat had a giant hole in it. Also the reasan my title is sooo long is that my uncle and I watched the third lord of the rings tonight, it was loooonnnggggg. There was a good thing about today, I got paid $5 for each present I wrapped for my uncle and I wraped 4 so he gave me $20 this afternoon. O ya, IT IS HOT OUT AND I HAD TO MOW. Well that is about it so read my next post and hopefully it is good or better than this one. One last thing, I read Ashley T.'s away messege and it said that she and Jess C. were running around on the golf course in bikinis covered with whip cream! OMG they are soo fucking hot! P.S. especially ashley",3578941,0
9444,female,"Hello Loua! I'm here having a look around to see if it may be the place for you chicky.~Smilez~ Now I am here I don't know what to write! OOh we had a good time at lunch yesterday hey. The great thing is that I can write about it on here and NO ONE will ever know about our secret lunch date. (Well no one but Rick, the weazel )~Laughs~ Its Saturday morning 9.30 and I am sitting here listening to the gardening show on the radio, listening for some tips. The old girl is still in her room, I know she is awake as I heard her mulling around in there earlier, doing whatever it is that old people do in their rooms.~Chucklez~ The  biggest one is in his room also. He is playing on his pc inbetween doing his washing. He is all excited about the party tonight I think, looking forward to dressing up as a pimp . Lets hope he finds himself a HOE !~Laughz~  I don't know what to do today Loua . I might play around with this for awhile, call you and tell you to get on and have a look. I cannot be bothered doing anything else. I feel a bit guilty already coz I am sure the oldest one will want to do something. I am sure she will be feeling a little better and be ready to get out and about. I have no money and cannot be bothered driving anywhere to do 'I don't know what' with her!~Sighz~ Oh well. Maybe I could rent her a movie to watch.(It will probably only put her to sleep). I don't know, makes me all uncomfortable just thinking about what to do to be honest.~Laughz~ I wish I could shoot! I wish I had a gun ! Yes, that bloody cat from next door keeps trying to get Henna . Three times yesterday it tried. Then this morning when I let her and Licken out the bastard was down the back skulking around. One shot is all it would take Loua. Ready....Aim....Fire. One dead cat ! I am getting to the stage where I don't want to let them out of their cage. GGGGGrrrrrr. I will just have to get a trap and catch the horrid thing. Anyway Loua that's enough to test this all out I think. I will publish and see how we go from there. Maybe we could get together today and add a few more things. I will need your help though I think. Something to look @ http://www.mbayaq.org/efc/efc_smm/smm_cam.asp?bhcp=1 See ya, love ya.   ~ Back flips out the door ~",3950546,0
9659,male,"A visit to the dentist yesterday brought back a whole world of memories for me. I took my daughter to the same dentist I had when I was a kid. Dr. Kearns is a great childrens and adolescent dentist. As I watched my daughter go through the whole cleaning, examine and florid process I was reminded of my own time in that little purple chair holding the little water game. This was my daughters first visit and it was considerably better than my first visit. She had no cavities or problems. This is very different from my experiences as a child. I have weak teeth and I think my first visit yielded a cavity or two. Dr. Kearns was always gentle but firm and I think if I had had any other dentist, I would have quit going permanently. My daughter had the best first dental cleaning ever. No cavities, she received a goody bad (toothbrush, toothpaste, floss, stickers and a pencil) and had strawberry fluoride. I would recommend Dr. Kearns and Ashby to anyone with children and hopefully the words of my daughter to the dentist ""I'm never going to have ANY cavities!"" will ring true.",4197792,0
9674,male,"this is form the woman i love...but cant i have ....... CtchTheClock1111: i am living my life CtchTheClock1111: and no we're not together yet CtchTheClock1111: but....i m not gonna lie... CtchTheClock1111: its probly gonna work out :-CtchTheClock1111: but i hate doing this to you CtchTheClock1111: and i wish i could taske it all away ....... i cant belive this!!...i knew it was coming though...i should have been more prepared, but i wasnt...i fell into her again, and then i waited too long to tell...for like, no more than a week, i thought i liked another girl, and i made the mistake of telling her...but i was completly worng aboout stacy...i really dont wanna even talk to her any more....then i realized that i never really liked that girl to begin with and didnt tell kim that in time...as far as i knewshe was going to come visit last weekend, but she didnt b/c of what i had told her...she said it would hurt too much to come see me and to kno i didnt feel the same, well, thats not true at all...when she didnt show, i was really upset...the next day, i asked and she told me that she did not come because of stacy..and then she told me about bryan, i freaked out... i had held the things i felt for her from her for soo long...one the day she was suposed to come up, i was gona tell her to her face how i felt, i thought it would mean more...but i cant now...i mean i told her...but now the only way im gona see her is if i go to her dance compitition in lancaster at the end of the month, but i dont even kno if i wanna go now...but if i can i will, i have to, to show i care ....... CtchTheClock1111: john...itll be okay.. CtchTheClock1111: the friend situations will get better... CtchTheClock1111: they always do CtchTheClock1111: and ull find another girl CtchTheClock1111: cuz ur awesome and theyll love you ....... i dont want ot love anyone else...i really dont..i cant, not after this ...... CtchTheClock1111: john, talk to me FallIntoPlace187: i dunt kno what to talk about....i fell like a ton of shit right now, i cant come up w/ anything creative CtchTheClock1111: well then talk to me about whats going thru ur mind CtchTheClock1111: when have i not been there john... CtchTheClock1111: i dont want u to shut off to me FallIntoPlace187: u said u will find another girl, well, truth be told, i dont want to CtchTheClock1111: but you did for so long...why is it differnet now FallIntoPlace187: there wasnt a point in time in the last 5 months where i didnt want u over anyone...i swear CtchTheClock1111: well john u shouldnt have kept that a secret... CtchTheClock1111: because now ur not only goping thru this ....... I AM A FUCKING MORON",3324474,1
9762,female,"Jeffery Milkweed,former member of LuvGash stopped in to pay a visit. Haven't seen him in years. Gave his blessing on the new Dumpster Girl demo.Hopefully the video will be posted soon!",3381752,0
9845,female,"As you probably already assumed, I don't think I will be having a birthday party this week. Maybe not at all. The deck was late being made so there isn't enough time for it to be finished and have a party before some people leave for college. Plus I am broke, anyway. I don't know what to do. Anyone have any bright ideas? This sucks. Quite a lot.",730532,0
9850,female,"What is a blog, exactly? That's roughly the level of on-line savvy of my average reader. The answer: no earthly idea. It's short for ""web-log,"" but you know knew that, right? It's an on-line journal. My God, man, isn't it obvious?! I won't respond to anymore of these inquiries! Snichols Announces Snout-based Movie-rating System--first movie, Dogville Although Snichols, the author of ""Snicholsblog,"" renounced her love of pigs over a decade ago with a party on Capitol Hill, a haunting reminder remains (mostly in a box in her closet marked ""pigs"" which may cause some faithful readers to hum ""pigs in the attic, there's no denying. pigs in the attic, there's bacon frying. they are blue. you are pink. they leave no hairs in the bathroom sink..."") Yes, despite, or perhaps because of, this long dead porcine obsession designed primarily for people to have something to give you on Christmas (or Hanukah--when winter comes, look for my ""Shiksa Hanukah"" series), I find that the only way that I can convey my rating system for movies is not stars, nor thumbs nor animated popcorn, but rather snouts (up to be precise)--(:) To give you a sense of my system and sensibilities (the new Jane Austin): Level (:) = ""Bill and Coo,"" the all-parrot western Level (:) (:) = ""Clan of the Cave Bear"" with Darryl Hannah--grunt if you want me Level (:) (:) (:) = ""Kramer vs. Kramer"" good acting, good script, okay, what's next? Level (:) (:) (:) (:) = ""The Big Easy"" 'You ain't from around hea, ah you sha?' Level (:) (:) (:) (:) (:) = ""Moulin Rouge"" this movie was made for me! Play it again! 3 Snouts Up for Dogville -- ""Our Town"" Gone to Hell I rode my bike to the Tower Theater (Save the Tower!) and saw the movie Dogville. I'm too tired to do it justice now, but I think you should see it. It's like Thorton Wilder's ""Our Town"" gone to Kafka hell before your eyes. I'm certain I've never seen a movie like it before--shot entirely on a sketchy crime scene of a set. It's not as hard to watch as I'm implying, but requires more of the patience of a Eugene O'Neill experience, with all the philosophy, but without the glorious dialogue--very memorable though and completely unique. The only reason I'd deny it the 4th snout up is that I didn't think it was that well-written or acted, but it was certainly well-conceived and extremely riveting. The straight poop on cubscouts Let's set the record entirely straight: the game I played with my son's cub scout troop is called ""the movie game."" Invented by me and a group of twisted theatre kids in 1979 over a couple of bottles of Boones Farm Strawberry Hill (oh God, was I sick), the game went on to achieve its 15 minutes in Lisa Birnbach's College Handbook description of Reed College's favorite drinking game. Decades later, I morphed it back into a kids game, minus the drinking and the obscenity. I'll describe how to play it another time. Sara",3163405,1
9851,female,"Where there's a Who, there's a Horton! Hey, remember that public financing bill I told you about? Horton, Levine, Longville and a last minute addition of Gene Mullin from San Mateo, voted for it in the Elections Committee Wednesday--it passed without a vote to spare! Bill Magavern, Sierra Club, husband, father of my children, was one of the many Who's who chorused loud enough for Horton to hear them and vote the right way. Now it's on to the Assembly Appropriations Committee, aka Graveyard. My Bill & his Sierra Club Well, while I was trying to get semi-catatonic cub scouts to play the tame version of a game my college friends used to know as ""fuck me fuck me"" (oh boy, this sounds really bad...), my Bill & his Sierra Club were rockin' and rollin' today even more than usual. The Sierra Club board successfully fended off its hostile anti-immigrant takeover and Bill bashed hummers in the New York Times. I can't find the link, so this AP cut & paste will have to do. -------------------------------------------------------------------------------- April 22, 2004 Schwarzenegger Has Yet to Retrofit Hummer By THE ASSOCIATED PRESS Filed at 6:06 a.m. ET LOS ANGELES (AP) -- Labeled an environmentalist-come-lately as a candidate, Arnold Schwarzenegger answered his critics by announcing plans to retrofit one of his gas-swilling Hummers to run on eco-friendly hydrogen power. ``I think that's where the future of fuel will be going,'' he said at the time. But seven months later, the high-tech Hummer has yet to hit the road. For the moment, the project has produced more talk than torque. Seven companies submitted bids to do the work -- ranging in cost from $40,000 to $150,000 -- but no contract has been signed, said Rick Margolin, assistant director of Energy Independence Now, a Santa Monica group that evaluated the proposals on behalf of the governor. ``He does have people working on it,'' Margolin said. Schwarzenegger, who has owned as many as six of the enormous SUVs at one time, raised his proposal for a clean-fuel vehicle with officials in the Hummer division of General Motors Corp. But for now the company is not engineering a hydrogen-fueled Hummer for him or anyone else. ``It's out there as an idea,'' said David Caldwell, a spokesman for Hummer. ``It's not something that exists currently. It's not something you would expect to see in the near future.'' He added, ``We would never do a Hummer on any energy source that would not perform like a Hummer is supposed to perform.'' Schwarzenegger took delivery of the first Hummer made available to the public more than a decade ago, a civilian version of a military vehicle that caught the public's attention during the Gulf War. His popularity in Hollywood helped transform the brand into a favorite status vehicle. He was forced to defend his association with the hulking, low-mileage Hummer during the campaign when rivals questioned his environmental credentials considering his choice of transportation. General Motors markets and distributes the latest version of the vehicle, the 6,400-pound H2, and estimates it gets 10 to 13 miles per gallon. Dealers put the figure at 8 to 10 mpg. The issue hasn't vanished. Activists planned a Thursday news conference in Sacramento to urge the governor to stop driving his signature vehicle, citing its impact on air quality. Sierra Club lobbyist Bill Magavern said the gas-greedy Hummer ``wreaks havoc to our environment'' but viewed the governor's promise to retrofit his sport utility vehicle as ``largely irrelevant.'' ``The Hummer is the opposite kind of vehicle from what we would like to see on California streets,'' he said. ``What's more important to us is whether he keeps his promise to reduce California air pollution by 50 percent. ... We have yet to see his strategy.'' There was no mention of his Hummer on Tuesday, when Schwarzenegger directed state agencies to work with private companies and research groups to develop a statewide network of stations offering hydrogen fuel within six years: ``Your government will lead by example,'' he said in announcing the initiative. With the governor working on the alternative-fueling plan, the retrofitted Hummer was ``pushed down on the priority list,'' Margolin said.",3163405,1
9894,female,"Rudolf's Diner Read my Eye on the Pie column, in this, the 2-year anniverary issue of Rudolf's Diner and read Rudolf's Diner . I'm so proud of my the editor, my baby brother Evan Nichols. This 'zine gets better every issue. And, if you're Dan Weintraub , read the answer to your unanswered question. One Less Tenet I know you're all wondering what my reaction is to Tenet's resignation. It's this: about darn time. For years Tenet has mislead and taken advantage of the American public. We deserve better. That's why I go to UC Davis Medical Center... Oh. Apparently not that Tenet. It was that other guy, the one that Al Gore, Bob Graham, Bill Clinton and Mario Cuomo laud as a decent, honest, public servant. Nah, he's a crook. He's gotta go. But keep Tenet Health, so we have one Tenet left to hate. If you don't know what's despicable about our remaining Tenet, read California Nurse's Association's Tenet (Heathcare Systems) Watch .",3163405,0
9899,female,"Meanwhile, back in Sacramento... Well, I'm not back in Sacramento, but other people seem to be and the Democratic Party is hard at work capitalizing (sic) on Scharzenegger's most recent gaff.  Go to sacramentogirliemen.com  to buy the actually really cute eponymous t-shirts--all proceeds go to the Democratic Party.   (Get this straight: this is a t-shirt making fun of a governor who was making fun of the Democrats by making fun of an ancient  Saturday Night Live skit that was making fun of him before he was governor.)",3163405,0
9919,male,"Im done running, no more I'll be there for whoever needs me As corny as it sounds I'm ready to be a man now Look in my eyes, look deep What you'll see is someone who is deadset on being happy in his life The happiness he can work through Now that I don't have to worry about myself I can help my friends The people who need me there for them, even if I'm only a friend I'm ready ok? I'll be there for you if you ever need it I know I may seem like a poor bastard but I'm not All I can do for you is just wish you luck with your happiness Until you say otherwise So here it is May your broken heart and withered bones heal May you find happiness with whoever you see fit to please you I wish him luck also, because even though he's already a lucky bastard happiness is a hard road to stay on I only see as much as I can Whatever comes, or whoever I'll be ready I'm done running Thank you",3850284,1
9933,male,"The other day I saw the film ""Harry Potter and the Prisoner of Azkaban"". I read the book and this is one of the best of all of Harry Potter series. The movie was also excellent. At this moment I am trying to read the last one ""Harry Potter and de Order of the Phoenix""",3926259,0
9942,female,Happy T-shirts : ) ,3777485,0
9986,female,Us before the closing session Saturday night ,3869230,0
9996,female,desert and pheonix from sky ,3869230,0
10317,female,The world is cruel......,944569,0
10407,female,The girl at the top reminds me of whatshername in Noir the anime...,944569,0
10416,female,I'm tired of all those yaio couplings in Prince of Tennis. Here's a sprite image i made myself since all the rest are MomoRyo >P,944569,0
10429,female,"I finally got around to correcting the blog (for the FOURTH time since I started it). Blogger templates suck butt but I guess I'll just have to live with it. *sigh* Every template seems to mess up after a few months. Bleeeh. I redid the comments column once more and made the pic that acts as a header (It's plain but prettiful, see?). Yosh! Time to bring this blog back to life! Ahaahhahaahhaha! *standing on a rock with waves splashing around her* >:D",944569,1
10431,female,"Mm...listening to Has Anyone Seen My Underwear by the Youth Ahead. It's a really funny song. I'll post up the lyrics here Woke up, flat faced on a kitchen floor With an empty bottle of JD still clasped in my hand My headache was intense, there was a sudden chill in the air But the biggest shock that was yet to come, I was missing my underwear Has anyone, has anyone seen my underwear? Has anyone, has anyone seen my underwear? Has anyone, has anyone seen my underwear? I looked up and down, and all around People stopped to stare I asked everyone about it, but no one seemed to care It's just not fair, what a nightmare Wish I had a spare, but I don't Has anyone, has anyone seen my underwear? Has anyone, has anyone seen my underwear? Has anyone, has anyone seen my underwear? What could've happened with it? I hear them all there laughing Hiding myself in the dark I hope nobody saw the skidmark Has anyone, has anyone seen my underwear? Has anyone, has anyone seen my underwear? Has anyone, has anyone seen my underwear? I was about to give up I was about to go home When I saw my pair of BVDs laying there by the phone I knew that they were mine I saw that they were fine, but I was still drunk and naked Everybody laughed and everybody screamed--- Has anyone,has anyone seen my underwear? Has anyone, has anyone seen my underwear? Has anyone, has anyone seen my underwear? Has anyone, has anyone seen my underwear? Has anyone, has anyone seen my underwear? Has anyone, has anyone seen my underwear? Where did it go...?",944569,0
10433,female,Nothing is posting properly on my blog. The last two posts of mine were deleted. I'm thinking about ditching Blogger. It really sucks ass at times.,944569,0
10464,female,HELLO EVERYONE!!this is the first entry of the tfsers Nicole: Dana! You big poo! i started this blog! i make the first post! *throws a temper tantrum* lol,944569,1
10489,female,"A word from Dr. Evil and Scott Evil: Dr. Evil: I will call it Preparation H Scott: *snorts* Dr. Evil: What? Scott: Why preparation H? We might aswell just call it Preparation ass cream! Dr. Evil: ... Scott: Yes you're right, Preparation H does feel good...on the hole! Dr.Evil: ? Scott: Yes, i sure want some chocolate ass cream Dr.Evil: Maybe later?",944569,0
10512,female,i try to do the survey but whenever i do it it doesnt show up!!!!,944569,0
10568,female,Prance With Me! ^_^ lol. Inside joke.,944569,0
10606,female,What the F*** is your problem Trevor..You need help!,944569,0
10647,female,TREVOR!!!!!!! YOU BASTARD!!!!! YOU CHANGED MY MESSAGE!!! I WILL KILL YOU!!!!!!!!,944569,0
10672,female,i'lllll neeeever teeeeeelll..... here are a few more.. this remind you of someone? this reminds me of Dana Adam... muahaha Nikki's signature emoticon... David Chris,944569,0
10753,female,THOSE WHO HAST CRY WHILE DRAINING SHALL PUT THOU SHIELD ON ITS TAP,944569,0
10762,female,Mood: slightly relaxed...well not really: /,944569,0
10782,female,"Olivia..im not mad, dont worry, what the fuk is daniel's blog address....ILL KILL THAT FUCKING BITCH!!!!!!",944569,0
10807,female,"Someone plz post their opinions? waaaah....i'm not good at managing this blog...the only things ppl do on this blog is either complain or write about their lifestories. I dont think ppl want to read our blog coz its boring and only about the lives of a handful of tfsers. Blogs are made for expressing your thoughts and opinions in the world. Or your philosophy of life. Most people like to read blogs like that. In fact, i was reading a blog and it says and i quote, "" Have you guys ever read the other blogs here? I have. We sound more like geniuses compared to those people who only complain about their lives. I dont think there is anyone intelligent enough out there to write a DECENT blog..."" I dont think you guys would like to do philosophy but why not take this chance to get to know each other's thoughts and opinions better, hm? Now why dont you look at my opinion and tell me if you agree or not. Opinion What do you guys think will and should be done with Holly Jones' murderer when he/she is caught? I personally think that this ,guys, is sick. I believe that this monster deserves nothing other than an execution. Who could possibly kill a girl like that? WHAT A COWARD!!!!! I really really hope they get an execution because: A) they killed a child who hasn't even lived her life yet B) it's people like them that waste the oxygen in the air and are a waste of blood and flesh in this world C) there is no excuse for this outrage! D) All of the Above Answer: D) augh! This is so stupid, though! They're probably going to put that person in jail for a year or two and set them free again. YEAH RIGHT!! As if that's gonna teach them a lesson! Blood for blood, death for a death. I believe in that for case of murders and murders only! If you're gonna put them in jail like that, why dont you just give them a stupid lollipop, pat them on the head and tell them they did nothing wrong.",944569,0
10834,female,no one seems 2 uze the blog anymore,944569,0
10835,female,heeeeeeeeeeee I have a hotmail account! e-mail me at smokeywhisky@hotmail.com. have microsoft messenger. hhhhheeeeeeeeeeeeeeeeeheeeeeeeeeeeeeeheeeeeeeeeeee MMMMMMMMOOOOOOOOOOORRRRRRRRRRTTTTTTTTTAAAAAAAAAAAAAAAARRRRR,944569,0
10840,female,"Adam, you on here",944569,0
10860,female,"You are Tank, from ""The Matrix."" Loyal till the end, you spare no expense in ensuring the well-being of others. What Matrix Persona Are You? brought to you by Quizilla",944569,0
10863,female,"I love rock and Roll, put another dime in the juice box baybe... My remix: I love orange juice, put another straw in the juice box baybe... so hyper",944569,0
10889,female,"My rambling thoughts hmm...maybe this world...is heaven and hell itself. Living together but living separate lives.Or, maybe this is all a dream and Death is when one awakens. So far, my life has been going wrong with barely any highlights. Maybe it's to pay back for something i've done in my previous life. I wonder who i was...a philosopher? No. I might have been something totally different than what i am right now. Time flies quickly when you're having fun? Does that imply that life itself is a game? What are accomplishments? Is it the stuff that lasts for only a while such as publishing a book at the age of 9? Or, is it the lesson learned through loving which continues on forever? Is it really the point to know everything? No human can learn everything..why? Because we are mortal.. If i was immortal i would know a lot of things but not everything.. After all..what is knowledge? Academic knowledge such as mathematics, languages, History and geography can be learned anytime. But. No one can ever LEARN common sense and logic. Take some time to think about it. Life is such a puzzling and complex maze. It seems that we are the mice trying to find our way out, desperately rushing through though the key is to stop and try over and over again. Life is a beautiful road. Do not rush past for you might never see it again. Stay to breathe in the air, taste the sun and smell the life.",944569,0
10903,female,thats was by accident...you also spelt hahahahhahaha wrong...i guess we are both stupid.,944569,0
10914,female,"""This is Putin, Russia will beat the war"" hmmmm..i say, whatever!",944569,0
10920,female,how come no one else but us writes on this blog...we might as well just delete everyone..but we wont...,944569,0
10955,female,"You 4got to say Orli, Dana. i was just rereading the JOT II (Journal of Though II). Boy, were we all stupid/crazy freaks.. :D",944569,0
10990,female,"Hi all ya Fuckers, having a good fucking time? Well that just ain't the fuck, u know wat, I have a fucking headache that is putting me in this fucking mood!! Some dipshit subscribed me to free porn, I have about 120 fucking messages every hour of junkmail. I have to take fucking golf lessons everyday when i'd rather be sweating my ass off playing hockey.Nicole, you can delete this fucking message if you want because of its profaine language, but it also serves no fucking revelance except to express my funking anger. Camp is so fucking near that I can smell the junk talk and the fist fights!! SO GOODBYE YA FUCKERS (ps. don't forget to fuck off) (nicole, i'm happy that u said dumbass.u r taking more strides to becoming a normal human being everyday!)",944569,0
10992,female,Today I went to Wonderland..went into Kidzville and Hanna Barbera land cuz my sisters friend brought her cousin...It was suprisingly a lot of fun..we went on scooby doo's haunted mansion...ghoster coaster...it was fun. I love wonderland,944569,0
11044,female,AHH! I am goign to go crazy if I see another Forward..Send this to ten people and your crush will ask you out at 3:48p.m. Dont send this and Bloody Mary will appear in your mirror and then you will die..Do you know how much those stupid forwards piss me off. Newsflash..They are not true!,944569,0
11115,female,I know..I just finished watching The Two Towers..It was actually pretty good...You know..I'm afraid to admit but Orli looks like a girl in that movie.,944569,0
11165,female,"I can imagine all those terrible and evil American bullies running after me shouting, "" CANADIAN! CANADIAN! GET BACK INTO YOUR IGLOO! WE LOVE BUSH! WE LOVE BUSH!""",944569,0
11166,female,"help i'm thunderstruck,this blog sux,nobody(including me) is writing anything interesting anymore.And nicole hasn't written something iin ages and she made this blog. Shes leaving to the U.S. School wouldn't be the same without her, no torturing her, no tripping her, no running away from her when shes crazy... I have nothing to say, by.",944569,0
11176,female,computer class sucks. The teacher has no life. He talks like a computer too.....maybe he is a computer! Yes....if you think about it computers are taking over the world.....you can buy a computer from a computer made by a computer which is operated by a computer.....AAAAAAAAAAAAAAAAH!!!!!!!!!,944569,0
11190,female,"Dana, thats not random crap, u just wrote the same thing backwards. Anyways,this blog sux, i probably won't be writing alot on it like i used to, just because its not as good anymore.In other news, i almost killed myself biking home,Meh.",944569,0
11210,female,"Yesterday, terry mattew and i went to see School of Rock at Eglinton center, and would you believe it, in the movie theater we found Martin,David C.,Alex,Avi, Jenny,Laura G., Rebecca and some other ppl from tfs watching the same movie at the same time at the same place!! The movie was really funny too. Ya know wat sux, a person is starting to really piss me off and i've been have pshyco dreams abt hurting this person.Erm, wat can ya do.",944569,0
11233,female,"members of the rock, weeeeeeeeeee saaaalooooot you",944569,0
11260,female,"I'm bored. I'm bored. I'm bored, bored, bored, bored...",944569,0
11385,female,Found another one! This one's called Bubbles (I LOVE THE BUBBLES! B-Bub-Bub-BUBBLES!!! MY BUBBLES!) http://blogskins.com/apply.php?sid=836&action=Preview I like it. About the same as blue sky....hmm...bubbles or blue sky? mmmm........bubbles,944569,0
11402,female,POLLS: -10 bagileon% against adam 90 bagileon% for adam,944569,0
11408,female,Its my relative party tonight for my birthday. My little cousins are over playing playstation. We ate lobster for dinner and are soon coming on to desert. I LOVE MY NEW BIKE,944569,0
11419,female,"Im bored..Dammit..now that there arent any exams i have nothing to do...Not that i want exams...Uh, Im bored",944569,0
11456,female,"adam: GUESS WHAT? ppl: WHAT O GREAT AND SUPERB AND HANDSOME LOKING ADAM? adam: 99 LUFT BALLONS ppl: O YOUR SO FUNNY GREAT ONE adam: I KNOW, I know adam: autographs after my speech plz! ppl: BUT WE WANT THEM NOW?",944569,0
11473,female,"oh pooey, can life be this unbelievingly pooey..Friends was on yesterday..there is onhlygoing to be 6 more episodes left...6!! so that mean around 2 new episodes every month and that means a total of 9 episodes...there is only going to be 9 episodes this year...9! And next week Pheobe is goign to get married..i wonder whats goi ng to happen on the last episode...",944569,0
11480,female,Waht eht hlel?,944569,0
11494,female,"hello again. What r u doin nikole, blushin wit you know who",944569,0
11509,female,"Riiiiiiight, Dana....Riiiiiiiiiiiight... EVERYBODY DOWNLOAD GUNBOUND AT GUNBOUND.NET SO THAT I CAN KICK ALL OF YOUR SORRY ASSES AT THAT SHOOTING GAME! MUAHAHAHHAHAHAHHAHA!!!!!!!!!!!!!!!!!!!!!",944569,0
11518,female,"I got the Brand New CD..yes that is the name of the band ""Brand New"" ...Brand New is a really good band...really good lyrics and all...download Sic Transit Gloria...Glory Fades or Okay, I Believe You But My Tommy Gun Don't...good songs",944569,0
11606,male,"Mr. Hall is an idiot...for those of you who don't know, he's our speech teacher, and he's the devil incarnate. I hate him soooooooo (times infinity and one) much. GRRR!! My oratory isn't due until the last day, though...but I still need to work on it. so ha. Anyways...my friend (the one who burned me the CD and told me to rent the video) told me this morning that the Producers we rented last night was the only one. I'm super sorry guys...I was looking for the songs. SORRY! lol and sorry for yelling so much...ya'll just wouldn't stop talking! GOSH! Anyways...working on burning the CD for you Thomas and Comstock. lol I don't remember which one of you asked me for the CD...was it Nathan? I think it was...I can't remember! AGHSH!!! lol SQEE!",3211137,0
11699,male,"Well, Marten, a pair of girls succeded where you failed: they have successfully gotten me over Laura. Heather was, of course, in on it. Plus, then I found the perfect actually attainable girl and asked her out. We have absolutely everything in common. She's even a Babylon 5 fan! What more could I want? It actually makes the break seem like a bad thing, just cause it's a time during which we wont see each other when we normally would. Her friends are always trying to get her a boyfriend, and now that she's found a guy who likes her without their help they won't leave us alone, so we're keeping it a secret at LN, just to spite them. There's my love life update, hope it doesn't bore you to much. Michael: Why were you calling Erin non-jewish? It seems like sort of a bizarre insult. Jonah: If this is a web-comic, I know Erin's the insane beauty(Oasis, Margaret, sort of Gwynn, Sal), Lara's the wishy-washy younger sister who only shows up occasionally (Min, Lilly, I know there are more), and Marten's the brilliant, but mysterious blonde (Riff, Fooker, Roger). So who's the hapless Nerd who gets caught up in everything? And that's it. I'm going back to bed.",3211137,0
11719,male,"I DO want to be Queen of the Penguins! And now, ""The Lady of Shalott"" by Alfred, Lord Tennyson. As a limerick. There once was a girl from Shalott Who fell in love with Lancelot At the end of the day In a barge down she lay And floated out to Camelot Yay! I am glad last week is over. Fanfiction recommendation of the week (""You might not care, but I do.""): ""A Moment in Time"" a Star Wars fic on fanfiction.net by Kazzy. It's only 11 chapters long. It's about a not-dead Padme and her twins hiding from the Empire. Very moving and true to the characters, even when they don't do what you want them to. And to boot, it has the Naberries in it! They yell and give hugs! And make food, of course. You know what happened to the only person who ever left that house hungry... Sit Ubu, Sit. Good Dog. Woof!",3211137,0
11732,male,"Hey guys! Fixed my name so ya'll could figure it out. lol. Okay, I feel kinda bad about saying this, but, ROMEO AND JULIET WAS THE FUNNIEST PLAY I'VE SEEN IN MY ENTIRE LIFE!!! Watching Daniel Day as Mercutio...oh my goodness, I had no idea that he was supposed to be so flamboyantly gay! I'm glad Daniel brought it to my attention. Nathan, you were really funny as the old man! Never really figured out who you were supposed to be...but you cracked me up nonetheless! And as Friar Lawrence, you were great. I'm really proud that you could memorize those lines...lol I have enough trouble memorizing NORMAL English, let alone OLDE ENGLISH! Haha, Lord Capulet was the funniest. Whenever he'd talk...I'd lean over to Kelly and be like...""Did you understand anything he just said?"" And she'd be like, ""I have no idea."" lol cuz it sounded like all he was saying ::add lots of dramatic inflections, yet still sounding like a drill sargeant:: ""blebleblehblehblehblehbleh."" I really thought he should be a drill sargeant...he'd be good at that. Shoot, is it spelled sergeant? I'm confused. And completely exhausted. OOOOOOOO GUESS WHO PLACED IN BOTH HER SPEECH ROUNDS TODAY!!!! I bet you'll NEVER EVER IN A MILLION YEARS GUESS!!!!!!! Well, actually, Nathan will...cuz he was there...yay speech! So I'll just tell you. ME!!! I PLACED 10TH IN PROSE AND 4TH IN OI!!! WOOOOOOOOOOOO!!! Okay, that's enough excitement for this issue of Sofa's insane slap-happy hour, please stay tuned for the next episode!",3211137,0
11820,male,"I love drama! More on that later. I would be scared if Michael were president of anything. More on that would be superfluous. I think an online socrates cafe would not work at all. everyone would be talking at once and so the discussion would be somewhat stunted. That happens on all chat rooms and I doubt this one would be any different. So for now I'm gonna say no. Even if Christen's there, seeing as I have a girlfriendwith whom I'm quite happy. Ok, Drama. Today in our scene groups we all got the same scene, but we had to figure out what the somewhat cryptic dialogue was about, and make up motions to go along with it. It was really fun. I have four essays to write. That makes me sad ): But Drama, Ashley and the fact that it smells like Christmas make me happy (: Jonah: How about AB, then AC, then AD, etc. either in the first word or the first and second?",3211137,1
11869,male,"Jonah, the bands at the Rose Parade had to do the same thing, but for five and a half miles. And one of the bands played Barry Manilow. Ew. Read ""Happy New Year"" at my site! Coming today ""20 Hours in America, Part One""",3211137,0
11895,male,"Yay! It's my ""States I've Visted"" map! create your own visited states map or write about it on the open travel guide It's the smell of freedom... and the chemicals they treat your dashboard with.",3211137,0
11935,male,"I love Orange-Flavored Chicken. I am officially going to marry Panda Express. Or at least buy stock in them. I saw Eternal Sunshine of the Spotless Mind, which was weird for the sake of being weird. But good. It was nice. That was a joke you would find funnier if you saw the movie. Only one Caveat emptor: the movie, despite the presence of Jim Carrey isn't terribly funny. It's funny at times. Just don't go in expecting massive hilarity, because there's not much there. However do go in with the idea that somewhere around the 1:30 mark, you're going to see Kirsten Dunst in her panties. So it's still totally worth nine bucks. Also I added a Site Meter. How many times can six people visit the same site? ' I'm gonna find out if it kills me, dammit! The sky is pink and it's raining turkeys; what more do you need?!",3211137,0
11937,male,"Yeah, from what I hear we're definitely not doing a musical. I'm sad about that, but what can ya do? At least Haley Jensen won't be getting the lead in it. Irrelevent spoiler of the day: Not only is Padme pregnant, she's pregnant with TWINS! Next time: Who's the father? Is it Obi-Wan? Anakin? Bail Organa? Captain Typho? Mace Windu? Yoda? C-3PO? The coffee guy? George Lucas? The sky is pink and it's raining turkeys; what more do you need?!",3211137,0
12052,male,"Today we had our first chamber choir meeting for next year. I'd like to think I made a good first impression . More likely they thought I was pretty weird. There is, of course a logical explanation for everything, but they didn't know that. Oh well, at least nothing else can surprise them too much. Also, I love having both a digital camera and a geocities page. It makes blogging even more fun! I want to STUFF the MONKEY!",3211137,0
12148,male,"Hey all. Look, I'm really sorry about this, but I don't think I'm gonna be a blogger anymore. I'm not about to lie and tell you that I don't have enough time because, hello, it's summer, but I just don't have anything to say. You shouldn't miss me too much seeing as I don't say anything anyway. I'd still love to journalcon with you guys though (yes, now it's a verb). It's not you, it's me. ;) I'm sorry Mario, your princess is in another Chinese restaurant!",3211137,0
12175,male,"Is Tyler here yet? Why not? I have barracaded myself in my house and refuse to go out because the cicadas are so bad. I hate everything about them. I hate how they look, the constant raquet they make, I hate how they are crappy fliers, I hate how they smell, and I espeacially hate how they keep getting into my room. Michael, your mom woukld go crazy at our house. We've got cicadas out our butts. I hate living in the woods. I want to STUFF the CICADAS! with lead!",3211137,0
12313,male,hey everybody im here at erins like always cause i have no life. well im not pissed off any more about last nite im now a little freaked out tho. i guess on the way there or back to jeremys house i dont remember there was a pretty bad accident on the highway. and the thing that freaked me out about that was maurice had to take the van back cause she didnt trust it on the highway so she came back and grabbed the truck which i tried to hide in the bed of it so i could go for the ride. but think if maurice just took the van instaed of coming back the we could of been in that accident. or it could of happened in the truck while i was riding in the back of the bed. so i guess everything does happen for a reason. well signing off for now talk to u again soon bye.,3743035,0
12367,male,"This is my first time writing my deep thoughts down(not to mention publicising it) in Blogspot . I am currently a student studying physiotherapy in a local polytechnic in Singapore. It was like a dream come true because I had always wanted to do this course since graduating from secondary school. However, I found out that the higher you expect something to be, the greater the impact of disappointment if it does not meet your expectations. But, this does not mean I regret studying this course. Through this course, I saw with my own eyes humility and compassion. Unlike those medical dramas which portray the hero/heroine in tears-inducing scenarios, what I witnessed did not turn me into a cry-baby, BUT it touched the bottom of my heart and inspired me to continue this journey. Till now(almost 2 years since I entered the course) I am still in the course though thoughts of giving up are still surfacing in my mind. But whenever I recall those touching scenes during my attachment, I pick myself up and carry on. So, moral of the story is, the reality may be different from your dream but never forget what you started out to achieve .",2724350,0
12380,male,"I taste like Bread . I am a staple in almost everyone's diet. Friends like me are a complement to any other friends. I get on with almost everyone, remaining mostly in the background, but providing substance when it would otherwise be lacking. What Flavour Are You ?",2724350,0
12475,male,I have just come across this absolute gem: The Beatles It takes a little while to load but boy oh boy is it worth it!!,3406811,0
12491,male,"Yesterdays result was: Jammy Dodgers 3-1 Penguin So Jammy Dodger takes the last place in the semi-finals, the complete line up is: Today = BOURBON v CHOCOLATE DIGESTIVE Tomorrow = FIG ROLL v JAMMY DODGER So lets have your votes for what must be the closest of the semi's: BOURBON v CHOCOLATE DIGESTIVE It's a toughy!!  Get thinking!!",3406811,0
12751,female,Bay Meadow: A great afternoon out!,3334411,0
12760,female,The elevator (lift) in our appartment block is not working today. For the second time today I have climbed 91 stairs to get to our front door.,3334411,0
12805,female,"Texting ""Happy Independence Day"" to friends in the US",3334411,0
12832,female,"Thursday May 20th, with my girl friend MBH MBH and I decided to visit Vino E Cucina mainly due to its close proximity (we both live within a few blocks from each other in SoMa). MB had already visited and declared it to be adequate food at decent prices. Pigishly, we couldn't resist an appetizer and opted to share a helping of Arancini which I hadn't seen on a menu since my London days. The little fried balls of risotto rice with mozarella were disappointing. The aborio were so sweet they tasted like rice pudding and the cheese didn't have enough pungency to beef up the blandness. Next! I'd read about VeC's lasagne and as it contained some of my favourite ingredients (italian ham, gruyere and spinach), I chose it for my main course whilst MB requested the pizza special of the day, Cappriciosa, with a topping of artichokes. The lasagne was non-standard assembly, presented as 3 little pockets filled with the aforementioned ingredients. As such, the size of the dish was less daunting than I had anticipated. However, the deliciously wicked creamy cheese sauce on which the pasta was floating, soon threatened to close down my arteries. Ummmmm! Death by comfort food! MB seemed to be enjoying her pizza, especially the crusts (a girl after my own heart). We'd shared half a bottle of Bordeaux at MB's prior to dinner and after sharing a further bottle of Barbera during our meal, we were internally satisfied enough to wend our separate ways home for the night. As we left we looked up and saw a giant tomato impaled on the restaurant frontage but I am sure we hadn't had that much to drink...",3334411,0
12840,female,Apparently there is a Biscotti Craze going on.,3334411,0
13266,female,"Today sucked so much.I went to work this morning and I got there at about hmmmm 8:23 am..I did a bunch of stuff there..then I did a bunch of other stuff later.When it was time to go home, I didnt go home cos I told someone Id stay there and work for them to be nice..so I had an hour to do nothing although I did end up doing something..It sucked.SO when I finally got to leave work, I came straight home, took a shower, and went to sleep.And now its almost 4 am and Im wide awake with nothing to do or anyone to talk to...wait Im like that almost all of the time.",3575606,0
13327,female,"Hello, Wizard. Character Stats: Rogue (2) Warrior (8) Wizard (28) Paladin (7) Your Profile: You're intelligent, educated, and just a bit superior to everyone you know. If you're still in school, you probably make A's, if you're not too bored to waste the effort. If you work, your annoying boss relies on you to solve the problems no one else can figure out. You've never met a puzzle you can't solve. When it comes to leisure, you'd rather read, play a strategy game, or surf the 'Net than run around getting sweaty. You're a brainiac, and you're not ashamed to admit it. Above all, you're a mastermind and a great thinker. You see the unknown as territory to be conquered, and the mysterious as something to be systematically unraveled. You don't have time for fools; you only spend your time with people who can comprehend your obfuscatory convolutions. You enjoy amassing knowledge, both useful and trivial. Your Mission: You were put on this earth to enlighten people. They will listen to you, because they are impressed by your vocabulary, your erudition, and your ability to grasp concepts that invariably elude them. You are the one who has to figure things out, because let's face it - you're the only one smart enough. Your mission, should you choose to accept it, is to Discover Something. Something small, or something big. Find an unknown insect in your own backyard. Discover a cure for sunburn. Develop a faster way to get the dishes done. Calculate the number of molecules in the Andromeda galaxy. Discover a comet. Discover SOMETHING. And do make it a priority. The Famous Adventurer of Silmaria has a crystal ball trained on you, and will be noting your progress. A Warning: Try to remember: you're not infallible. If people around you are all nodding and smiling, it may just be because they don't have the faintest idea what you're talking about. Check your facts and admit the possibility that even you can make mistakes. Loosen up. Make friends with a Rogue and have him or her try to poke holes in your theories. Who knows; you might actually have fun. On another note - making plans and formulating theories can be quite stimulating, but at some point, you are going to have to actually DO something. Employ a Warrior, if necessary, to put your brilliant schemes into action. Just be sure your instruction manual is written in very small words. On my way to Hogwarts to re-educate Harry Potty :-)",3843387,0
13373,female,"Double Update I can't be bothered writing a big update. Right now I'm half asleep and currently it doesn't look like I'm going to wake up. Still, I didn't get time to update last week, so right now it's essential that I post anything, especially considering how busy the last two weeks have been. Movies On Tuesday everyone went to the movies. By everyone I mean myself, as well as Hawkins, Cartledge, Matt, Lily, Tonya, Kyla, Zoe, Ash, Mike, Candice and quite possibly someone else who I have forgotten. We met at Top End at 5:00 and ate food and talked, wasting time until the movies. Ash and I watched Spy Kids 3D. Everyone else watched Master and Commander. I would've gone with the majority of the group had it not been for their horrible taste in film. I doubt I would've had the guts to stand watching 138 minutes of Russell Crowe on some boat in some ocean in some war some time ago. Spy Kids 3D was much better. Not only was I quite possibly the tallest person in the entire cinema, and not only did we get to witness some children attempting to sneak into the cinema before getting chucked out, but we got to keep the 3D glasses! How cool is that? After the movie I waited with Ash 1 hour for the other movie to finish, eating very munchy popcorn and memorising the patterns of the lights on the roof. Fianlly the other movie finished and everyone went home. Sleepovers On Friday I headed up to Salmon Gums with Hawkins to spend an entire 4 days in the same house as David. It is a miracle I survived that long. The first day was one of boredom and badminton. Both involved a lack of computers. I don't fully know how many hours of badminton was played in the first day, but it felt like it was bordering on four. The next day was only slightly better. The was even more badminton, this time with punishments for screwing up serves. That night we watched Bubblegum Crisis an awful lot. It was the following day that we got the Nintendo 64 games working. We spent the rest of the day was spent gathered around the computer playing Super Smash Bros. (I love that game! I once again kicked butt with Yoshi). The same applied for the day after. Some of the major highlights were going home, hiding David's slingshot (I really should remember to tell him where that is), and covering David with 7 cushions, 1 pillow and a mattress while he was helplessly asleep on the couch. Oh, I am evil! On Wednesday (well at least I think it was Wednesday. As I said before I am rther tired) Brad, Brad and Sam slept over my place. I can't be bothered remembering anything interesting, and I doubt anything interesting did happen at all, but we did watch some DVD's and play some board games. Despite the sleepover being named ""Card Night"" only two games of cards actually occured. The surprise game of the day was Wario Ware for GBA. Specifically Skate Boarding, which Cartledge scorwd 143 in. I have since beaten the high score, which now stands at 171.",3349298,0
13404,female,"Posters Included Here are some of the movies we've seen recently. The Day After Tomorrow, very cool. Lovely special effects, especially with the ice. It was a pity not to see the wolves chasing the little people then getting frozen, but you can't have everything I guess. Harry Potter, also very good (but very packed). I love the Marauders Map, I wish I had one. The Day After Tomorrow  Harry Potter and the Prisoner of Azkaban ",3349298,0
13486,female,"I appreciate the attention to this topic. The fundamental question of whether demographics affect design interests me a great deal. But the artlcle and argument is also pretty simplistic and gives me the heebie jeebies. STUFF : INFOTECH - STORY : New Zealand's leading news and information website : ""'There's a lack of understanding from men in what women do. For example, the robot vacuum cleaner is round, and all women will know that won't get the dust out of corners.' "" [me - Anyone who has vacuumed should realize that, I suppose. I don't think the square edges get stuff out of corners either, actually.] ""Many think the industry is full of computer geeks writing viruses and causing havoc. But unlike other industries, where you have to comply with an image, in technology you'll be able to find your niche."" [me - I think it's totally wrong that sociology findings go out the window in tech culture. I don't think it does a service to anyone to lie. If you're resorting to that, then you should take a second look and figure out what the compelling reasons to get involved actually are.]",674966,0
13491,female,"I went to a talk at the Stanford Humanities Center tonight by Anne Fausto-Sterling called ""The Bare Bones of Sex."" If I have her right (and I did nod off for about 10 minutes :-/ because I'd been at school for 10 hours at that point), she advocates for a move away from the standard paradigm of nature/nurture - sex/gender, at least in biology, where sex is bleeding out to encompass all manner of difference. By this, I think she means to take on sociobiologists who use a static notion of sex as a program that is set at birth and plays out in the world. Instead, she calls for an understanding of biological questions (she uses osteoporosis as her main example) through an analysis of a system of interconnected subsystems that feedback into each other through someone's life. Sex, gender, and culture are the context in which this system operates, along with race, class, and many other factors. But the systems-approach, as a model, frames questions in terms of understanding of how many variables interact to affect the resulting phenomenon. This is in opposition to the traditional multi-variate analysis methods that lead to a proliferation of ""knowledge"" about risk factors (basically correlations) but don't get to the core of how the system works. She said that medical feminism now is where academic feminism was 30 years ago. By this, I took her to mean that academic feminism is coming around to acknowledging that gender is only one of many cultural identities taken on by an individual and it may not even be the most important one. Furthermore, the importance of identities vary over time. But medical feminism still very much looks for sex differences in pathologies without accounting for the complexity of factors that might instead explain the sex difference found in the population studied. As an example, she described some difference between white men and women in incidences of bone fractures. These differences, however, did not exist between african-american men and women, suggesting that other systematic factors may have been at work. In long, I thought her talk was interesting. Her take on understanding systems is actually very natural to me, partially coming out of an engineering background and partially in my leanings towards qualitative research to explicate systems and quantitative research to give a reality check and testing ground for resultant models. I should read more.",674966,0
13520,female,"Suchman, ""Human/Machine Reconsidered"" Man, this references a lot of critical studies of sci/tech. Boy am I glad I took Lenoir's class last quarter! Karen Barad: ""Boundaries are not our enemies, they are necessary for making meanings, but this does not make them innocent...Our goal should not be to find less false boundaries for all spacetime, but reliable, accountable, located temporary boundaries, which we should anticipate will quickly close in against us (p.187)."" This seems like a design principle for feminist HCI if I've ever read one, but it isn't easily understood what kinds of designs and technologies would fit this requirement. Perhaps that can now be the job of my paper. :) Feminism --> about having the choice to place yourself wherever you want in selecting characteristics that might fit on disparate parts of the typology. As long as their are embodied, rough categories -- to birth or not to birth -- the gender system can extend its categories. It seems that creation of ontology is a fundamental human tendency that allows us to make sense of and survive in the world. But teh key to empowerment is having a passport that allows free travel across these borders? Or is it the power to reconfigure the ontologies altogether? Yes, in theory. In practice, hard for me to imagine as it is hard for me to imagine existing within another scientific paradigm. So perhaps historical ontologies involving gender might be a useful object of study. Sleep, fucka.",674966,0
13521,female,Cyborg HCI Reading List,674966,0
13531,female,"I'm at DIS2004 in Boston this week! The conference hasn't even started, but thanks to my next-door neighbor, UI teammate, and buddy Chad Thornton , I met many interesting people over dinner and drinks this evening and the learning has already begun. We ended up talking about persona-based design and I asked my CS247A rant-y question that I have yet to get a good answer to: What are the ethical implications of persona based design when it is based on personas built off of the *current* demographic of a user group? What subtle values get embedded in software designed, say, for personas representing the male sysadmin population but no women? What I learned is that Robert Reimmann thought about it and thought it was an interesting open question. One of the problems is that for formal persona building, you base personas on the existing user group. But Robert suggested that you can use other data -- from surveys, existing research, etc -- to build provisional personas to expand thinking about design decisions and task scenarios that the interface should manage. He admitted that the answer seemed a slipperly slope though. He definitely acknowledged that it's a really interesting question, but he also put it in perspective, pointing out that we already have so long to go to create software that is effective at all. ""Who is it effective for?"" seems a secondary question. Also, Abigail Travis and I started talking about the cultural situatedness, as well as aesthetics as being integral to the task of creating a functional UI. She told me about a talk she saw by someone from Microsoft describing the process of internationalizing the Tablet PC. They found that while in western cultures, we value whitespace greatly, in China, an empty desktop -- whitespace -- was seen as wasted space and the user experience was considered less valuable. According to MS via Abigail, this is also evident in comparing western newspaper layouts to Chinese newspaper layouts. Some googling revealed no MS papers on this, but I did find an interesting poster on cultural concerns in UI decision making form 1998: Integrating Culture Into User-Interface Design I found this especially interesting because Google is all about that minimalist design and our home page is all whitespace. I wonder what our presence in China is, compared to other search options. I'll report what more I find!",674966,0
13556,male,"Well people i know i haven't wrote to u in like two so so hi. But yeah kiara and i made up and now we're friends again and now megan and i are going out, i'm going to the movies tomorrow, and and we got a new smoothie maker and it was like really kewl i made a really good smoothie today i know that's lame well bye.",2900126,0
13577,male,"What make the people you know you can't have so desirable? Is it because of the fact that you know you can't be with them? Or maybe it's because you are so familiar with them and you are around them so much that they are so tempting? Most people because they can't have someone or something want it more and more because they know they can't have them/it. For example ( this example will be hilarious to some and confuseing to others) Elizabeth Anderson knows she can't have E.Z. and yet she constantly goes after him and protects his as is he were her child. *no offense Chichi and Erich, but it's true* Many people have told me of a certain fiasco at Central Park and Kiara took Erich's cell phone and then Elizabeth started to chase her and try to get it back, knowing that in her efforts to do that it wouldn't change the way Erich felt or I should say didn't feel about her. I guess it will always be a mystery as to why people want the things/people that they know they can't have. But for a select few they get that person/thing that they want. * Yippee! for them*",2900126,0
13593,male,"If the future is in your own hands, then why do people question what the future will be like? If you have control over your own life and it's not ""predestined"" (by god) then why does it some people question what will happen to them? *change of subject* Sometimes I feel like I'm not pleas ing friends (like making them happy or comfortable) in some kind of way. Most of the time I feel like I'm ""wronging"" my friends in some kind of way because, like sometimes my friends will be like mad at me for a reason I don't know why and it really irritates me. I really like wanna have all my friends and not have any of my have have secrets or ""unmentionables"" like a certain ""posse"" that I know of. But still of my friends like have raging emotions and it feels like I'm stuck in the middle of it all and like they 're all just like not talking and I feel like I did something wrong and I need to find a way to fix it before our friendship breaks up or crumbles. But yeah I guess I'll go. leave a commnet if you want. ^_^",2900126,0
13596,male,"I can't stand my grams right now because she just got done feeding me all this shit about how irresponsible because I let one of my friends borrow my bike without asking her *how could I if she wasn't in Downtown PF at the time*, I let another friend get some books from the library and they're overdue by like two months she offered to pay the fine and my grandma never said if sshe wanted her to pay it or not and she mad because of that and she says that I have not sense of value of money. And then another friend made collect calls to the house and the racked up to $48 and I thought that they were only 5 cents a minute when they weren't and now they're on the bill and she has to pay that * how am I suppose to know how much every single collect call company charges?* and now I'm getting my phone taken away because of this bullshit and it's really fucked up and it irritates the fuck out of me. Well there goes my social life because the only way that most of my friends and I communicate is by the means of phone and in person and if you take the phone away then how am I gunna be able to get help on my homework if they know how to do it and I don't how am I gunna be able to go places with them if I can't get in touch with them? that's just a bunch of bullshit unless I go over to one of they're houses I'm not gunna get help from my friends and if she takes away the phone then I'll just be spending more time with them after school to do my work since I can't talk to them on the phone. so OOOOOO and yeah I just feel like I wanna throw my tv, bed, and computer out of my window right now I'm so mad.I don't think that I've ever been this mad. THANX GRAMS YER THE BEST!!!!!!!!!! sorry about the sarcasm and swearing but that's how I feel although I love my grams to death this really ticks me off!!",2900126,0
13647,male,"I bit the bullet and did laundry today. It had been way too long. But the fun part, as you will see, is that i got to play with my new picture phonen while i was there -- which enables me to bring my adventures to you in a new enhanced way! I know you will be checking back here with more frequency now, for sure. As you can see, there's a lot more happening at the corner of santa monica blvd. and genesee than laundry. the ol' golden rule liquor store always proves to be the perfect place for anything you may need. the cashier there has three teeth but is jolly as all hell. maybe it's all the liquor behind him, maybe it's the fact that he just doesn't give a damn. i will have to take a snap shot of him to share with you later. I also picked up a bottle of Fiji water while i was there. It's so damn tasty i can hardly stand it. They bottle it over by Fiji, of course, and accordingn to the bottle, there's a reason for that. ""The origin of FIJI water is rainfall, which over decades filters into an aquifer deep beneath volcanic highlands and pristine tropical forrest on the main island of Viti Levu in Fiji. Separated by over 1,500 miles of the open Pacific from the nearest continent, this virgin ecosystem protects one of the purest waters in the world. Thirsty? I was. But the adventures don't stop there. There are always a variety of intersting folks hanging out at the laundromat. This family, for example, arrived during my first smoke break. I took this photo without their knowledge. I think that may be illegal, but maybe not. Anyhow, what i didn't see at first was the fact that they had brought their pet with them. A Bird! He was very well trained -- or at least keenly aware that his wings had been clipped and he was not flying anywhere . AND he didn't shit on anyone while he was there. And another thing i find peticularly peculiar -- in a wierd double entendre sort of way. The names of the washers and dryers remind me of a few of my druggie friends. This would make a good inside joke in a gay film. You read it hear first. You speed queen, you. Come to think of it, doing laundry is not such a bad thing. I think what sucks the most for me is that i have to pack all my dirtly clothes into my car and drive to the damn place, then pack them up and bring them home. I used to have a washer and dryer when I lived in Texas. Then i gave it to my brother who lived in austin -- and when he came home to live with mommy and daddy again while he teaches at the very high school from which i graduated, they sit unused in the garage. Anyhow, i need to hop in the shower and head over to a friend's place to stay the night. Then tomorrow it's off to Sam's house for poolside cocktails and rooftop firework viewing. Oh, America. Come back! Come back!",1045316,0
13664,male,"Kate, I heart you! Homework is fun! Essays rock! I am awesome. Yay. Macbeth rocks. Especially the biker version of Macbeth. Macbeth sure gives me the hots. : ) Drink Nukacola! 5x the caffeine than coffee! It's like a Nuke in your friggin' stomach!! AHH!",2835472,0
13754,female,Can you see me now?,2033483,0
13825,female,"When I say... ""I am a Christian"" I'm not shouting ""I'm clean livin'"" I'm whispering ""I was lost"", Now I'm found and forgiven. When I say...""I am a Christian"" I don't speak of this with pride. I'm confessing that I stumble and need CHRIST to be my guide. When I say... ""I am a Christian"" I'm not trying to be strong. I'm professing that I'm weak and need HIS strength to carry on. When I say... ""I am a Christian"" I'm not bragging of success. I'm admitting I have failed and need God to clean my mess. When I say... ""I am a Christian"" I'm not claiming to be perfect, My flaws are far too visible but, God believes I am worth it. When I say... ""I am a Christian"" I still feel the sting of pain, I have my share of heartaches So I call upon His name. When I say... ""I am a Christian"" I'm not holier than thou, I'm just a simple sinner who received God's good grace, somehow. Erica sent this to me awhile ago as a forward. Every now and then I go back and read it because I think it does a really good job of explaining religion to some people that would otherwise not understand where others are coming from. Bless you, Kay",2033483,0
13826,female,I DID IT!,2033483,0
13833,female,"A couple of days ago, I read Sean's re-post of Ashley's blog and it brought me to think. She's right, in nine days the class of 2005 will all come together again, for the last time to buy our parking tags, buy our activities sticker, take our ID pictures, and grab our final schedules. This momentous occasion will take twenty minutes if one gets there before the rush, and I too wonder how such a final moment in our lives can possibly be given it's proper good-bye in such a short time span. Ten months from now, on May 29th at 3 p.m. our class will come together for the last time at graduation. Where we will walk across the stage to receive our diploma. A piece of paper that signifies hard work, achievements, disappointments, and the end. In those ten months many things will happen to us. We'll decide our futures, finalize our pasts, and live in the moment. At the end of this month on August 30th, we officially take rein as the Senior Class of 2005. I hope, as I walk into the school for the last first time, I stop to take a moment to take it all in. I wish you would do the same. This year is going to be hectic and challenging, but always take moments to step back and appreciate what's there. I love you, Kayla",2033483,1
13974,male,"ummmm, yeah I think I have a job in Alabama that starts on June 16th ummmm, yeah here's the website www.threesprings.com I feel like I'm signing up for the army I feel like I'm signing up for the peace corps Basically I have the job, I just need to do some background checks and the like the guy that I interviewed with like the stuff I had to say over the phone interview so I pretty much have the job. wow. weird. life is beginning in a strange way so I'll be off to the deep South - hope they like them Canadians thank god I don't have a purdy mouth. does this mean I have to wear white suits and hate all non-white people? new Andrew email address andrewcowan@operamail.com I am going to get so damn drunk this weekend blargh ya'll ajc",1284681,1
13994,male,"So this is the New Year . . . . and I don't feel any different Well, I would like to astound you all with new and exciting stories of daring do that have occurred up at Camp E-Toh-Anee over the past two months but I can't. In the positive end of things I have purchased a vehicle. A pretty sweet 2000 Subaru Outback. It's got heated seats, heated mirrors, 4 wheel drive and - the kicker - an in dash 6 cd player. It kicks ass and for only 14,000 dollars. What does this mean? Well, for one thing I have to come up with about 260 dollars each month to pay for the damn thing. It is now officially the largest commitment I have ever made to any one thing. Scary. I have to stay employed or have some kind of steady income for the next 5 years so that I won't go to jail or get bad credit. This could be seen as a bit of bad timing. Why? Well, for one thing I have been seriously contemplating leaving my job here at Eckerd. Why? Well, it all starts with the fact that I haven't had any fun at work for the past two and a half months. To the point, I wake up and am generally miserable. The reasons are as follows: Before December I was in a group called the Sunapees. They were a bunch of little shits - the worst running group on camp property including restraints left, right and centre. Then, the New Hampshire government decides to cut 2 million from its social services budget. This meant that we could only afford three groups on property soooooooooooo goodbye Sunapees! They shipped the worst kids out and split the rest between the remaining three groups. Happy day! I was going to get a group switch! Huzzah! Life will no longer be shitty. I'll have kids that will want to work on their issues and change as opposed to little fuckheads that want to cause shit and make everyone's lives miserable. That was my thought process. Unfortunately, I was placed into the Ammonosucs (Ammos for short) and promptly the group began to fall apart. Placed on top of this is the fact that our new Program Director is trying to make my new co-chief and I be more physical with the kids. Restrain them more instead of talking to them. It's a long discussion that can be noiled down to in this way: My co-counselor and I get shit on weekly due to the fact that the group is runnuing badly. The kids don;t get to bed until at least 10 pm nightly and since I've been back I haven't had a day when I haven't ahd to hold onto a kid. I think that I am not suited for this job/lifestlye. I'm tired of having to grab a kid and wrestle with them. I want to be able to deal with real issues without having one of my kids throw a stupid, petty problem. Example: On Sunday night one of my guys decided to lwet group know that he had been sexual abused twice by a cop when he was growing up - one of the most couragous things I've ever seen and one of the heaviest moments that I have ever had to deal with. He had told me a few hours before and had been crying on my shoulder (and I was crying right back). For the most part the group did very well and gave the guy a ton of support and encouragement. Thirty minutes later all hell had broken loose. I had my arm slammed in a door, had to pull two kids off of another, and had to grab on to two different guys running around campsite. I am getting tired of this shit. I really am. It sucks having to grab a hold of a guy. It sucks having to wake up thinking ""Oh shit, who am I going to deal with today?"" It sucks wondering what part of me is going to get hurt today. I've had so many different injuries occur doe to the kids that it is just wearing me down. Added on to that is the fact that I am far away from the wonders of modern living and I hardly get any time to communicate with friends and family - who I dearly miss. So, I'll probably be out of this job either as early as May or as late as August. But who knows . . . things might get better and I'll wind up staying. It's hard to admit when you can't do something that you want to but I think I am getting close to that stage. If I do leave I'll probably go back to Toronto and try to find temporary work as a hotel clerk while looking for something permanent - if anything just to be able to make my car payments/ car insurance payments monthly. I think I'll take Karen's advice and carry a horse pendant in my pocket. My luck's gotta change sometime . . . . . blargh ajc",1284681,0
14041,male,"Finally the storm is over and I can finish writing in my blog. Wow, somebody else has read my blog. Sorry I didn't let you know, Joshua, that I put you on my site, but I was planning on it. Yeah, I know there isn't alot of blogs on my list yet, but I don't know that many people with blogs who like yaoi, especially boys. Your the only guy whos blog I read, don't feel honored because I am not an honorable person. I'm just a nobody with problems in his life that can only complain on the internet because he doesn't trust anybody in the real world. It sounds like we have a few things in common Joshua, doesn't it? I really miss Ryan, I told him that I had a dream about him. I asked him if he wanted to know what happened but he said no, so I didn't tell him. I have a feeling that I'm gonna be in love with Ryan for the rest of High School. I keep on fantasizing about him all the time. I imagine me going out with him and eventually asking him to marry me. Wow, thats the first time I ever thought about marriage, but it can't happen anyway because of the stupid laws here in the US. Most people that I would tell about my love for Ryan would tell me to move on, but I don't want to. I want to make Ryan mine no matter what it takes. I think when I come back from vacation I'll try to tell him again but I think my shyness will get in my way again. I think I'm gonna look on the internet for love spells and potions, I know, I'm getting desprite, but I'll do anything for the one I love. TTYl",3648862,1
14046,male,"I didn't get to talk with Benny yesterday,but thats ok because I got to talk to some else. Ryan!! He never did get the message I sent him, that makes me very happy. We talked for quite a while yesterday and the subject of love never came up. God, I miss him so much. For todays agenda I'm gonna try to play B-ball with my friends. Hopefully they will be home today, cause they weren't yesturday. I might invite Benny over ot my house, but I'm not going to come right out with anything like I was planning on before. Now that I know Ryan doesn't know I'm not that desperate anymore. I hate NC, its to f*cking hot. Its 90 already and its almost 1:00pm!! Well there's not much other news going on so I'm going to write on my Saiyuki fanic. Enjoy! Saiyuki: Goku and Hakkai's Confrontation - Part 2 Hakkai and Goku wake up the next morning in eachothers arms. Goku feels a little uncomfortable and turns around, his back to Hakkai. He wonders if Hakkai really likes him, or was only horny. He thinks about the night before, and gets hard once again. But this time he gets out of bed and gets dressed. Hakkai is still asleep and Goku leans over him and kisses him gently on the lips. Hakkai's eyes open and with rage he pushes Goku away. Goku with tears in his eyes says ""I knew it, you don't love me....you bastard"". He then runs out of the room. Hakkai sitting up in bed tries to think what is going on, but he can't remember a thing from the night before. Hakkai says outloud ""Oh F*ck, it must have happened again, it was a full moon and I didn't notice it."" You see, Hakkai has this condition that on every full moon his personality changes completely and the next morning he can never remember a thing. This same think happened to him with Sanzo. Hakkai now knows what he must do, he has to fall in love with Goku or they will never be friends again. Hakkai walkes downstairs to find Goku sitting on a stool at the bar with his head burried in his hands. Hakkai puts his arm around Goku and says "" I'm sorry Goku, you just frightened me. I do love you and nothing will ever change that."" Goku looks at Hakkai with amazment, then he smiles and hugs Hakkai. ""I love you too"". Thats the end, yeah, I know its a crappy ending. But it's my fic so deal with it. So only one person reads my blog, thats OK because thats more than 0. Thanks for making everything clear to me Ryo. Hey, it sure is hard trying to talk to you. I guess its because you have school. How about you give me your email and we can talk that way. Thats all I have to say for today. TTYL",3648862,0
14089,male,"Okay, today in mah art class for summer school, I got REALLY bored, and decided to start up on drawing some of the un-drawn characters, Kevin, Camron, and Crazy Ryan were the only ones that I got. Kevin was drawn very nicely, I am very satisfied wit it - unfortunately mah scanner is still out of it, so I cant get this up for a few days... I gots ta get Ryan to scan mah stuff for me... Anyways, once they are up, let me know what you all think...",3922183,0
14136,male,if u want a cool background like my carlton 1 then just ask lachlan. he rekons he knows how 2 do it What a Nerd!,4199963,0
14162,female,"I have to share some of these with you guys - they're just too good not to. (Thanks to Joelle for sending them to me.) Why did the chicken cross the road? Al Gore : I invented the chicken. I invened the road. Therefore, the chicken crossing the road represented the application of these two different functions of government in a new, reinvented was designed to bring greater services to the American people. Colin Powel : Now at the left of the screen, you clearly can see the satellite image of the chicken crossing the road. Pat Buchanan : To steal a job from a decent, hard-working American. Ernest Hemingway : To die. In the rain. Alone. Grandpa : In my day, we didn't ask why the chicken crossed the road. Someone told us that the chicken crossed the road, and that was good enough for us. I have lots more, but I just don't feel like typing them all right now...you'll just have to trust me, they're very funny.",1381825,0
14164,female,"My poor friend Sarah! Her history teacher went and deserted her and she's been left with a nutty former rugby player! I'm not entirely sure what I would do in her situation. If Mitchell ever goes and deserts me, there will be some major ass kicking going on. Hey, I may be small, but if there's one thing my mother taught me is you can do some serious damage from down here! Ah, the glories of being short... Anyway, Sarah if you're reading this, WE LOVE YOU! And I want you to know that if whatshisface ever gives you any crap, call me up - I don't care if it's the middle of class - and I will come and have a very serious chat with him. Really, I will. I love you!",1381825,0
14172,female,"Well, I'm supposed to go see the Matrix Reloaded at some point today. Supposed to being the operative words in that sentence. The problem is that the show before ours was already sold out yesterday, so it's pretty safe to assume that ours is sold out as well. This, however, is not the problem. The six of us already have our tickets. The problem is that the movie is rated R and we need an adult to get us in. But, since the show is probably sold out, there isn't a ticket for an adult. Beginning to see the problem here? Hopefully if it doesn't work out we can just sell the tickets, but I don't know exactly what the deal is with doing stuff like that. I don't know, we'll just have to see I guess. In other news, I finally have a website . It's very much under constuction at the moment, but hopefully I can get it up and running decently soon. All I have on there for now are some Monty Python bits, but I want to get loads more stuff on.",1381825,0
14290,female,"The IgNobels are here! The IgNobels are here! The IgNobel awards are a spoof on the real Nobel prizes, recognizing instead those achievements that ""cannot, or should not, be reproduced."" The winners of the 2003 IgNobel Awards: Engineering: To John Paul Stapp, Edward A. Murphy, Jr (both posthumous) and George Nichols giving birth in 1949 to Murphy's Law, the basic engineering principle that ""If anything can go wrong, it will"". Physics: The Australian team that produced a report on An Analysis Of The Forces Required To Drag Sheep Over Various Surfaces. Psychology: The Italian and US researchers for their report: Politicians' Uniquely Simple Personalities. Chemistry: A Japanese researcher who investigated why a bronze statue in the city of Kanazawa did not attract pigeons. Literature: John Trinkaus for a collection of studies including one that contained data on the percentage of young people who wore baseball caps with the peak facing to the rear rather than to the front. Economics: Karl Schwarzler and the nation of Liechtenstein for making it possible to rent the entire country for corporate conventions, weddings, bar mitzvahs, and other gatherings. Interdisciplinary research: A Stockholm University team for its report: Chickens Prefer Beautiful Humans. Biology: CW Moeliker from the Netherlands for documenting the first scientifically recorded case of homosexual necrophilia in the mallard duck. Peace: Lal Bihari, of Uttar Pradesh, India, for his campaign to prove he is alive. Medicine: The University College London team for showing the hippocampus of taxi drivers is bigger than in the general population.",1381825,0
14298,female,"I'm playing with the iTunes thing on my computer. Good lord, it's cool. It seriously takes all of about two minutes to burn an hour long CD. This is especially cool since my old computer took a good 45 minutes to an hour, and it only worked half the time anyway. Ahh, this is too fun! Who says computers are evil? Not mine, for sure.",1381825,0
14308,female,APES test tomorrow. I really should be studying. But I'm not. That's what English is for.,1381825,0
14446,female,"Happy New Year! I just got back from seeing Peter Pan. What a sweet movie. I liked how they actually followed the book (cough cough, Disney, cough cough) and played up the real theme of the story - the pain of growing up. Peter was appropriately precious, and Hook was appropriately scary. I especially liked how Jason Isaacs played Hook; he was much more of a seducer than I had previously seen him played. I liked the movie quite a lot.",1381825,0
14500,female,"If You Want to Sing Out, Sing Out Well, if you want to sing out, sing out And if you want to be free, be free 'Cause there's a million things to be You know that there are And if you want to live high, live high And if you want to live low, live low 'Cause there's a million ways to go You know that there are Chorus: You can do what you want The opportunity's on And if you can find a new way You can do it today You can make it all true And you can make it undo you see ah ah ah its easy ah ah ah You only need to know Well if you want to say yes, say yes And if you want to say no, say no 'Cause there's a million ways to go You know that there are And if you want to be me, be me And if you want to be you, be you 'Cause there's a million things to do You know that there are Chorus Well, if you want to sing out, sing out And if you want to be free, be free 'Cause there's a million things to be You know that there are You know that there are You know that there are You know that there are You know that there are - Cat Stevens",1381825,0
14550,female,"So watching Jon Stewart a while ago ( . I immediately rushed to iTunes, and lo and behold, they had him. Unfortunately, they do not carry the entire album (it's missing two songs) and since the list price for the album is quite a bit lower than normal, I'm thinking this is a rare opportunity to buy the actual CD for less than it would cost me on iTunes. Shocking, I know. But partially in gratitude for all the wonderful things iTunes has done for me, and mostly because I had genuine interest, I did purchase their exclusive acoustic version of ""Amazing."" It is absolutely lovely. So if you're like me and all your old CDs are getting worn out from extensive play and you are dying for some new rhythms, I suggest you give Josh Kelley a try. I promise you won't be disappointed. P.S. Although I shall try my best, the grandparental units are coming into town tomorrow evening, and due to their visit, posting will most likely be at a minimum. I shall try, however, to keep my loyal visitors (ha) updated on the progress of my seemingly never-ending illness and the status of my work and exam schedule. P.P.S. For my loyal visitors (ha): I'm not feeling much better. I'm currently on... hang on... four drugs and they are all making me woozy. Trust me, it's a lot harder typing when you can see two keyboards. I'm nervous about the APES final tomorrow, but not worried. (Does that make sense? No. Blame the meds.) I shall try to post more later, and hopefully then it will not only be better news, but also coherent. Freaky.",1381825,0
14556,female,"Sick! Tired! Voiceless! I wish I could get better. I also wish I could sleep. That would be nice, too. While we're wishing things, let's make AP exams go away. The APES final, too. Blech. Summer needs to get here quicker.",1381825,0
14619,female,"I'm uber-tempted by some of the new templates Blogger has. Shall I be a poser and give in to the standard template, or hold strong with this one that could use some serious revamping? I'm thinking a major reinventing of the blog look (and possibly of the self) is happening this summer.",1381825,0
14628,female,"Isn't it perfect how the memories feel the same? Isn't it amazing how the song remains unchanged? Time is wasted on money and money wasted on lust. Treat her like a lady and she'll never get enough. - Josh Kelley, ""Home To Me"" I love that song.",1381825,0
14633,female,"1. AP English III, Schmitz 2. Advanced Math, Mahoney 3. Women's Ensemble, Brown 4. AP Chemistry, Grunden 5. AP French Language, Ivy 6. AP United States History, Klein Anyone have anything with me? Let me know.",1381825,0
14653,female,"This may very well be the strangest woman, as far as her relationships with other people go. I can't even begin to summarize - read the story yourself. Prepare to have your mind blown.",1381825,0
14673,female,"That's me right now. Sorry. I just had a lovely evening out. I want to do that again sometime soon. It was nice to get out of the house. ... Good God, I need a vacation.",1381825,0
14707,female,"So I heard a fun one today. A county in Oregon is no longer issuing marriage certificates at all. They were threatened by the state attorney general to NOT issue marriage licenses to gay couples because it conflicted with a state statute. The county clerk decided that because the state constitution forbids discrimination of any kind that the only logical thing to do then was to cease issuing the licenses at all. She claimed that when a state statute conflicts with the state constitution she just felt her hands were tied. This is what comes of mixing religion with law. Referance places like Afganistan and Iran. One should simply NEVER let the dominate religion of a country or state run it's legal system. It will ALWAYS be inherently discriminatory. Simply by deciding to live by one code of moral conduct one must needs reject other perfectly respectable codes. This will simply never sit well with those who follow the other codes, and in a country founded on the principal of acceptance of differences it is simply unsupportable to limit the populace in this way. Speaking of which, the death tax. Are yall aware that unless you have over $20,000,000.00 abolishing the death tax will not help you? So all of you $20,000,000.00 aires get together and try to convince yourselves of how screwed you are by the system. Take an economics class. There NEEDS to be a system of income reallocation in a system dependent on competition. The only folks that want the death tax abolished do things like own WalMart. Yes, the ones that use their vast income to employ folks at minimun wage, and work them too few hours per week to qualify for benefits. So I'm asking you........ should we reward the greedy bloodsuckers of society so that WE can come up with the trillion dollars over the next decade to replace what they save? Yes, 1,000,000,000,000.00 out of the pockets of the people who are deciding between medicine, and food, and a way to work so that they can continue struggling. Yes, lets do reward the greedy millionaires. People are SUCH dumbasses sometimes.",416613,0
14738,female,Bush Blocks Full Funds for Fight Against Terrorists,416613,0
14976,female,I wish they would stop having me advertising for damn Greyhound and damn Peter Pan..Fuck man! Kaycee gets lil Flip and I get fucking Peter Fucking Pan!! What kind of justice is that?!! She has never even talked about fucking lil Flip or damn George Clinton!! WHOOOO! Now ya'll know.,3669151,0
15014,male,"From left, sister Mercy (Mercedes),sister Martha,brother Victor,cousin Juan and brother David at my nephew's wedding.(Fernando's wedding) Chihuahua City. Todos se ven muy bien, muy guapos y chipocludos quien sabe ya en la vida real, .............just kidding.",4120932,0
15015,male,"My nephew Fernando and his brand new baby, they live in Chihuahua City.",4120932,0
15017,male,"Carter and me a few days before he left for Alaska. Grandma &amp; Papa miss him a lot, he is coming back in September.",4120932,0
15032,female,"ok, so lately i've been noticing more and more the pairing off of nerd men and glamor-industry wimmen. and im not talking guys in aviator sunglasses who work in ""design"". im talking dorks. full. on. dorks. this is not right. i want to see nerd couples prancing arm and arm, giggling and snorting, and staring into each others eyes all lovey. i want to see every pointless blogger guy with a master of library science candidate gal. i want to see every man with his post-post-ironic black glasses held together with safety-pins or scotch tape dating a girl with visible pantylines. i want to see order returned to the universe. i feel this is all part of the general sense of selfish, arriviste, neo-conservatism thats sweeping society. it should really be about giving back. consider, when the jocks trash-canned you in the jr high cafeteria, who wiped the tater tots off your face with love and adoration? the stilletto-clad female who does PR for stila, or the lonely young lady who sits up nights with her morrissey bootlegs translating medieval french writs for two dollars a word? i think you know who. dont let the terrorists win.",3865545,0
15043,male,"why do i title it that...well basically cuz im going to spill all of my deep dark secrets in this thing so ya get ready...J/K well sorta...ill only spill a few of em...but anyways ya i needed this mostly for me ya know just so i can get things out, in a way and so i can have all my thoughts somewhat organized and know how things are and were and how theyre going to be(if that made sense)... but anyways ya dude/ette/s w/e, this is my blog and if you dont like it dont read it and if you do then come as you please. SOOOOoooo Get REAdy things are bout to get heavy...like OFF THA RICTA' OFF THA RICTA'....no j/p im gonna try and leave all of that crap outta here cuz that just gets annoying and then no one will ever read this...SO im gonna definitely keep this thing interesting i mean u know me...but ya this is just the beginning of it all...so ya...we'll keep in touch...",3620187,0
15052,male,Ya GoTtA LoVe ThAt WoRd WhEn TaLkIn To SoMeOnE...It could mean so many things...So....I love you and i want to marry you.....SO.....this convo SUCKS.....SO.......wanna make out.....So....How bout Dem Cowboys....So.....we've already talkd about everything....So....i want to talk to him/her...but i have no freakin clue what to say so this sadly is my best attempt......So.....you ever jumped off a boat dock into shallow water and landed on an open shell slicing up your foot??...and your own mom has to jump in and carry you back to the lakehouse??????and on the same day get in a boat and watch someone ski behind a boat only for them to fall backwards and then let the handlebar come streaming back to smack you in the FACE and cause massiive amounts of blood to pour out of it????....HAHA DIDNT THINK SO (actually happened). SO....who do u like....thats a popular one....So....Whatcha thinkin about?....SO....what if you were stranded on an island....and all of that crud....So...if you had to kiss one person.....So if you had to do one guy.....then theres that awkward but prevalent.... so .......its just out there like its not supposed to be there but some demon from hell unleashed it and now we are stuck with it.....or there are those REALLYreally long SOOOOOOooooOOO OOOoOooOoooooOoOOOoOOoOOoOoOoOOoOoooOooOOOOoOoOOOOOOOooooo 's that let that person know that you are either exxtremely BORED or you have no life and this is the highlight of your day so you are living it up rite now.....Speaking of bored outt of my mind.....ya its time to go....,3620187,0
15087,male,"""No Sleep Till Brooklyn"" - The Beastie Boys",756463,0
15175,female,"The two previous posts were classwork I did for my Sociology class. They do a pretty good job of displaying my beliefs on the two matters of; Socialized medical care, and gender specific classes. ~Kristyn",1390302,1
15261,female,"i am studying for a level i-iii class that starts august 25. i am taking my time; pacing myself with the unbelievable amount of material i picked up last week. it took me close to 3 hours to try and sort out what everything was, and what order i should be reading it in, but i believe i have it figured. i have begun reading through the moh precourse package. it is pretty self-explanatory, though the tems updated versions of some of the chapters are not nearly as well put together. i am attempting to learn concepts as opposed to memorize things, and i believe i am doing well. this material is all review though, stuff we learned in college. i would like to have a good knowledge base prior to getting in to the als modules. hopefully i'm not going to slowly. today i was reading the acid-base balance section. i actually feel like i understand the whole carbonic acid/bicarbonate ion buffer system, and metabolic vs respiratory acidosis and alkalosis. i had to do quite a bit of extra reading from my college anatomy book (hole's), but i feel pretty confident. i have spoken to a few people about the class and what to expect. it seems that the most important things to get to know are the standing orders and pharmacology. i have read over the standing orders, and plan to regularly. i haven't started with any pharmacology yet, but will not neglect this topic, thats for sure.",4067860,0
15265,female,"i was looking for the up-to-date seniority list on the 416 listserver , and wasn't able to find it (i don't think it's on there). the most recent one is from 2002. but anyway, i found a bucnch of pictures from our protest on march 26. erin is pretty photogenic i see... thought i'd hang on to the links for the pics. i did not take any of these photos. what do we want? RESPECT! all protest pics   erin bunch of people paul on the phone far left with the toque on strong women you'd think we'd have the whole symptom relief thing sorted out by now, but no...",4067860,0
15278,male,"Well, so far the dreams are more passionate and passionate and so i am really living in a fantasy world right now. Luckily, i found out coffee does stop me and bring me out of the dream world and so, well....... oaky, last night's dream was the best of the best man!!! whew, i had a hard time keeping ""it"" down!!! hahahaha......i don't think i should tell you about this as people all over the world can read this so, e-mail me at nergrounds91@hotmail.com for the full coverage on 13/7/2004's dream!!!",3766513,0
15375,male,"So I am in a car with my mom on our way down to San Ramon for the weekend as it is Gary's Memorial this weekend (see July 5th). I asked my mom, ""I need to write a blog, what should I write about?"" She suggested the traffic going the other direction. Why people sit in it. To be honest I don't really care about that and she will never read this so I will talk about traffic in the future. I wonder how much longer we will be using cars for. Something like the Jetsons where we all have a spaceship probably won't happen because we can't just go anywhere, that would complicate things. We also cannot make roads with those because that would not solve anything. So to be honest I think the next big change in transportation will be public. I think that soon (like 20 years) we will start to see a new type of transportation that is like a low flying jet, can seat about 20 people and goes to different stops about an hour away (driving time) from each other like a bus in the air. I saw something that was cool that gave me this idea on the discovery channel. A jet is in the works for international travel that takes you into space. It looks a little like the top of a spaceship and seats, like I said 20 people. It would be an alternative to airplanes because it gets you there faster. It might end up being cheaper too because you don't need fuel once you are in orbit (not sure about the less usage of fuel). Any-who, that was cool and I think we may integrate it into a cheap public transportation as an alternative to buses. This post sucked but I had nothing to talk about.",3539291,0
15408,female,I'm sitting talking to Keriann and listening to Josie and the Pussycats. Today is a bright new day. But I'm not accomplishing much. Tis a shame. Now everybody smile. Just for me.,4005113,0
15475,female,"I went to the Jersey Shore this weekend with Suzanne and her family. I took Monday off as well so I could have an extended weekend there. The beaches were beautiful and the weather was in the 80's. Yesterday afternoon, there was a panic on the beach. A 5-year-old girl disappeared the next beach over from us and the lifeguards were put on red alert. They pulled everyone out of the water and lined up the lifeguards to do a sweep of the ocean, taking one step and then diving, then another step and then diving. They had the coast guard around and rescuers on jet skis, kayaks, and rescue boards. They had people searching the streets in case she had wandered off. Everyone was staring at the life guards and looking around the beach. Sirens from emergency vehicles were blaring. Finally, the search ended and the lifeguards got out of the water and started running back in our direction to their posts. The girl had been found wandering the streets a couple towns from where she had disappeared. She walked pretty far. As the lifeguards ran by, some people applauded. I think it's nice that everyone on the beach supported the lifeguards. There was a real feeling of community on the beach that afternoon... a sense of closeness as parents held their kids and older siblings looked out for their younger siblings. There was one boy who put his hand on his little brother's shoulder and said, ""if you were little, where would you run off to?"" The togetherness that I saw on the beach reminded me of the togetherness I felt after September 11th... people forget for a moment about their own problems and show genuine concern for others. QOTD - ""Next stop's coming up... (pause) BITCH!"" - Guy on train to another guy trying not showing genuine concern for others and trying instead to start a fight after the Mets vs. Yankees game was cancelled on Friday night because the Yankees were scared to play -- OF COURSE THE NEXT STOP IS COMING UP YOU IMBECILE... THAT'S WHAT MAKES IT THE NEXT STOP! Dave/Milhouse, BA",3609104,0
15478,female,"Sunglasses are an amazing product. Surely it's purely psychological, but when I put on a pair of sunglasses, I just feel cooler - in both senses of the word. I feel I look like the stud I am while at the same time, I think I sweat less because my body is cooled down. I don't get it... the temperature is the same outside whether I'm wearing sunglasses or not... the sun is still beating down on me. I think it has something to do with thinking that you've escaped the sun and are now standing or walking in the shade. The extra shade makes weather like this a little more tolerable. Don't get me wrong, I love it when the sun shines but the heat kills me sometimes. Does anyone else think this way or is it just me? QOTD - ""The sun always shines on the cool"" - Matt Woodhams Dave/Milhouse, BA",3609104,0
15497,female,"First off, I'd like to wish Mario a happy belated birthday. I hope your day was full of happiness and that Ben took good care of you if you know what I mean. I also want to wish Jeremy a safe flight today and the best of luck at USC... I just hope Los Angeles is ready for him! As much as I try to hide my feelings behind hilarious jokes and a calm, collective, handsome look, I have to tell you, this latest terror threat has me a little freaked out. I know that these places have been ""threatened"" since the the attacks on the the US on September 11, 2001, but the latest threats against our country by Al Qaeda have shown that they have a great amount of detail regarding the specific targets threatened. One of the landmarks, the Citigroup Center is located just a couple blocks from my apartment. Al Qaeda supposedly has notes on the blueprints of the buildings, the security systems and security schedule, notes on the assumed structural damage if an explosive was to go off. That, to me is beyond a minor threat... you don't waste time and energy getting studying that information for no reason. I don't feel to safe living that close. With all the tall buildings around my apartment, the damage could be devastating... it's got me a bit on edge. QOTD - ""Fighting terrorism is like being a goalkeeper. You can make a hundred brilliant saves but the only shot that people remember is the one that gets past you."" - Paul Wilkinson Peace out, Dave/Milhouse, BA",3609104,0
15537,male,"ello.this world it sickens mi.i feel disgusted at the carelessness profanities r used.how often do ppl know their meaning?even if they do,do they actually understand how it can hurt?tired of this foolish language display.tired of this world.i wont tink of suicide,Lord.but i dun see how to love this world.maybe this is another concept introed by the tempter.teach mi to love the ppl,and not the world.",3102377,0
15559,female,"1. My favorite new slang word for ""doin it"": French Omelette. It's an omelette with meat inside. AN OMELETTE WITH MEAT INSIDE! 2. If I were to have a band, I would name it ""Post No Bills"", just to stick it to the man. Or ""Uterine Lining"". 3. My Pret A Manger lunchbag has a slogan on the side: ""This Bag Has Enjoyed A Previous Life!"" As what? Another bag? That doesn't sound very enjoyable. Although I have been entertaining thoughts of my bag having been a very flamboyant Courtier in 18th Century France.",3657741,1
15562,female,"Hangs Self. WARNING: The site is called Vegan Porn, but I'm pretty sure it's work safe. God almighty, I hope it's work safe. Man Hangs Himself After Being Exposed As Bird Rapist",3657741,0
15571,female,"America is in desperate need of a funny fat woman. Roseanne Barr (big fan) is passe, Rosie O'Donnell is obviously the worst (not counting Another Stakeout , which is primarily funny thanks to the genius comic stylings of Dreyfus/Ethtebeth), and Mama Cass , while never necessarily a comedienne, is most definitely dead. Then it occurred to me... Whatever happened to Edie McClurg ? Edie McClurg was an icon, one of many faces that has faded post-1989 ( Rick Moranis on Line 2). And why? McClurg's brand of humor was unique, from syrupy sweet southern charm to a two-faced bitch on wheels. From Grace, the plucky secretary in Ferris Bueller's Day Off , to Bonnie Brindle, on Small Wonder , to the annoying yet loveable Patty Poole on ""Valerie"" cum ""The Hogan Family"" . And how is Hollywood using this genius? In straight-to-video thrillers such as To Kill a Mockumentary and the 2003 sleeper bomb Fish Without A Bicycle (which I hear is almost as good as Goddamn, Parrot, That's A Sweet Ride! ) Well, I, for one, am appalled. From hereforth hencewith, I propose banding together to form the ""I Needie More Edie"" Campaign. I'll be the President. The t-shirts alone will clearly be snatched up by Urban Outfitters, and my talk show circuit run would be ginormous (Can anyone say Livin It Up with Ali and Jack ? I can.) Who's with me? Write to MichCollinz-mail@yahoo.com, and let's make something happen, yes?",3657741,0
15587,female,"GOD, it's a slow news day.",3657741,0
15611,female,"Well, that ol' whore Madonna just won't quit. She's changing her name to Esther, like a good mystic/jewish girl should. If she really wants to re-tramp her image, she should go the whole kit and kaboodle and change her last name to ""Prynne"", while having a mammogram performed live on stage during ""Borderline."" Then we, her faithful listening audience, can tack on a well deserved Scarlet ""W.U.H."" to her cardy = Washed Up Hag. Madonna reinvents herself as Esther",3657741,0
15626,female,"We'll begin this blog using a source that delivers real punch-to-the-groin journalism: The AOL News Ticker. I am seriously considering changing my given name to Lethal Homebrew, then blinding five people with my fists and fists alone. Lethal Homebrew Kills 13 Iranians",3657741,0
15636,female,"12-year-old Ilana Wexler may not be a household name (save for her own, where word has it she's up for Homecoming Queen of her home-schooled class, population: Ilana Wexler). But it looks like her popularity is on the rise. Deeming the Spelling Bee Circuit too ""bloodthirsty"", tiny Ilana, clad in a purple cardigan and humongous red Jewfro, has chosen the road less mudslung: politics. She's already started a website, Kids For Kerry , which aims at taking money pre-teens normally use for pornagraphy, drugs and abortions and applying it to a better cause - helping John Kerry get to the White House (Amen). Her hard work has paid off. Ilana was asked to speak at the Democratic National Convention in Boston this week , and brought the crowd to their feet. On Dick Cheney: When our vice president had a disagreement with a Democratic senator, he used a really bad word. If I said that word, I would be put in a timeout. I think he should be put in a timeout. BOOYA! In your face, Dick! Put that mutha-fucka in a time-muthafuckin-OUT! I am standing on my feet and clapping as I write this. What's in store for Ilana's future? After growing out of her ""awkward phase"", she'll wait around for approx. 10 years to find a man that likes her for ""her brains."" She'll sleep on a mattress made of money, and will undoubtedly be more successful than me. Sidenote: Why isn't Jaleel White running for Senate? He could take Obama to school. Two times. Front and Back Note: Yes, I am fully aware the title makes no sense. K My A.",3657741,0
15637,female,"Sorry about lack of postings today. I'm extremely busy planning a three week trip to the French Riviera. Did I say French Riviera? I meant rehab. I'm busy planning a trip to rehab. Forever yours, Jay Kaye.",3657741,0
15642,female,"I was 30 minutes late to work this morning, thanks to some electrical problems at Chambers Street. Subway Announcer: The train is being held at the station. I think: Mmmm... I bet it's nice being held at the station. If anything in this city needs a little TLC, it's the subway. A home/bathroom to many a gypsy and tramp, littered with garbage, hitting a person now and again... these things can be very traumatic for a train. All it needs is to be held a little while. But please. Not on a Monday morning during rush hour.",3657741,0
15670,female,"So much talent goes unnoticed on the internet. Check out these skillfully rendered portraits of Sir George Michael. The resemblance is uncanny. Whatever you do, do NOT donate these sketches to the homeless come Thanksgiving time -- THAT'S HOW UN-CANNY THEY ARE!",3657741,0
15677,female,"Producer Paul Maslansky is putting the ""Po"" in ""Police"", by announing plans for an eighth installment to the Academy franchise , and, therefore, publicly declaring his financial and intellectual bankruptcy. OK, now I love Steve Guttenberg as much as the next gal (I wish I was kidding. Tom Bergeron , call me!), but really... do we need an EIGHTH installment (insert infinite amount of alternating question marks and excalamtion points here.) Looking at Guttenberg's rich cinematic legacy (which includes a movie called P.S. Your Cat Is Dead , and p.s., I'm not kidding), it boggles the mind to think he would stoop this low. Because, let's be serious, as ""funny"" as the series is, it's really nothing more than a string of female recruits in wet t-shirt contests, and the fellas getting attacked by german shephards. On second thought, this movie may very well rake in millions upon millions of dollars. Hey, at least we'll get another generous helping of Michael Winslow ! He can sound like a robot!!",3657741,1
15688,female,Animal Cruelty or Animal Hilarity?,3657741,0
15712,female,"And no, it's not a review of Ray , the Ray Charles biopic, although it looks amazing. Check out friend and blogger Atara's experience at the Democratic National Convention. It involved following a famous celeb quote ""who is mostly known for playing sensitive man-diots (which is a man who is an idiot who cannot commit, but for some reason women find it charming, and then at the end of the movie he does something overtly stalkerish like playing an overrrated 80's song on a boombox and all of america falls in love with him. FOREVER) and his entire useless entourage, back to his hotel..."" and other antics. Very funny, worth your time. Atara's Adventure at the DNC",3657741,0
15730,female,New light fixture... ,3772540,0
15731,female,An almost finished product... ,3772540,0
15735,female,Another before shot... ,3772540,0
15738,female,Here is our new house!  ,3772540,0
15784,female,"all in all the day was a ""eh"". I got my report card. 60 in keyboarding. Zimmerman had said was going to give me 74. Lovely. The day evened out overall though, I suppose, because I found out I've won a national scholastic award. I'm floating on that one. I'm not sure how my parents will take the 60, I'll deffinately tell them about the award first and then throw in the 60 on the side like. District orchestra tonight, promises to be boring as hell. xo",1155029,1
15791,female,"Spent a day with cabe. I had to leave early because he had strolling gig. Perhaps, I'll learn how to play the violin and join strolling at some point. LC has invited kawin and I to KNobles tomarrow. Sounds flapping. Juice will be there, and I suppose kri will. hm.",1155029,0
15815,female,"Confirmed! Confirmed! Would Claudio lie? William Shakespeare's Much Ado about Nothing. 19.th.20.th. 7:00. WAHS Auditorium: $5 STARRING: fritz, sexy, the de-schmale, and chubs the thumbless wonder.",1155029,0
15848,female,"I fully enjoyed Geometry today. It was infinitely better than any of the stress management classes the school offers. There's something extremely rewarding about telling that man exactly what a jackass he is. One more day of school, and then it's one week of sweet summer before summer school kicks in. The well awaited Search for Johnny starts filming mid-June. Rumor has it, the directors like cream-filled doughnuts. wink wink.",1155029,0
15892,male,"You know, I was editing my profile today, and I got to wondering why exactly my favorite stuff is underlined. Well, I clicked on some of them and, much to my dismay, I discovered that it shows you all of the people who share this interest. I think if we put our heads together , we can figure out who should be the most ashamed of his interest/favorite book etc. I think my interest in the book Foucault's Pendulum puts me in with a special class of high-powered mutants.",3994484,0
15939,male,We've all been waiting patiently for you to post on the blog...come on!,3994484,0
16155,female,"You can read John's take on it . Or you might enjoy his hometown paper taking him on . Personally, I like his wife .",647085,0
16156,female,"First, consider the alternative. Singular. Ralph Nader has about as much chance of being president as Lyndon LaRouche at this point. Second, read what the man has to say . He writes better than he talks, which puts him a step above Bush who can only speak when someone's feeding him rhetoric. But the man doesn't seem to come off as well in the media as he does in ""print."" Third, he can inspire a 14-year-old to burst into song . Ok, that's silly, but I had to include it... Fourth, consider that when you elect a president, you elect a good slice of the executive branch, and influence the selection of supreme court and other high justices, ""coattail"" elections to Congress, and a zillion other things. How many of Clinton's cabinet did you hate? How did you feel about his appointments? Now, think on these names: Cheney. Rumsfeld. Ashcroft. Wolfowitz. How do you feel about those names? Think of the issues you've seen go radically bad in the last four years, like air quality. Consider if Democrats are likely to support amending the constitution in ""defense of marriage."" Fifth, because the people you wanted to win the nomination probably are backing Kerry now. Even Dennis Kucinich , who I voted for in the Oregon primary, because I want to send a progressive message to the national party. But Dennis, Howard Dean and I (and many others) agree that the support must go to the nominee, and Kerry will be that nominee. Sixth, because we need to engage the radical/religious right, which means we need to get off our duffs before they emanatize the echaton (try to bring on the apocalypse in order to hasten the second coming) on our butts. No kidding. Think we need to stay passive in this decorous age? Seventh, ""Those who stay away from the election think that one vote will do no good: 'Tis but one step more to think one vote will do no harm."" -- Ralph Waldo Emerson Eighth -- I want Kerry to modify his stance on the war and a few other issues. I have a much higher chance of doing that if I'm a key volunteer than if I sit at home and gripe. All politics is local. Let's not trickle up -- let's give them a deluge! Ninth -- you like ketchup with a kick! More to come...",647085,0
16167,female,"The AP reports strange bedfellows in Oregon: Two conservative groups have been phoning people around Oregon this week, urging them to attend Ralph Nader's convention Saturday in hopes of putting Nader's name on Oregon's presidential ballot. The groups make no bones about their goal - to draw votes away from Democrat John Kerry and help President Bush win this battleground state in November. ""We disagree with Ralph Nader's politics, but we'd love to see him make the ballot,"" said Russ Walker of Citizens for a Sound Economy, a group best known for its opposition to tax increases. The Oregon Family Council also has been working the phones to boost attendance at Nader's event - with the idea that it could help Bush this fall. ""We aren't bashful about doing it,"" said Mike White, the group's director. ""We are a conservative, pro-family organization, and Bush is our guy on virtually every issue."" [snip] The head of Nader's Oregon campaign, Greg Kafoury, said he's had no contact with the two conservative groups that have been calling people this week. But he said he's not bothered by their actions, either.",647085,0
16180,female,"The incomparable Bill Moyers, in the keynote at the Inequality Matters Forum at NYU: There's no question about it: The corporate conservatives and their allies in the political and religious right are achieving a vast transformation of American life that only they understand because they are its advocates, its architects, and its beneficiaries. In creating the greatest economic inequality in the advanced world, they have saddled our nation, our states, and our cities and counties with structural deficits that will last until our children's children are ready for retirement, and they are systematically stripping government of all its functions except rewarding the rich and waging war. And they are proud of what they have done to our economy and our society. If instead of practicing journalism I was writing for Saturday Night Live, I couldn't have made up the things that this crew have been saying. The president's chief economic adviser says shipping technical and professional jobs overseas is good for the economy. The president's Council of Economic Advisers report that hamburger chefs in fast food restaurants can be considered manufacturing workers. The president's Federal Reserve Chairman says that the tax cuts may force cutbacks in social security - but hey, we should make the tax cuts permanent anyway. The president's Labor Secretary says it doesn't matter if job growth has stalled because ""the stock market is the ultimate arbiter."" You just can't make this stuff up. You have to hear it to believe it. This may be the first class war in history where the victims will die laughing. This is a worthy call to arms -- not munitions, and not hugs, but arms with sleeves rolled up, and ready to work.",647085,0
16258,male,"Whale Watching with Fantomex My comic-book hero friend Fantomex [1] is currently whining because we went whale watching in Monterey and we saw no whales. Actually, it's almost a year ago since we went, but that's by the by. Obviously still holding a grudge that it cost him $40 and half a day :-) He's put the following picture up on his ""site"". Presumably he's having a dig at me because I'm always going on about how great California is and we have everything, whereas Leeds just has rain, homeless people and a tier 2 footy team. Click for full size image It amazes me that he totally failed to see the pre-historic monster off the port bow. Should get his super-hero super-vision checked maybe :-P [1] - Actually, he's no hero, he's just delusional.",3477300,0
16332,female,"i woke up around 9 to let the dogs out because everybody else in my family is too lazy to then i went back to bed till 1145. i woke up, got ready, and went school supply shopping. fun stuff man. i got everything i needed at target and only had to stand in like for like 15 minutes. after that i went to staples then to like 4 other places. then i went home and took a shower. around 6 alexander amy and jason came over and we went to lowes and the dollar store to get stuff for the party. i felt like i was about to die. i was extremely hot and my knees were killing me and i had a major headache. then we got to alexanders and i forgot the cds so jason and i had to come back to my house to get them. then we had to go back to my house again so i could get the plates and napkins and all. then we stopped by james's house to invite him. then we got to alexanders around 645. i fell asleep on the couch and james came and tried to throw a pillow on me but he kinda missed. we blew up balloons and listened to cooool music. mags ben stacey dbo derek carrie kris alan kevin and some other person came later. they played mafia and basketball and it was hilarious. me and stace decided that alexander should play volleyball. me mags and ben stood at the end of alexanders street flagging down the pizza guy cause someone stole the st leonards court street sign. william drove his rx7 to alexanders and his stick thing lights up and flashes and its hot. and i found out that rick james died. its real sad. me and mags had a long conversation about something that has recently come up. i just want her and krissy to know that i dont think i will because i didnt realize how good ive got it until tonight. i dont think i could ask for better friends than the ones ive got now. well im out... i have to wake up in 7 hours to go to stone mountain where its gonna suck because i cant climb stairs or walk trails or fun stuff like that. bad knees suck major.",3848149,0
16430,female,"Well we meet again, this time I am in Oahu, a beautiful island part of the state of Hawaii USA. I arrived last night at 11:20pm Hawaii time. The flight wasn't too bad, around 10 hours duration. I am staying at the Ocean Resort Hotel Waikiki. It is great, close to everything. I am sharing a studio unit with a girl called Hege from Norway. She is here studying on exchange just like me. I didn't get up to much last night, Kerri-Ann my wonderful Hawaiian contact picked me up from the airport. It was great to see a familiar face, she presented me with gifts of a necklace, a flowers lei and a candy lei. It was lovely. I got to the hotel and was famished, I had to walk 5 blocks to find a convience store to get something to eat, phoned home and then forced myself to lay and rest to help the time difference. It is 20 hours behind Sydney over here. The weather today has been beautiful. I went shopping to Ala Maona. It is a big mall on the other side of town. Over here they only know two directions, the mountains is one way, and the ocean is the other. Kerri-Ann said I should never get too lost, cause all you have to do is just look around and walk the other way. My experiences with American/Hawaiian culture have already cracked me up. The money is the worst, I have to make sure I look at the notes properly as the money all looks the same. The coins are a pain as well. I had to ask someone how much a dime was, I have since found out it is 10 cents, see my nan was right, you learn something new everyday. Getting the bus to the shops was funny as well, I went to pay the driver and he laughed, and instructed me to put the money in this little machine, and I said to him, do I get a ticket, and he giggled again and said well do you want one, and I felt a little silly. Everyone has been really friendly, there seems to be a lot of tourists and visiting people here, so much that it almost seems hard to pick out who are locals and who are not. The view from my room is breath taking. On one side you see mountains, and the other side is the ocean, blue and sparkling. Around the city it is very green, lots of trees and plants, it is a really clean and beautiful place. I will post some photos as I have a new digital camera now, but I will have to wait til I go to uni tomorrow so I can do it. I am using the hotel computers and it costs alot of money.",3736933,0
16565,female,"Remember ""You Can't Do That On Television""? ",3420112,0
16614,male,"The one thing I want to do more than anything in my lifetime would be to play soccer on the moon. I want to go to the moon, I think it is honestly surreal. Only like 5 people have ever been there in the history of the universe. It'd be fun to go around walking on air and then kick a soccer ball 200 yards, which is impossible on Earth. I don't know if I have it in me to train and study hard enough to do that though.",2109397,0
16630,male,"This looks really racist...and it is, but we arent talking about all black people here, just the dumb stupid annoying ones. VPrisonerKSC2303: Niggers suck... BayernGK174: i kno...did u see the way they overreact to the smallest things like in class today VPrisonerKSC2303: LOL VPrisonerKSC2303: fucking nigs should die BayernGK174: yea BayernGK174: expecially theo nes at ballard VPrisonerKSC2303: i had an ""experience"" with nigs in 3rd period today... VPrisonerKSC2303: i told you about that didnt i? BayernGK174: yea BayernGK174: they r so viloent VPrisonerKSC2303: their so primitive BayernGK174: lmao YES! that is true VPrisonerKSC2303: their like the lowest stage of the human evolutionary ladder VPrisonerKSC2303: followed by wetbacks BayernGK174: this is the truth BayernGK174: an it should b known! VPrisonerKSC2303: put it on your Blog... VPrisonerKSC2303: and give me some credit damnit BayernGK174: ok will do BayernGK174: ill copy paste VPrisonerKSC2303: it goes... Niggers, Aboriginies, Indians, Wetbacks, White people, then Japs BayernGK174: japs at the top? VPrisonerKSC2303: awesome VPrisonerKSC2303: yeah, their the smartest breed BayernGK174: i guess then",2109397,0
16643,male,"I'm so fucking angry for no apparent reason and I just wanna kill some person, I dont care who. I just want someone to suffer. ::BAD THOUGHTS:: I AM AN ANGRY PERSON (notice I did not say child)",2109397,0
16652,male,"I talked to this kool kid from MS that I hadnt talked to in awhile. Yea so I was readin these peoples journals, and it osunds like Atherton is a lot of fun. Everyone is having fun over there and i'm stuck in the Eastside at BALLARD which stands for sucky ass preppy rich school that is dark and dungeon like and everyone smokes pot. Which gets me to my next point. That kid, who I passionately dislike ratted a buncha ppl out...or did he. It was leaked to the school that he told on a crap load of people when only he told on 2. He told me this in an IM and I asked my friend how much of it was the truth, because he was there and he said none. Well apparently the kid that ratted told abuncha other ppl his little story and they believed it. Originally this summer was going to be full of his ass kickings and now a lot less people are going to kick his ass. Which sux because I might hafta get my lazy ass up and do it for myself. In our little IM he told me to go out and make the A team. And that was pretty hypocritcal considering he was cut from the exact same team. Stupid faggot. He said all this shit about how he would ride me out and that I used to b a friend or something. I thought "" Are you kidding me? You're the one who ditched me for a buncha people for no apparent reason. You're a wannabe, a fucking poser, you do drugs so you can fit in with every fucking crowd at Ballard, which totally backfired especially considering all you ever do is annoy people. NEWSFLASH: no one actually likes you we just put up with you. Now you know that I don't like you and nothing has made me happier this week. I just wish you didnt have the ability to lie the way you do, thats another thing, I really dont remember one thing that came out of his mouth being truthful. Everything was some sort of gossip, drugs, brag, or lie. The kid can't have an intelligent conversation with anyone. I honestly do not think I have had a more pure hatrid for anyone in my life, that IM was the best thing that could have happened, even if it ends up with im saying shit about me or wutever and turning people against me, it wont matter because he knows I hate him and he wotn be bugging me EVER AGAIN! MY MOM WILL NOT QUIT TALKING TO ME, she needs to stop telling me to do stuff, or else I wont do it. I think I have more stuff to rant about, but for now I feel alright enough.",2109397,0
16676,male,"Saw Saved again, for no apparent reason except that everyone I was with except for me hadnt seen it. I need to get away from the movies, too many trips there too often. I haven't been roading in awhile and that would be fun. I have decided not to try out for Mockingbird because I don't see a reason to anymore. Also i'd like to maintain my shutout streak against all the White players. Griffin might be mad at me but he'll get over it. That's all that happend in my ever dramatic life (jk). UM yes, United tryouts are in 4 days, and no one seems to know about them. Joey, who is an idiot in general didn't kno and is gonna miss them , and he better be playing next year because he was our best player by far well not by far but close to it.",2109397,0
16704,male,"I hate that little christian loser click that exists. Well clicks themselves suck but these people think they are all ""individual"" and crap. Fuck that shit. And they hang out with Tripp the fucking faggot fuck. Do they not know what he did? I mean seriously who would hang out with someone who narced on like 30 people just so he didnt get expelled and then he ends up not even going to our school anyway. If you cant take the shit you are going to get then why do it. He fucking narced to save his own ass and then he expects to be able to tell everyone and make some damn excuse up everytime it comes up. Even now when everyone knows he still thinks he can lie his way out of it. Stupid fucktard he is. I wish I could just get my licks now. And then he goes and files a lawsuit every fucking time he gets touched and tries to fucking frame a kid. Fuck that, he made a fucking false charge up and had a kid sit in jail for 5 and a half ours. Fuck that shit. That kid deserves what hes gonna get and I wish I can be there to see him fail at life. I cant wait until we play him in soccer oh my it will be fucking hell. No one will give a fuck how fucking violent it will be. I personally and know of others who will not care about cards and everything. The kid really should not want to play against us. Ok, I'm done caring about whatever the fuck is going on in that little story for now. No one is online right now. Usually someone is on at 3am but noooo not tonight. School starts in 2 god damn weeks. I swear I am seriously not looking forward to school. Itll be the 2nd or 3rd worst day of my life. School sucks and I hope this year goes by fast as fuck so I can get the hell out of Ballard. Soccer isn't going too awful good. I have had one good day of practice and I hate the god damn freshman who are on the team. They all suck except for one kid and theres also a good eight grader. But the frosh are fucking annoying as hell and I can't wait to bitch them out in games. Assuming I play, I'm worried that I won't get to play the games I want to and I hope the coaches give me and Sam equal time and/or ask me and him how we would like to split it up. My thumb is still fucked and it's making me mad, it doesnt help that I have like no break to let it rest. I even played today and like shit. It was sort of a waste of time, the grass was long as fuck and we all werent playing good and I wasnt really trying. So basically all it did was get us tired and make me jam up my thumb again. I think I'll just tape a spine to the thumb of my glove tomorrow so I'm not as hesitant to go down and slide, deflect with both hands, and catch with both hands. I have to do the fucking recycling fuck/ I'm getting real sick of all the bitching that goes down in my household. My older sister keeps talking about her car accident, which I guess she has reasoning to but it gets old when she talkse about how her friends are going on about their ""injuries"" when the ""werent injured"" and how stupid they are. She has reasoning and everything I'm just getting sick of it. The younger one keeps bitching about the soccer team and how she wished she was on Varsity and how she should be on Varstiy. And then she starts going on about her little ""injuries"". She thinks her ankle is messed up or something and she wears a brace on it every chance she gets. All she did was fucking roll it. She's such a whiney ass BITCH. I really dont care about her little injuries and shit. Spare me. Then she goes on and on about how much attention the older one is getting because of the accident and how her birthday is ruined and no one is caring about her birthday. She needs to get used to it, I havent had anything fun done on my birthday in years but do I care, not really. She has enough shit as it is and she keeps saying ""Mom I better get ____,_____,_____,_______ and ______ or else you'll be sorry!"" Fuck those bitches have like the biggest ass bills from American Eagle and Gap and all those prep stores. They spend SO MUCH DAMN MONEY, it's not even funny. They yell at me for getting $200 cleats once a YEAR when they spend $600 in clothes every MONTH. It sickens me. I don't get anything except soccer stuff and I dont care. They get clothes every god damn week and they want more and more and more. Ok I guess I'm done for now. Later haters.",2109397,0
16739,male,"I made a little progress yesterday, I got the frame primed and the wheels painted...",1274171,0
16776,male,"Is anyone else sick of these Geico insurance commercials? At first, the gecko was cute, then annoying. Now, these ""I have good news, I just saved a bundle on my car insurance"" are getting old fast.",1274171,0
16854,male,"My mom signed me up for this psat class that is supposed to increase your score like a 100 points, so i honestly didnt want to go. And then guy teacher guy dude said that we were smart in taking this class or out parents were hoping to pay for less of our college. And i laughed. Laugh. Anyway, youth group was fun, we played elbow tag, and i couldnt catch micheal. That boy can really run fast, and he didnt tag anyone because we liked watching me run like a dork, fo figure. And then the last youth group, Jill got me snuggles dryer sheets. They are soo cool i put them in my window and changed my icon to snuggles. It rox sox. Thanks Jill. And then after one of my psat classes, since it was in portland, i dragged my mom to compusa and taco bell and i gots a new network hub 5-port combo uplink 100mbps, HA! not like i needed it or anything.  But it looks cool connecting my two comps in its shiny silvery fashion. O yeah, and i got a few comp parts. And i built an entire new pc, now i have two, which is two more than you!! And its cool, cuz my site is on one of them, which you can find at http://www.force.co.nr im done talking au revoir",3763501,0
16931,female,"ATTENTION: THE VILLAGE SPOILERS AHEAD All right, so Alec's mom got free passes to go see a movie. Alec and I decide to go see The Village. I, being the cunning devil I am, already knew what was going to go down, but I figured, 1) Joaquin Phoenix is in it and 2) The Village > A Cinderella Story . We moseyed over to the cinema at about 9:30. Our movie started at 9:50. We decide to get some drinks and popcorn. Both Alec and I order 7-Up. The cashier gives us our concessions and we go on our way. I was a bit thirsty, so I decided to have a sip of the 7-Up. Little did I know, there was a mystery lurking in the cup. IT WAS NOT 7-UP, IT WAS CLUB FRIGGING SODA. Now, the only time I have ever heard of anyone actually drinking club soda was while my mom was pregnant with my sister. She had a frigging person inside of her and was probably not thinking too clear, thus it is justified. The real question here is, ""Who actually drinks club soda on a regular basis? And are they drinking so much club soda that it is absolutely necessary for it to have it's own spot on the soft drink fountain?"" The Soda Incident should have been my number one indication that I should abort mission, but I ventured on. The movie started, and we were taken away to a whimsical land where ""blind"" girls can run freely through thick forests without walking sticks and people will try to escape from a locked room by first prying up the floorboards and then trying the open first-floor window. It was a land where instead of grief counselling to get over the loss of their loved ones, people decide it's better to start their own 19th century village. It was a land where the smallest movement in the forest is seen by the 24-hour lookout and immediately reoprted, however a retard wearing a bright red costume who escapes to the forest during the day goes unnoticed. My peeps, it is The Village. There were many terrible quotes throughout the movie, however there are several that stand out as incredibly terrible. There are also many different kinds of terrible quotes. There are the terrible quotes that are used to desperately tie together a weak plot and gaps in the story, such as, ""Oh, no! He has found our costume we keep under the floorboards! And he has escaped!"" There are terrible sporadic quotes that are supposed to be some sort of foreshadowing, but which don't, such as, ""My oldest sister didn't live past 23"" , which was randomly said at a wedding, might I add. Then there are the terrible quotes that are used to make up for the fact that the blind girl always seems to know where she's going (without any help) and exactly where Joaquin Phoenix is at all times, such as, "" I can see a colour around you, Lucius. I can't tell you what colour it is, but you have a colour around you"". You will notice I highlighted ""I can see"". No you can't. You're fucking blind. Frig, I could play a better blind chick than her. Maybe it was the director's fault, or maybe she just didn't understand when they said, ""All right, for your character, pretend that you don't see shit."" If I was a movie critic, I would kill myself. But first, I would give this move a 2/10. It only gets a 2 for the liberal use of Joaquin Phoenix's hot body.",1693155,0
16937,male,"Well here I am starting a BLOG. Why? Well maybe I'm tired of reading untruths, lies, manipulations and dealing with people who can't see just how black and white some things are anymore. I'm no where near perfect but I do know right from wrong and I do see the failings of our society as a great many things are happening. I am not politically correct and nor will I be. If you don't like what I have to say then don't read it. Otherwise read by all means but if you want criticize me then you'll be wasting your time because I just don't care anymore. --Shaun",3568608,1
16941,male,Friendship Poems 1,4221088,0
16954,male,"Hi Y'all: Rachel has been begging me to post something in here, so here I am! Behold Rachel! :) I'm doing good, despite some things that has been going on around here. Let's see, and let's back up...I arrived back to Rochester on June 20th to find our friend, Garwin, who had come and stay for a few days. Well, a few days became a week, two weeks, three weeks, and now it's the 4th week and I'm beside myself in wits! I wish he would find another place to crash....I'm losing my sense of privacy, my sense of MY APT., and my sense of MY CAT! Once company comes, my cat loves their attention and tend to ingore me. Knowing myself, I can't deal with that. I can't even walk around buck naked..gotta have my robe on to walk to the bedroom from the shower. It's a PITA! School is ok. I finally finished PLE class for the summer...think I'll get an A. It was a fun class, but waste of my time! :) Now, I have Shakespeare left to focus on. My paper's due tomorrow at 6 pm, and I'm only on the 2nd page as I'm typing this post. I can't wait for that class to get over with! It's too complicated for my little pretty brain. Work--ah, let's not go there. Other than that, I'm puttering around and getting by during the days. I can't wait til this weekend...Eric and I are going to CT this Friday for Rachel and Mick's wedding...Saturday will be our mini trip to Mystic Seaport and Aquarium (anyone going to the wedding is welcome to join us). Sunday, we'll check out of the hotel and go up to Albany to have dinner with my parents. Yes, my parents and Eric will actually sit down and try to be civil with one another. I'm praying that it'll go successfully because it will be the time to announce our wedding date to my parents and get started from there. Really, I can't think of much more to say here...and Lucky is staring at me waiting to be petted, so Lucky shall have my attention while I'm waiting for dinner to be cooked for my little tummy. ta-ta for now, Brooke",3612776,0
17060,female,I love meatwad! I have been watching and taping all of the episodes lately!! I am the burn master! :) I finally finished my paper! now I just have to take notes of what to say in class!! ewwwww!,3433815,0
17073,female,"My latest find, courtesy of Sojourners, is slacktivist , who's running a page-by-page theological and literary critique of the Left Behind series. So far s/he's only gotten as far as page 49, but it's really interesting. Slacktivist explains why these novels deserve a detailed critique, rather than simple mockery: ""But why take the risk at all? Why expose myself and the readers of this blog to the potentially toxic foolishness of Left Behind? Because LB is more than simply a wretched novel. It is a wretched novel with serious consequences. It is, among other things, an assault on the central beliefs of the Christian faith..."" And, I might add, its popularity means that our Christian brothers and sisters everywhere will repeat its heresies and uncharities. Read slacktivist's blog for links to other people's theological reflections--including a wonderful Mennonite's--and for such quotes as ""The thinnest ice on which a theologian can stand concerns questions about, ""If you were God, who would you send to Hell?"" The answer, of course, is, ""I'm not God, so what're you asking me for?"" And this, which I like best of all-- ""Evangelical Christianity, at its core, is radically inclusive. Evangelicals, born-againers, want everybody else to become born-again too. Granted, this inclusivity isn't always expressed in the most winsome or persuasive manner, but it's the heart and soul of evangelicalism. .... But that's not what one finds in Left Behind. Here you find little concern--and even less of a sense of responsibility--for the plight of the untold millions. What one finds instead is a sense of triumphalism. Those ""inside the fold"" feel no sense of obligation to those on the outside -- they are bad people who are getting what they deserve and the godly remnant gets to watch, more in delight than in sadness.... In Left Behind the gospel is not the good news of salvation to be shared with the untold millions. It is a secret to be treasured, hoarded and hidden under a bushel by the chosen few.""",3471653,0
17086,female,"As the presidential election draws near, I hope there's a ""None of the Above"" lever on the polling machine. For similar sentiments, see this Onion article .",3471653,0
17098,female,"Thanks to my brother, I'm now using Gmail , which is simply the best web-based email I've ever seen or heard of. It's easy to use; you can google your own email if you're looking for something in particular; it has these things called ""labels,"" which are like folders except you can put more than one label on each email (for handy cross-referencing); and it sorts email exchanges into ""conversations."" Very useful when I want to have a long email discussion with Tim or Jon or someone else. Sorry to sound like a commercial, if I do.",3471653,0
17190,male,"Ok, huge PARTY an my house next weekend! Its going to be so huge that it will take us an entire week and a half to prepare. So this party to end all parties will be on Saturday, May 22nd. We're gonna start grilling at about 6:00, and the party won't stop ""till eight in tha mo-nin!"" I thought I told ya that we won't stop, I thought I told ya that we won't stop. So anyway, all my ""peeps"" are invited... Unless your name is Mark Hufton. He can't come because I hate him. If your name isn't Mark, feel free to come and bring a friend. Wait, let me claify... bring a friend that is a. A female, and b. Is Hot. The last thing we need is for this to turn into a sausage fest. So I suggest everyone rest up this weekend and prepare for next. And don't forget to bring your party ponchos.",3115623,0
21959,female,"groupies vs. music journalists. [annabiotica] i was telling the knife skillers this last night, i could never date a musician. all the musicians i've met are self-absorbed and needy. they need you to support their project, but hardly ever is the favor returned. but most of us just need to accept the fact that it's not a two-way street and move on in life as art philanthropists and that music karma will take care of things itself.",1694057,0
21984,female,"vomit launch the new york times says that interns are the new hipsters. every young person in america has at one point or another heard that getting an internship is a valuable and necessary way to get ahead. it is all about the people you know and the hands-on experience you have. when i was in school, i certainly took that to heed and did a bunch of internships. looking back, i think that all meant horseshit. not to say that my times at some of those major magazines, non-profits and other miscellaneous organizations weren't valuable at all, but they just don't mean much anymore. i just think about them fondly as experiences i had a long time ago. so how were they valuable? all of those experiences cannonballed and led me to my current aspirations as less a writer and more a behind the scenes type in the music industry. working at major magazines made me realize that i don't like writing about things that are huge and commercial. and i don't really care about fashion and beauty as much as i enjoy making fun of it . my enjoyment lies in the indie culture that is unfortunately fast becoming huge and commercial enough to be written about in the new york times. that kind of commercialization makes me shy away from professing my love for bands like the strokes and pavement, and instead, professing my love for smaller, up-and-coming bands . i get a rush from trying to change and grow with my community. thinking of ways to improve the community that is soon in danger of imploding on itself. it's like how malkmus said in the slow century documentary on pavement when their videos started spinning on mtv and a wholly different group of kids started coming to their shows. the fans and the band started to diverge, making gigs less enjoyable. suddenly they were playing for kids at lollapalooza, getting booed and mud thrown at them. hopefully living in the new york indie community won't become less enjoyable with its recent commercialization. [link from tma ]",1694057,0
22000,female,"british sea power an underwelming interview with british sea power. hopefully, they've got more to say when they're not about to step on stage and be all crazy... but here's a good joggers review . [earlash]",1694057,0
22035,female,the lush life of ultragrrrl check out her photos with celebs,1694057,1
22040,female,thank you thank you to the rogers sisters for linking to my article. rad!,1694057,0
22048,female,the best and the worst freewilliamsburg's best and worst of 2003. my list is not yet complete. what's yours?,1694057,0
22049,female,the end of the world here it is [link from jenna],1694057,0
22158,female,"head gear studios if you're a band looking for a great place to record your songs... well look no further than head gear . they were awesome for dirty on purpose ! they've also recorded the yeah yeah yeahs, tv on the radio, liars and the boggs... DoP's new recording will be done hopefully this month. i'll have copies of rough mixes for sxsw next week! word! you have no idea how excited i am!",1694057,0
22165,female,"black sabbath = art dj from dirty on purpose took part in this art project... and it is screening tomorrow at the passerby art gallery. come with friends, it's going to be a treat: DON'T MISS THIS-IT'S A REAL GEM!!!!!! Tues March 2nd @ Passerby... If you were at our Halloween party 2 years ago you may remember this. If not, you may have heard about it. And many who were there never saw it due to the viewing room being too crowded! We took 40+ artists and divided the first Black Sabbath album into 40+ 1 minute clips. Each artist was assigned a clip and did a film, video or animation based on their clip. We then reconnected the clips to create one continuous soundtrack with a whole bunch of shorts over it. Some of the artists include..... Tunde Adebimpe, William Henry Beck IV, Warren Bennett, Joe Bradley, Crystal Bahmaie, Richard ""DJ"" Boudreau, Ben Coccio, Chris Coccio, Bjorn Copeland, Benji Cossa, Luke Crotty, Jim Drain, Madaline Davy, Caleb Emerson, Andy Estep, Dan Gorman, Andrew Freiband, Kaori Hamura, Sharon Hardy, Christy Karacas, Larisa Laivins, Richard 'Dicko' Mather, Ben Murray, Keith McCullock, Amanda McCorkle, Matt Keegan Rapheal Lyons, Takeshi Murata, Rich Porter, Jason Rothenberg, Ryan Sovereign, Francine Speigel, Kevin Umbrict Stephen Warbrick, Aaron Warren, Sara Welsh, + a couple more I'm sure I left out!!! (sorry if I left anyone out or misspelled name!!!!) This video is really awesome!!! hope to see you there!!! screening @ 9PM...followed by heavy partying and rock videos... Passerby is located at 436 W15th street (10th ave) 212.206.7321",1694057,0
22227,female,"sweet and gentle music right now i'm kinda digging on this track from the chicago band, the changes . listen to it here",1694057,0
22276,female,the retropod... it's waterproof too apparently this is no joke [from my coworker jon],1694057,0
22292,female,"  Ok, so I still havn't gotten any sleep yet.  Time for a true story, don't you think?    Part Two of the Ridiculously Insane Chronicles   by: Brittney Scott",4035992,1
22295,female,"I regret having to announce that this journal is officially closed. I have began reusing my Bravenet blog, which can be found by clicking on the following link. insanity.braveblog.com I have nothing more to say, other than this is the end of Blogger, sadly.",4035992,0
22324,female,"We are still in the process of finalizing the hotel and pasta dinner details, but here are the details I can give you at this point... We are going to stay at either Villa Florence or Crown Plaza Hotel in Union Square. The negotiated room rate at both hotels is $135 per night. We are leaning toward Villa Florence due to contract details. Either way, you will have a great room at a high end hotel. Regarding the pasta dinner, we are negotiating with the hotels to have a dinner in one of their banquet rooms. So far, there are roughly 80 people who responded ""yes"" to the pasta dinner! It would be best to have a dinner with a set menu and price (including tax and tip), instead of trying to find a restaurant that can accommodate us all. It looks as though the dinner, including a pasta and meat dish, salad, drinks (iced tea, etc.), coffee and dessert will be roughly $30 a head (but don't quote me on that just yet!). It will be such a wonderful pre-race celebration to have us all together in the same place at the same time, eating instead of running/walking!!! When all is set, I will post a follow-up message on the Blog. ALSO...remember to register for the race ASAP! Go to www.nike.com/nikemarathon to register. Make sure you register for the Half (not the Full) AND sign up for the shuttle service. -- Wendy",3927918,1
22354,female,"How can a man who has a nice kitchen table need another one? How can a man who has a nice TV need another one? How can a man who has a twin bed, a futon, and bunks need another bed? How can a man who has a cd player need another one? How can a man who has a nice truck living in our garage need to trade both the red truck I was hopin to get and his car so he can lease another truck to get more money? (There's nothing wrong w/ the nice Harley Davidson truck!) How can a man who has no yard need a riding lawn mower? How can a man with most of the niceties and accessories of life need more? I dunno, but I'm still stumped with the lawn mower...",3603214,0
22412,female,"Hey all...we're having technical difficulties w/ Godspell...Tasha, some of this will b a repeat for ya...We lost soloists, Judas, and our pianist. The positions have been refilled by other cast members and Judas is our assistant director, Cole *yay*. All except for the pianist. If you know of anyone that would be interested in the position, TELL ME!! We can hang out lol..You won't be alone! Yeah...I've been inspired by the title...it's also inspired by the thezzy *drama* boyz...i also heard it on the radio earlier...anyway here goes lol ""Piano Man"" It's nine o'clock on a Saturday The regular crowd shuffles in There's an old man sitting next to me Making love to his tonic and gin He says, ""Son can you play me a memory I'm not really sure how it goes But it's sad and it's sweet And I knew it complete When I wore a younger man's clothes"" Sing us a song you're the piano man Sing us a song tonight Well we're all in the mood for a melody And you've got us feeling alright Now John at the bar is a friend of mine He gets me my drinks for free And he's quick with a joke or to light up your smoke But there's someplace that he'd rather be He says, ""Bill, I believe this is killing me"" As a smile ran away from his face ""Well, I'm sure that I could be a movie star If I could get out of this place"" Now Paul is a real estate novelist Who never had time for a wife And he's talking with Davy, who's still in the Navy And probably will be for life And the waitress is practicing politics As the businessmen slowly get stoned Yes they're sharing a drink they call loneliness But it's better than drinking alone Sing us a song you're the piano man Sing us a song tonight Well we're all in the mood for a melody And you've got us feeling alright It's a pretty good crowd for a Saturday And the manager gives me a smile 'Cause he knows that it's me they've been coming to see To forget about life for a while And the piano sounds like a carnival And the microphone smells like a beer And they sit at the bar and put bread in my jar And say ""Man what are you doing here?"" Sing us a song you're the piano man Sing us a song tonight Well we're all in the mood for a melody And you've got us feeling alright",3603214,0
22508,male,"wooo isb ""friendly ganster"" haha",3436520,0
22514,male,hehe we doing out work !!,3436520,0
22519,male,nabil!! hold the tree !! :P,3436520,1
22540,female,"blog blog blog....that's all i've heard lately,",3156201,0
22545,female,Blogging Mommies - Join Us,3156201,1
22712,male,"MANY QUESTIONS SURFACED UP,SUCH AS WHAT COLLEGE WILL I ATTEND,HOW WILL I PAY, AND WHAT WILL I DO IN THE FUTURE? SOME OF THESE ANSWERS ARE EASILLY ANSWERED, BUT SOME ARE A LITTLE MORE COMPLICATED. I WANT TO BE AN ARCHITECT, BUT I DONT KNOW WHAT SCOOL CAN OFFER ME ARCHITECTURAL CLASSES OR A GREAT ART CLASS OR EVEN A COMPUTER GRAPHICS CLASS.IM HOPING I CAN GET A SCHOLARSHIP FOR ANYTHING (I DONT WANT TO ASK MY PARENTS FOR MONEY AND I DONT WANT TO GET A PART TIME JOB AND JUGGLE COLLEGE AND A SCHOOL EVERY DAY). WILL I MAKE IT IN THIS WORLD OR WILL I CRUMBLE UNDERNEATH ALL THIS STRESS AND PRESURE?ANOTHER UNANSWERABLE QUESTION. I THINK IT DEPENDS ON IF YOU DO IT TO THE FULL EXTENT AND ALWAYS GIVE IT 100% ,OTHER WISE YOU WILL FAIL HORRIBLY IN LIFE. ITS A SAD TRUTH.AS A CURIOUS STUDENT,I CRAVE FOR KNOLEDGE AND ANSWERS. THIS INCLUDES ANSWERS TO THESE QUESTIONS.BLAST HELPS ME BECAUSE IT PREPARES ME FOR COLLEGE BY TEACHING ME VALUABLE SKILLS.  ",3907322,0
22830,male,Help Me Find Work,449628,0
22848,male,Organize Your Messy Desk Ian's Messy Desk shows you how.,449628,1
22858,male,"WetFeet.com | Careers For Creative Types ""There are plenty of careers out there that will allow you to exercise your creative muscle and earn a steady paycheck in the process."" Read more...",449628,0
22867,male,"MSN Careers - Call Your References MSN Careers reminds us that having a great reference list is one thing, but keeping in touch with them throughout your job search is another. Specifically, So you've got your list of references, and they're all super. They're people you've worked with, who know how well you've performed and are willing to talk to prospective employers. But when was the last time you talked to them? more...",449628,0
22931,male,"It Depends On How You Look At It You gotta love Dave Barry . Or, hate him if you want. Anyhow, in his recent economic update , he points out that "" bold new enterprises are springing up all over."" I think Chris may be on to something. I wonder if he'd let me franchise...",449628,0
23043,male,"Make Looking for a Job Your Full-Time Job: Set Goals I need to do this. Sometimes I just need a simple goal, especially if I'm feeling down, to shower and get dressed for the day.",449628,0
23085,male,"Job Search Frustrations Today, on the way from my therapist appointment, I saw that the Longhorn restaurant on Dorothy Lane had just opened. I went inside to get an application. One of the managers told me to come back at 2 PM this afternoon so that we could talk about a bartending position. I filled out the application, and got changed for the interview. When I arrived at the restaurant, the gentleman with whom I spoke earlier wasn't available. I talked with another manager/partner, who told me, ""If you had only been here 3 weeks ago..."" This was not what I needed to hear, but I finished the meeting gracefully. Then I went to the bartending school just to check in. The manager there told me to call her back before 5 PM today. I then went to ""Restaurant Row"" along Miller Lane to obtain and complete applications at restaurants I had not previously applied to earlier. It was a ""learning experience."" Many of these restaurants do not hire bartenders, but instead hire servers who later get ""promoted"" to bartenders. I told one proprietor of a certain ""Austrailian-themed"" restaurant that I was willing to be a server, but he basically said that, unless I had 2 to 3 years of experience serving I shouldn't even consider completing an application for his restaurant. I asked him if he knew where I could go to get this experience he was looking for. He didn't have any idea. I was very upset and frustrated at what he said, and my whole saga of finding a job, by this time. He offered his hand for me to shake, and, at first, I didn't want to do it, but I resisted the urge to be rude and shook it anyway. As I walked out, I thought about getting some rotten eggs and returning to the restaurants. I won't, though. I came home and vented. You may be aware that I have a blog called "" Letters to God ."" It is a great way for me to pray, and I feel better for having done it. Much better than I would have if I, say, found some rotten eggs, if you know what I mean. I could probably continue this post for a little while, but I guess I'll end it here. Let me encourage you to share your frustrations. Write them down, share with a friend or confidant, send an email - just be open with it so that you can feel better. Sometimes having a listening ear is the best therapy. Bar's open! :)",449628,0
23086,male,"Make the Most of Every Opportunity My daughter started Kindergarten last week, and I met another family, whose daughter gets picked up at the same bus stop. I told the mom about my looking for a job, and a day or so later, she told me that she'd been looking at her company's job board for me. I didn't ask her to do it, but she did it anyway. We're getting ready to head to the bus stop shortly, and I've created another few business cards to give her. That way she'll have my email address and other information so that she can forward me email, and she can also forward my card to other potential interested parties. Never miss an opportunity to network! Update: She wasn't there this morning. Perhaps her daughter was ill. Maybe tomorrow!",449628,0
23116,male,"Why The Check Was Not In The Mail Well, I finally spoke with someone today from the ODJFS. It turns out that I'm waiting for a determination to be made to see whether my application for the extended benefits will go through. I should receive a determination letter within the next week or so. Only if the application is approved, will I then be able to receive benefits. I'm getting tired of having to deal with the government for all this stuff. I miss having a regular paycheck. I realize that I shouldn't have made a postdated car payment last week. Sorry for this post to be such a downer. It's just how I'm feeling right now.",449628,0
23213,male,Greater Dayton IT Alliance Survey Question I subscribe to a weekly email from these folks. Today's email had this survey question: Would you advise an American teenager to study computer science at college?,449628,0
23282,male,Getting an advantage on job interviews - Close Encounters with the Brainteaser Job Interview - HIRING - Magazine - Darwin Magazine,449628,0
23284,male,Mad Magazine Is Hiring They are looking for a Senior Editor for the Editorial department. Thanks to Kat for the info!,449628,0
23374,male,"""Tonight, when you lay your head on your pillow, forget how far you still have to go. Look instead at how far you've already come."" -- Bob Moawad: It is so easy for me to get discouraged sometimes when I think about all that I didn't get done today. What I really need to remind myself of is how much I have done. ""May the road rise up to meet you. May the wind be at your back. May your mission in life feed your passion like no other."" -- Unknown: Amen! ""Often intuition will direct you. If it feels right, it's probably right."" -- Oprah Winfrey: This one I don't completely agree with because it might feel right, for example, for me to rob a bank. In that case following my intuition is a bad idea. I believe it is better to sound your ideas off others, who can provide objective opinions.",449628,0
23418,male,"""We don't see things as they are, we see them as we are."" - Anais Nin",449628,0
23475,male,"""A friend is a person with whom I may be sincere. Before him, I may think aloud."" -- Ralph Waldo Emerson ( found on Jen's blog, Quote of the Day section .)",449628,1
23491,male,"""Punctuality is the virtue of the bored."" -- Evelyn Waugh, diary entry (Diaries of Evelyn Waugh)",449628,1
23504,male,"""I was trying to daydream, but my mind kept wandering."" -- Steven Wright, comedian",449628,1
23569,male,"""I try to order my belongings, but they never listen to me."" -- Don Lambert",449628,1
23570,male,"""It's pretty hard to be efficient without being obnoxious."" -- Kim Hubbard",449628,0
23591,male,"""You cannot be fuelled by bitterness. It can eat you up but it cannot drive you."" -- Benazir Bhutto",449628,0
23622,male,"""I used to think it was the people who were weird who were weird, but then I figured out that it was the people who thought they were weird, who were weird."" -- Paul McCartney",449628,1
23702,male,"""The life you have led doesn't need to be the only life you have."" -- Anna Quindlen",449628,0
23709,male,"""It was a mixed marriage. I'm human, he was Klingon."" -- Carol Liefer",449628,0
23737,male,"""The writer can choose what he writes about, but he cannot choose what he is able to make live."" -- Flannery O'Connor",449628,1
23745,male,"""There's no taking trout with dry breeches."" -- Miguel de Cervantes",449628,1
23754,male,"""Order is the shape upon which beauty depends."" -- Pearl S. Buck",449628,0
23816,male,"""When you have seen one ant, one bird, one tree, you have not seen them all."" -- Edward O. Wilson",449628,1
23835,male,"""Your diamonds are not in far distant mountains or in yonder seas; they are in your own backyard, if you but dig for them."" -- Russell H. Conwell",449628,0
23864,male,"""You will never find time for anything. If you want time you must make it."" -- Charles Buxton",449628,1
23898,male,"""In the New Year, may your right hand always be stretched out in friendship, but never in want."" -- Traditional Irish toast",449628,0
23903,male,"""Dreams are renewable. No matter what our age or condition, there are still untapped possibilities within us and new beauty waiting to be born."" -- Dr. Dale E. Turner",449628,0
23911,male,"""It takes time to save time."" -- Joe Taylor",449628,1
23944,male,"""What a wonderful life I've had! I only wish I'd realized it sooner."" -- Colette",449628,0
24003,male,"""The quarrels of lovers are the renewal of love."" -- Terence",449628,0
24115,male,"""The world is not what I think, but what I live through."" -- Maurice Merleau-Ponty",449628,1
24141,male,"""Come to the edge, "" he said. They said, ""We are afraid."" ""Come to the edge,"" he said. They came. He pushed them... And they flew. -- Guillaume Apollinaire, via email from Carla",449628,0
24161,male,"""Talent is a secret you share with God and those who have the eyes to see and the ears to hear."" -- Dottie Walters",449628,0
24188,male,"Humility | ""The true test of humility is whether you can say grace before eating crow."" -- from the markerboard at the therapist's office",449628,0
24206,male,"Deception | ""Nothing is so easy to deceive as one's self, for what we wish, that we readily believe."" -- Demosthenenes",449628,0
24212,male,"Cures | ""There's something alive about a kitchen, the way it smells and sounds and feels. Maybe sick people would all live longer if they sat in kitchens."" -- Christopher Morley",449628,1
24224,male,"Choices | ""Far too often the choices reality proposes are such as to take away one's taste for choosing."" -- Jean Rostand",449628,0
24499,male,"""Zest is the secret of all beauty."" -- Christian Dior",449628,0
24566,male,"""Woe to him who doesn't know how to wear his mask, be he king or pope!"" -- Luigi Pirandello",449628,1
24614,male,"""I have absolutely no regret about my vote on this war... We could have probably brought down that statue for a lot less."" -- Rep. Nancy Pelosi, Queen of Diamonds in NewsMax.com's Deck of Weasels",449628,0
24864,male,"Planning | ""It's like building a nest. First she thinks about it, then she begins to gather the materials, then she begins to put it together."" -- Flannery O'Connor",449628,0
24875,male,"""Let us be grateful to people who make us happy; they are the charming gardeners who make our souls blossom."" -- Marcel Proust",449628,1
24892,male,"""Dwell not upon thy weariness; thy strength shall be according to the measure of thy desire."" -- Arab Proverb",449628,0
24901,male,"""When you have decided what you believe, what you feel must be done, have the courage to stand alone and be counted."" -- Eleanor Roosevelt",449628,0
25061,male,"""We must believe in ourselves or no one else will believe in us; we must match our aspirations with the competence, courage, and determination to succeed."" -- Rosalyn Yalow",449628,0
25094,male,"""I am inspired to balance my energy expenditure and my energy rejuvenation, regardless of what it is that I'm doing with my days."" -- Alanis Morissette, pop singer, via Yahoo! News - Notable Quotes",449628,0
25255,male,"""Being misunderstood by someone is vexation. Being misunderstood by everyone is tragedy."" -- Liu Shahe",449628,0
25307,male,"Went to see the LISW today. An LISW is a Licensed Independent Social Worker, who, in essence, is a psychologist. Unlike a psychiatrist, he cannot prescribe medication. It went very well. I have Bipolar Disorder and Obsessive Compulsive Disorder . I think I may delve into this more at a later time.",449628,0
25314,male,"Hi. I'm feeling incredibly depressed right now, to the point of tears. I don't know exactly where it's coming from. Perhaps that we're into the new year and I don't have a clear vision for what I want to accomplish. Part of me doesn't want to go through with it at all - just stay where I am (as though that would really make me feel better). I don't know. I am prone to depression, and I take medicine to help alleviate it. I took my meds about 15 minutes ago, so I'm waiting for them to kick in. You know, when a depressive episode kicks in, I really hate that I have it. It feels frustrating, as though I'm out of control of what's going on. I just look forward to it passing.",449628,0
25362,male,"What's Going On I have an appointment with my psychologist tonight at 6 PM. Please pray that I can be open and that God can use this guy to really help me. Ok. So that's about it for me. Wait. I've been reading this book, ""The Power of a Praying Husband"", by Stormie Omartian. My wife Jennie bought it for me a few weeks ago. Also, I read something neat on Monday in Genesis 35.1-5 . Check it out if you get a chance. Ok. That's all I have right now. Thanks for reading!",449628,1
25392,male,"Rolling for Groceries This past Sunday afternoon, I did something I never have done before. I went to Kroger to get some stuff for lunch, and as I walked in the store, I saw a wheelchair next to all the carts. My feet were a bit sore, so I thought, why not? I climbed into the wheelchair and put the basket to hold my groceries down and started off. Honestly, it felt a little weird. It was so different, going around the store in the wheelchair. For one thing, I had to use my arms to move the wheels. It was also a bit strange as I interacted with other people, especially when they or I had to move out of the way to get where we were going. I was very tempted to ask for sympathy, but I didn't, thankfully. When I finally paid for my groceries, I wheeled myself out of the store, into the parking lot, and up to my car. Then I got out of the wheelchair and walked it to where the other shopping carts were. I was glad for the experience because I can better empathize with others who use wheelchairs.",449628,0
25414,male,"Propitious - courtesy of Dictionary.com propitious \pruh-PISH-uhs\, adjective: 1. Presenting favorable circumstances or conditions. 2. Favorably inclined; gracious; benevolent. At night when everyone has gone to bed is propitious for getting work done. more Word of the Day>>",449628,0
25426,male,"Life Without Clippy - by the Crabby Office Lady ""Since Clippy, that tinny Office Assistant, seems to be hiding in some of your computers, it's up to me to guide you in your quest for help. Climb aboard Crabby's Help Wagon, keep your arms and legs inside, and hold on - you may even learn a thing or two. And please, don't feed the animals..."" more>>",449628,0
25454,male,which children's storybook character are you? this quiz was made by colleen Hmmm...,449628,0
25478,male,"Happy 58th Birthday to Frank Oz , aka Yoda . He is also the voice/puppeteer for Grover Miss Piggy Cookie Monster Bert Fozzie Bear Sam Eagle",449628,0
25489,male,"Advice | Getting Along with Others The six most important words: ""I admit that I was wrong."" The five most important words: ""You did a great job."" The four most important words: ""What do you think?"" The three most important words: ""Could you, please?"" The two most important words: ""Thank you."" The most important word: ""We."" The least important word: ""I."" -- Bill Marriott Jr., CEO of Marriott Hotels International",449628,1
25597,male,"Win32API call, etc. for GetSaveFileName More from MSDN : I recall needing this, especially when I had trouble with the Common Dialog ActiveX control.",449628,0
25635,male,Ev can be so funny sometimes.,449628,0
25649,male,"Baring My Soul, Part 1 - Remembering Important Dates Jenny M wonders if we remember important dates, like birthdays and anniversaries, how we remember, and whether we've ever gotten into trouble for not remembering. I am inconsistent in remembering important dates, like birthdays and anniversaries. Sometimes I've used my planner to keep track of these important dates, but when it comes to actually sending cards, etc., I am terrible. I cannot remember the last Mother's Day, Father's Day, Anniversary, or Birthday card I've mailed. I am better at making phone calls to people, however. Yet I can remember those dates for my wife, my daughter, and me. Note to self: Jennie's birthday is coming up at the end of October.",449628,1
25749,male,"I am 27.5% British, just like Gwyneth Paltrow With enough practice you can sound British but do you really understand what you are saying? Take the Brit Quiz at www.darrenlondon.tripod.com/britquiz1.htm Quiz written by Daz",449628,0
25803,male,"Now That's Just Disgusting! Yahoo! News | Doctors Grow Pig Teeth in Rat Intestines : ""BOSTON (Reuters) - U.S. doctors have managed to grow pig teeth in rat intestines, a feat of bioengineering they said could spark a dental revolution."" Who says those laboratory rats are worth nothing? I wonder how they get the teeth out: by natural means or by some other way? Kinda makes me want to floss so that I can keep my own teeth awhile longer...",449628,0
25863,male,"The Dullest Blog in the World I may have found the "" The dullest blog in the world ."" But it does remind me... I'm wearing a pair of socks that are two different colors: one is black and the other one is white. I have another pair just like them back home.",449628,0
25892,male,How Well Can You Spell? Test your spelling skills with Encarta's quiz on commonly misspelled words .,449628,0
25897,male,"Pets are Family, Too Some companies such as Miller Brewing, Blockbuster, eBay, and ICI Americas, according to an article at NorthJersey.com , are beginning to offer pet insurance as part of their employees benefit packages. ""Maintaining a strong workforce, especially at no cost to a company, is the primary reason some employers say they're adding plans for Spot and Fluffy to their benefit offerings.""",449628,0
25938,male,"[lfjokes] 10 Things you wish you didn't know... Most of these things will turn your stomach, so don't read while eating. Also presented are some potential obsessive-compulsive disorder triggers. There. You've been warned.",449628,0
25996,male,"More (Yawn) Tom Daschle Sorry about this, folks, but I feel urged - yes, compelled even - to bring this up: WorldNetDaily: Daschle: Try everything to keep out Bush judge , and I quote: ""We're going to do everything we can, everything we can, to stop that nomination, on the floor and in the committee."" Roger Ho writes , ""Will you people in South Dakota please make Tom Daschle go away?"" Amen! I love it! My sentiments exactly!",449628,0
26021,male,"Phone Call a tiny peek into our life, brought to you courtesy of one of our creditors Them : Hello. Can we speak with Jennie? Me : Who is this? Them : Can I speak with Jennie? Me : (more emphatically) Who is this? Them : It's Maria. Me : We don't know any Maria (except Maria H. from church, but I knew this wasn't her.). What's this about? This is her husband. Them : Can you hold on a moment? Me : Sure. Them : (muffled, to a coworker) Can we talk to the husband?. (then to me) This is regarding your _____ account. Me : We cannot pay anything on that right now. Them : We're showing a balance of $____ that's been past due for some time. Me : (more emphatically) We cannot pay anything on that right now. Them : We can even take a post-dated check over the phone. Me : (more emphatically) We cannot pay anything on that right now. Here's the situation. My wife's not working, and I just filed for unemployment, and yet even with that, we're only able to concentrate on certain things like paying the mortgage, the car payment, gas in the cars, and keeping food on the table. I understand that these calls are sometimes monitored, so I'd like to say this to the person listening as well... Them : (tries to interrupt) Me : It's not that we are not interested in taking care of our outstanding debts, it's just that, given our present circumstances, we're having to concentrate on other things right now. I understand that, given your nature of business, you'll probably have to make this phone call again, soon, so I guess we'll just plan on have this conversation again in between the times that we screen our incoming phone calls. Them : I understand. Me : Thank you and have a wonderful day.",449628,1
26057,male,Austin-American Statesman Ad: 'Homosexuals Can Change',449628,0
26078,male,"I am the only one... ... from Ohio whose blogs are listed with It doesn't have to be that way, though.",449628,0
26091,male,"Hard to Post on Saturday It was hard to post anything on Saturday, with the Columbia tragedy and all. John Ludwig mentions that he's put the flag at his house at half-mast. My comments to his post: We have a flag that normally hangs at a 45 degree angle. My mom figured out how to set it so that it, too, is half mast. After a little while, I had to turn the news off, because it was continuing to be depressing. I grieve and mourn with the families, mind you, but it was a bit much to take.",449628,0
26124,male,"How Not to Raise a Stink When my daughter, as she grows older, wonders why things smell so bad, I'll now be able to tell her .",449628,0
26131,male,"Encouraging Email This afternoon I received an encouraging email from my friend and brother in Christ, Greg V. : Hi Dan, I just wanted to write and let you know that you were in my prayers today. I know sometimes each of us may go through difficult emotions that we don't understand, and I wanted to write to ask if you are feeling better today than yesterday, and to encourage you. I think you are awesome, and that you inspire me in a couple ways. It occurs to me I've never shared them with you, and that now is as good a time as any. When I think about you, you are the only man who I have ever seen literally stop a car to share your faith with a stranger. You have courage to lead songs with passion, and I have tried to emulate that. Finally, when I become a parent someday, I wish to remember how you were in Kingdom Kids with the little ones. I hope that knowing how you have impacted me as my brother will brighten your day. Best, Greg",449628,1
26140,male,"More Twists Than A Pretzel! Over at the spacemonk today there is some discussion about last night's episode of 'Alias'. Specifically, Mike comments about being led to believe that something happened and finding out that it didn't. That's good plot writing, in my opinion. I posted my comments , which were as follows: I totally agree with you. I like the technique of showing the end and then flashing back to the events that worked up to it. I, too, was taken; hook, line, and sinker. I'm just surprised that it ended the way that it did. I still think that Sidney and Will need to wise up, although I do believe that pretty soon, Sidney is going to have to suspect something. And what's so special about that gift that Miss Evil You-Know-Who gave to You-Know-Him?",449628,0
26210,male,"More on my Birthday The medical term is ""emesis."" But many just call it throwing up. Yep, after eating seafood tonight, I was rudely reminded that it doesn't agree with me. I may be allergic to it somehow. And then there's that other medical phrase: ""bowel motility."" I think I've said enough for now.",449628,0
17194,male,I'm pretty frightened of Natalie right now. She looked really pissed at me this morning. She said something about making my life hell this weekend. I hope she doesn't kill me in my sleep...,3115623,0
17275,male,Sunset In St. Maarten ,3665455,0
17277,male,BooBoo and My son Jace. We will miss this wodnerful dog. ,3665455,0
17292,male,Front Porch View ,3665455,0
17300,female,"One phone call after another, just leave me alone. Why can't you see I'm doing other stuff. Why can't you see I'm not in a talking mood. You try to be helpful but all you are doing is pissing me off.",3572750,0
17313,male,"Today, I was looking at my plants, and I saw 2 of the plants that are a little sad...  Mich... take a look at this, what do you think? you think this is cuz they're getting too much water? I was thinking maybe changing the watering cycle to once a day for 5 minutes?",3948250,0
17383,female,"Your element is Rain: Sad, lonely, distant and unique. You are quite distant from emotion and people, but you have been made this way by one thing or another. Your are truly unique yet fail to see it, and are quite creative be it in art, music, writing, etc.. You used to let people in now you don't even bother to try having been hurt so many times in the past. Your attitude is that you don't need anyone but yourself, people are just trouble waiting to happen. But you really do want to trust someone no matter if you see it or not, deep down your waiting for someone to come and set you free. This kind of depression can turn dangerous, don't let them get to you. Not everyone in the world will hurt you, humans are humans and are not perfect. So most likely sooner or later you'll meet someone who feels like you do and perhaps your shell will eventually disappear. .:-|What is your true element?|-:. -With Anime Pictures and detailed answers- brought to you by Quizilla",1672765,0
17416,female,Well I've got something to say: I killed your baby today and it doesn't matter much to me as long as it's dead Well I've got something to say: I raped your mother today and it doesn't matter much to me as long as she's spread.,1672765,0
17417,female,Friday I'm in Love is the greatest video of all time. Period.,1672765,0
17536,female,"Can I get there this way? I think so. Bad news. Very very bad news. I had always heard of the controversy over bio-waste. Two people did their camp projects on it the year before last. I thought it was gross but never really thought anything of it. Now it hits home, though. I live right across from a church that is bordered by fields (and a cemetery, of course). It's like acres and acres of fields. Fields that have a nice new spread of sludge. It smells. Bad. It's so gross. It freaks me out to think of what it is. HUMAN WASTE right across from my HOUSE . I can't help but always think of...ugh. It's too nasty. I jog that road in the mornings man. It's going to smell so bad. Why would people use that stuff??? I know it's like free or whatever but HONESTLY. That's so revolting . That's human POO man. Makes me shudder. My dad called some place (I can't remember what exactly) and asked if just anybody can put that stuff down and the lady was hestitant or whatever and said yeah. Apparently they've been getting more than one complaint. Whatever...hopefully the smell with go away. So, so far summer has been going alright. Not great but could be a whole lot worse. Note to Abigail (he he) If you read this I just wanted to tell you that nobody I know reads my blog. It's easy to get things out if I know nobody I know personally will read what I say. Thanks for commenting, your comment made me feel good :] Oh yes. In music news. I can't wait for Tiger Army's new CD. Also for We're All Broken's CD to come out. They are going to be in Virginia like three times this summer, I'd like to see them perform live if I can get a chance to. The venues are TBA so I'll have to see. Hopefully it'll be someplace close. The furthest I'd go would probably be the Patriot Center, if that. I could stay with my aunt though I think. I've heard two songs from their CD so far and I like them alot. For some reason it, to me, has a little bit of a Cure feel to it. Oh geez. The Cure. I'd like to get their new CD as well. Too many good CDs coming out. Anyway, We're All Broken, that's indie for you. Gotta love it. Music: Brain Damage - Pink Floyd",1672765,0
17583,male,"Today I had a dentist appointment. Perfect teeth, once again, but she said I have to brush a certain way to keep from getting plague at the base of my teeth. (Not that your interested) On another note, we heard about my dad's job situation today....I know some of you are anxious to hear the out come.... He didn't get it, meaning I'm staying! I'm not quite sure how I feel about it, cause I know he is disappointed. Seth",4312312,1
17586,female,rock 'n rumble,3546505,0
17606,female,Need some inspiration? http://www.gdusa.com/index.php One of the pages on logos: http://www.gdusa.com/feature/4_03/trends.php,3546505,0
17612,female,ltp 1Z 0A7 E58 03 0073 419 2,3546505,0
17638,female,www.wondir.org great website it is a message board for the most part but you ask or answer questions anyone may have! it really is fun! well i'm off to explore this blog stuff i know i understand it i just don't at the same time! ummm a question maybe i'll check that web site!,4096592,0
17641,female,"thanks to a comment on my blog by lynus i have found another great site... the price is a little high... but my goals are as well! some of the stuff on this page is really really neat.. i'm at work right now so i will do my best to get all my interest up. ""The ProScope is a handheld USB microscope that allows you to display and capture microscopic images with your computer."" i really would like to know how this works... A pen that remembers what you right! i bet the government is having a ball with this idea! think about it if a pen can copy what you write the have a portable device to up load it to you pc.. were you don't need the usb cord... but i'm no government i guess i'll have to do it with the cord... i really don't want to own this i just want to try it! very need idea for people with no brain cells left!",4096592,0
17675,male,"Dear Eleanor; It is Saturday night and I just got in from work. I am hoping to see you online a little later. Things have been going pretty good this week. It was especially good since I got your card and photographs. Now, I just want you! That will be my happiest day. I want to marry you so bad. I just hope that I can make you happy? I am not worried if you can make me happy. That is a very easy thing to do. At least I think it is? There in not much that I require to make me happy. When I am with someone, that is the only person that interest me. Even though you and I are not physically together, you are the only one that I want. You do not have to worry about any other female taking me away from you. I will not let that happen, I Promise You That! You are stuck with me, unless you change your mind. I hope that I do not do anything to cause that to happen? I hope that it is nice there in Spain for you. I looked up the weather there. It said it was going to hot during the day and cool at night. Has it been that way? I hope it has for you. It must be a nice change. I would love it if it was like that here right now. I am going to go for now. I will be looking for you to come online. I hope that you do. Remember I Love You Sweetheart. Je t'aime Eleanor Love Always Kevin",1594483,1
17803,male,"Dear Lei; It is a shame that other people have to worry so much about other peoples lives. I wonder why? Is it because they have no life of their own? Are they just nosey and have to know everything? Why can't people just be happy for other peoples happiness? So many question to the same question. It is amazing how much time other people will spend on people who are happy. They are either trying to cause problems or just putting in their two cents when it is either not wanted or not needed. No one can change how I feel about you. I also know that no one is going to change how you feel about me. I am comfortable with our feelings towards each other. Our love for each other is to strong for any outside forces to break. I do not think they could either dent it or even diminish the shine that our love for each other has. You and I are truly a rare couple. You and I have given ourselves to each other completely and freely. Without either conditions or terms. Neither one of us demand anything of the other. We ask each other and we do because of our love and are feelings that we have together. That is all any person has the right to do is ask of each other, not demand. All that the person asked can do is give 100% to their partner. I Love You so Much Eleanor. In my dreams I asked for a woman like you, and I was so fortunate that you actually exist. I know that what I ask of you is not always the easiest. I try so hard to be fair and not ask anything of you that I know you can not do for me. This relationship is a new experience for me my love. I have never had any one that cared for and understands me the way that you do. I want you to know that. The only thing that scares me, is me. I want you to know you are the best thing that has ever happened in my life. You are even better than the birth of my son. I am going to go now my love. I Love You So Much Eleanor Leivy Seitter Forever & Always Love Kevin Seitter",1594483,1
17875,male,i was checking out this month's articles on next wave and i ran across this great article on community . it is worth taking a few minutes to read. i've been thinking about how our community came together this weekend for phases and how much fun that was and how much there was to be proud of in the midst of it. thanks for all of you who made it happen. now go read the article. still reading like i'm in prison (thanks for that line chad) j,2001162,0
17902,male,I don't want to graduate and move back home. That will be so boring. 8 more days.,2001162,0
17907,male,"Girls' night out, er, in tonight!!! Woo-hoo. Girls rock!",2001162,0
17929,male,i'd be glad to bring miles davis (well his music) and the best telescope i can get my hands on. miles and soy milk....hmmmmmmmm. anyone else?,2001162,0
17988,female,"Howard's Response To The FCC's Actions: ""This is not a surprise. This is a follow up to the McCarthy type ""witch hunt"" of the administration and the activities of this group of presidential appointees in the FCC, led by ""Colin Powell Jr."" and his band of players. They and others (a senator from Kansas City to a congresswoman from New Mexico) are expressing and imposing their opinions and rights to tell us all who and what we may listen to and watch and how we should think about our lives. So this is not a surprise. It is pretty shocking that governmental interference into our rights and free speech takes place in the U.S. It's hard to reconcile this with the ""land of the free"" and the ""home of the brave"". I'm sure what's next is the removal of ""dirty pictures"" like the 20th century German exhibit in a New York City Museum and the erotic literature in our libraries; they too will fall into their category of ""evil"" as well. Howard Stern, April 8th 2004",2834611,0
18025,female,"My dad just bought me a computer , and I thought, in order to justify its hefty price tag, I should start using it. That's all.",1310522,0
18026,female,"Wasn't this on an episode of ""South Park"" ?",1310522,0
18042,female,"So, I was reading this story about companies being stingy with year-end bonuses , and it talks about this one company whose employees are all butt-hurt because they are only getting $10,000 this year. ONLY TEN THOUSAND DOLLARS. Could you imagine? ""Oh, do you like my brand-new super-expensive car ? I just bought it today with my fucking enormous Christmas bonus."" I got like $90 from my employer last year, and I was like ""Woo hoo! $90!"" Seriously. I think $10,000 would send me into cardiac arrest. However, if the kind folks at Lincoln Electric Holdings would like to send one of those pathetically measly bonuses my way, I'll take that chance.",1310522,0
18121,female,"So, as I pulled into the parking lot of my apartment complex tonight, I was greeted by Tupac . Or, more precisely, by the sound of a Tupac song blaring from an apartment across the way. Now, I like Tupac as much as the next guy, but IT'S ONE IN THE MORNING FOR CRYING OUT LOUD. Have these people no sense? I mean, here I am tiptoeing around in my socks for fear of awakening the bionic-eared beast that is my neighbors, and the dumbshits across the parking lot are thuggin' it up at full volume with no regard for those among us who have no tolerance for loud rap music. Luckily for them, I am not among the intolerant ones, so it won't be me calling the landlord tomorrow morning. In fact, I might have even yelled at them to turn it up louder, as I do like that song, had it not been for the high probability that in doing so I would have aroused the attention of my neighbors, which would then likely lead to me coming home from work tomorrow to find the locks changed. Bastards. UPDATE: 1:53 a.m. There are now numerous people hollering along to ""Wanna be a baller, shot caller, 20-inch rims on the Impala."" Seriously.",1310522,0
18203,female,Cross-dressing fish .,1310522,0
18240,female,"I havent been coming here so much anymore,. before it use to be about times a day. now it is only once. or maybe twice. it is all Gaias fault. go blame that kick ass site!!!",2884983,0
18251,female,aahhhh!!! Kally says she has found me a guy!!! nooo I dont want a guy!! I want Billy from good charlotte....or daniel johns!!!! no other!! well maybe benji or joel or....lol no I dont want to know who this within reach guy is. everyone is out to get me!!!,2884983,0
18430,female,Hmmmmmm..... this is my first time blogging wor.. got a bit nervous.... dunno how to write.. dunno if lata will go wrong anywhere not.. haha.. kaka.. Errrrr....... nothing much to say leh... sianz... now night time le.. tml still wan go out... still dun wan to sleep... everytime like tt de.. haha... use to it liao.. school days also like tt.. but... now is holiday liao.. not same le.. kaka.. can sleep late late.. but when school days.. cannot sleep late late liao.. hee... i continue when i have the time... bye !!!!!!,3488746,0
18431,female,"Hais.. i finally have some peace le.. No hmwk le !! do finish le .. *grinS* WahahahahahaHAHAHAHAHahahahahaaaaaaaaaaaa.. lOlzZzZz. This ish called ""siew deo"" I burn midnight oil to complete all my hmwk.. I though Friday need to hand in.. I ask teacher, she said : ""School re-open then hand in ."" Angry sia.. but good lor ... this few days can have a good sleep.. even though can have a good sleep, i also won't do tt.. i will play play play and play then sleep de.. me hor.. (""mei de jiu le"" = can't help le) * kekekekekekekekekekkeekekekkeee* I actually don't have much to say la... Still so young.. didn't go through much things.. heez ;) Talk about my family??? i don't say my parents ar.. ok, my elder sis... Errrrrr.... violent sia.. so fierce, my elder brother also very violent.. fierce sia.. haaaahahahaa.. My younger sis.. ok la.. sometimes treat me quite good de ba.. My elder sis sometimes bring me go out, go buy things gib me.. My elder brother is the most selfish boy.. kaka.. My younger sister leh... Ermzzzzzz, nice la.. she also got treat me alot of things if she got the money wor.. Me also very selfish wor.. haha.. Bye ..",3488746,0
18485,male,i did a lot of drinking this weekend. which was fun. I went to the OC. which was fun. I spent a night at the bar with bill and justin. which was fun and expensive. I haven't had a lot of time to do anything fun in a while. and now my apartment has no sink. they came and tore it out. rending a large hole in my countertop. so i am microwave dinner duty for the rest of the week. drinking water and koolaid out of styrofoam cups i pilfered from work. just thought i'd share two random thoughts.,3502149,0
18502,male,"Hey. I'm drunk. I am glad I have this place to write when I am drunk that other people might see when I don't have to actually show them. So how about the news. Doesn't it make you want to eat lye? I read the beginning of O'Reilly's book tonight while I was smoking. He says that if you drink a lot or smoke crack (because they are the same things) that you shouldn't have his book. He actually says, although jokingly, that if you are in any of the preceeding categories you probably stole the book and should give it back. I have done lots of acid, and I am reading his book. And I watch his show every night, although I make sure not to buy any of the products advertised during the broadcast so that the purpose of the show doesn't snatch me. I don't know whether or not he actually believes what he says. I don't know what is worse. It's the same way I feel when I listen to preachers on TV at 2 am. I am not sure what is more reprehensible, believing in greedy nonsense or pretending to so you can make a buck or get some fame. Oh well.",3698850,0
18524,female,"My youth group left tonight, or today I guess, for Lake Shasta, California. Now, sweet, they are going to have a blast in the sun, and hang out with each other, and be bestest friends, like any church family should do. But you see, normally, I am joining them. It is very rarley that I don't go along on a church trip, and everytime I have ever turned one down, it has been simply because, for one reason or another, I was not able to make it without a conflicting event. Well, this time, I am not going. I'm staying here in Roseburg, because I can not longer be around that youth group for extended periods of time. Earlier this summer, I went on a two week trip to Mexico and Yosemite with this same youth group. It was a blast. I had the best time in the world. However, many things happened on this trip that really bugged me, that I never took time to think about until I was reflecting on the trip later. I don't want this to be something that seems like all I ever do is bring others down, but I guess it is where I vent, and if you don't want me to, don't read it. So, a few things that happened, on this trip, really made me mad. One, pretty much every guy under 18, including the ""leaders"" were so comsumed with the girls, the whole time. We talked about this in my cabin more than a few times, how we felt like the focus of the trip was on hormones and not God. Ok, so they are teenage boys, that is just what the spend most of their time on, girls, but NOT when you are on a mission trip. I will say that I also spent time focused on other things than God, but they were constantly thinking about it, and you could tell. Two, it seemed to some of us, that the only thing anyone cared about were the team relationships. Sweet, relationships are a huge part of a two week mission, because when you spend two sraight weeks with the same people, you have a tendancy to learn EVERYTHING about everyone, but you don't have to make it bigger than the actual projects. It was good that we were able to work well together and get along, but it was not as focused as it could have been. So, why am I not going on a trip that everyone told me to? Lake Shasta is a beautiful place, and I really enjoy all the time I spend there. I don't want to ruin that by going with people who can't seem to focus on anything but girls and popularity. So is that wrong? Is it wrong that I can't go to my church and feel comfortable? No. It's not worng, to them anyway. It's just REALLY, REALLY sad.",4069940,0
18530,male,"All I can say, Ukraine-Zena Warrier Princess. Eurovision",3200074,0
18542,female,man im bored i cant beelive my niece is sleeping with older men shes so naive i really wish she wouldnt shes going to endanger her health or get pergnant or something even when i recklessly have sex i think about stds and stuff after but she acts like its no big deal well ten years from now shell have aids or soemthign and wonder why but i cant control what she does but hopefully if i have kids theyll be less reckless with their bodies hell id idnt know about sex till i was 20 now it seems like 14 year olds are fooling around rather sad im still racking my brains for a good idea for a comic book arrgh,3818126,0
18543,female,I think this is like a diary isnt it? Just got back from meeting my sister for the first time. I met my bio mom and i was like shit so this is what ill be like in 25 years great:/ well i hope not anyways anybody out there intersted in a comic collboration? ps i hate Bush big time hes an idiot and the deal in Iraq is a bunch of bullshit so that americans can die its all about the oil if you think it isnt wake up and smell the febreeze honey this world full of power crazy fucks that just want your money and to control you,3818126,0
18558,female,"Not only do they render severe intestinal damage - you're still hungry afterwards, too.",4192688,0
18568,male,late is better than nothing...:-) my younger brother has his birthday on 22nd of March but we celebrate it today with surprise... he did suprise and got many present. he looks so happy. i'm tired have to take care the celebration but ends with happiness because seeing him so happy... happy birthday brother...good night...,3053691,0
18595,male,"Finally after a long dry spell we are getting some rain tonight. After bit of Googling I discovered the consequences of a Rainy Day in Adelaide . ""It was a rainy day and there was no rabbit shooting"", he said. ""The old-fashioned remedy for irresponsible vandalism was a good sound whipping,"" Mr. Scales replied. He adjourned the case for a week so that the boys could each be given eight strokes of the cane. Also found this less disturbing Rainy Day .",2408870,0
18699,female,Te ei kujuta ette kui hea tunne meil on!!! Tana oli Regina viimane kiirituse seanss! Ta sai ohupallid- RADically changed ja princessi tee peo seti. Lebotame siin selle viimase paeva ja yritame koik asjad kohvritesse ilusasti ara mahutada- asju on palju. Loodame et lennujaamas meid ikka lennuki peale lastakse :),3617206,0
18776,male,"i seriously need a car. it's like without a car, i feel so 'handicapp'. Getting around places take ages and it does gets tiring after a while walking on foot. Well, still looking for a good bargain so that it can last me for my stay here in Oz. Life is getting slightly boring here, nothing much else to explore. funny how i seemed so excited to come here initially. hahah. so ironic. Oh well, whatever it is, i am making the best out of my stay here. i mean it's not often everyone gets the chance to stay here in Aus for a long period yah. Hmm.. i'm also considering the option of getting a PR. i wonder if that's a viable option.",1589923,0
18793,male,"i was thinking to myself... i have to get my thoughts straighten before i get lost in them. somehow i have a feeling i am already beginning to lose it. Maybe there is still a bit of hope left.... How honest and truthful are we to our partner? trust is the foundation of all relationship... without trust, the relationship is good as dead. I have no idea why i have reached this sort of state. a state whereby sometimes i live in fear, insercurities creeping up to me. I don't remember me being this way in the beginning. Why? why have i become this way? sometimes i dun know what to believe... my instinct or my rational thinking. I guess along the way, everything is all messed up, entangled within the other.. i can no longer tell the difference apart. Seriously... i hate feeling this way and i wish there is something that can make it go away. i wish someone could help me, relieve me of this agony. My god... it's one of those days again. Will anyone be there for me?",1589923,0
18806,male,i sick of everything in this world.,1589923,0
18841,male,"The forum is up and running great and I have a whole 3 members. Of course I am the first, then Brooke. The only real member is my cousin Brian. Well, hopefully more will join and this can become a great community for people to share their opinions, beliefs, ideas and experiences. I sent an email out to you all about adding the forum. If anyone would like to be added or deleted from the list please let me know. Also, Brooke's mom is coming this weekend! She is bringing a couple girls (5 & 7) with her that she is watching for the weekend. It's the first people we've had stay over besides my sister Lacee. And the first kids. It will be fun. I still haven't gotten those pictures from Brian about the ""huge equipment"" we moved the other night. Of course we all lived to tell about it as you can see. I'll try to post some pictures. We're going grocery shopping now so I've got to go. Bye!",2146771,0
18846,male,"No, I didn't die of infection of my toe :) I am alive. Wow, I've been really busy, can you tell, it's been like three weeks since I wrote last. I'm sorry. I can really tell that I haven't written in a while 'cause my website traffic has been low. My own fault of corse. The first thing I want to write about is the concert I was at on Saturday. The bands name is ""The Trent Smith Band"" You can check out Trent's new CD at www.trentsmithmusic.com . His next concert will be in Ames, Iowa on Febuary 29, 2004 at Campus Baptist Church. It was really fun because I ran the PowerPoint screen with the lyrics and Brooke ran the stage lights. It was awesome and I'll be running it again at the concert in Ames. I love working with Trent, his music is great and he's easy to work with. I also love working for God. I'm always waiting for God to show me what to do, but I think that there are just a lot of little things he wants me to do. I'm not going to list them all, 'cause it's not important to everyone what they are. It's important to God where my heart is at when I'm doing them. It's just hard for me to find productive things to do for God when I haven't been to college. That's why I don't expect one huge thing for me to do, but lots of little ones that need to be done. Besides the concert, not much is happening. Business has picked up a little bit. The Lord provided yesterday when a customer came and paid off a car that I had on payments. It was exactly what I needed to pay my taxes this year. Now I don't have to worry about it at all. I love that God is always thinking about me and preparing things ahead of time when I'm distracted by other things... He is all knowing.",2146771,0
18892,male,SOMETIMES the day begins with nothing to look forward to and things go from bad to worse darkness overcomes u N-O-B-O-D-Y understands.... the world is a DEAF machine without sense or reason SOMEtimes U wait & wait &amp;amp;amp;amp;amp; wait & wait &amp; wait & wait but nothing ever happens then all your troubles come at once wonderful things are passing u by... terrible fates are inevitable........ sometimes u just don't know what u are supposed to do or WHO u are meant to be or where u are... and the day seems to end the way it began but suddenly !! there it is......... right in front of u BRIGHT and VIVID quietly waiting just as u imagined it would be,4059818,0
18940,male,"It was a tiring day... or was it? Looking over my shoulder constantly hoping i would bump into someone who would cheer me up... it never happened... I just wandered on, going wherever my feet could carry me... effortlessly i walked on not having a care to where i would be headed... just follow your feet... no need to look back... just walk on... no matter how tired you are... smiles, left and right... all flashing at me... damn you happy people... I'm envious of you all... i wonder what makes you smile? even in this dark and gloomy day... damn you... while i trudge on these cold cold hard roads you mock me with your smiles... is it because you people know i can't? how placid must your lives be? to not have a worry... to not ever draw a frown on your faces... to have all the time to do what you want to do... and how warm it must feel for you who has arms wrapped around you... damn you all... must you torment me with your laughs and giggles... must i always fulminate your actions... am i so garrulous about my hate towards happiness? why do i generate such anger? it must be the weather... everything is so abstruse... or must it be, i choose not to? i ponder on without sense... it is natural for me... i spot a woman, at first overwhelmed with sadness, but a message soon after came, and brought her much happiness... damn you... you are so fortunate... I tire of looking within... so much as in looking out...",3394208,0
18947,male,"I am no coward, escape is temporary It is only a delay to what is to come inevitably which is truth, answers, the end I stand now because i face what comes to me and survive. that is the only way even if standing my ground will be the cause of my demise I shall not run I will continue standing I will continue fighting for what i believe in whether it be right or wrong Running away is and forever will be the last thing on my mind...",3394208,0
18971,male,"I've been cruising around looking for my only lady She's somebody I aint know, that's for sure but I've been down watching the sets Looking and looking till I couldn't catch my breath and I spot her resting over by the shade And now it's time to go and lay my charm but then a man came up and wrapped her in his arms so I walked out again looking for my buddies, Telling them someone come comfort me and But then I saw this pretty girl shining brightly And all of a sudden I was blinded suddenly by her light so bright and I couldn't even fight for her attention please come glance at me oh think you'd come to my way oh I'd like to think you'd come to my way Been dreaming again but my friends have butted in but I couldn't even move I was mesmerized wondering if that was a diguise I'm not smart nor am I wise I thought I've seen it all all the things that bring you awe But I guess I was wrong Oh baby please kill your lights it is far too bright shining too much this can't be right I'm blinded suddenly I'm suddenly blinded It doesn't really matter on how you arrange it but it's all the same...",3394208,1
18991,male,I had a match She had a lighter I had a flame but she had a fire I was bright but she was much brighter I was high but she was the sky Oh baby I was bound for mexico Oh baby I was bound to let you go I don't know much about cinco de mayo I'm never sure what it's all about but I say i want you and you don't believe me you say you want me but I've got my doubts Oh baby I was bound for mexico Oh baby I was bound to let you go I had a match She had a lighter I had a flame but she had a fire I was bright but she was much brighter I was high but she was the sky Oh baby I was bound for mexico Oh baby I was bound to let you go,3394208,0
18993,male,"Nice and easy, ooh how you please me you got the love that's really real Sweet and spicy, c'mon and touch me you know the way i like to feel Aint nobody move me, aint nobody move me like you do Girl you keep me up there, when you gettin down you chew Do it do it girl, c'mon and do it for me yeah Tantilizing, so appetizing, you got me running for your love Sweet as honey, ooh how you love me you keep me coming back for more",3394208,1
19024,male,"I was chillin over by the corner store early this afternoon Alone on the curb with a pack of cigs and a bottle filled with sweet intoxication I stood up, picked my bag up and headed for the mall The rain poured harder with each and every single step but still standing tall Carefully I maneuvered to a nearby coffee shop Took a seat laid my bag down went to the counter to order myself a cup Whipped out my journal and thought of something to write Then had an idea  maybe I should start something to fuel this empty mind And so this man stepped through the shop entrance Around 5'9 dark hair chinky eyes and built... what's weird was he gave me a glance In the back of my mind I was thinking he looked familiar I shrugged it off and finished my cup walked for awhile till I was very far Then I was forced to stop my walk and forced to listen Cause I could've sworn I heard some footsteps and heavy breathing I turned around and there was the guy from the corner store Cussing at me askin if I remembered him from way before Before a word of mine was said he was already upfront And threw me a left hook and kicked me on the nads... what a cunt I was crawling on the ground and he kicked some more I struggled to get back on my feet whilst taking the free shots I was giving this fucker I was pained yes I was pained but I manage to get a hold of his neck Tighter my right hand squeezed at this punk's trachea He ceased his kicking and punching his objebtive now was to get free and breathe I landed only 3 left hooks and let him go Gasping for air this fucker gave me no show He did have a fighting spirit so once again he charged at me Spiking me to the ground... what a pathetic attempt to ground me Once again I had him locked gasping for air his head trashed around in the mud He valiantly punched at my ribs hoping I'd dislodge him I thought after this melee I needed a bud I told him bro I'll let you go and you run off I have no beef with you He replied with ceasing his uncontrollable trashing and tapping my arm This melee took merely a min to settle... he went off the other side I stood up took my bag and just watched him walk away just to make sure I wouldn't get back stabbed And so he disappeared around the corner street Nothing more nothing less... I walked home that day bruised and aching And jotted this short meaningless melee down",3394208,0
19047,male,"Tell me what you think? Am I goin down the drain, In this dirty dirty love sink overflowin' with the foam of our loving Cleanin' these dirty dishes? Girl I know you aint mine But baby I'm yours baby baby I'm yours... I'm tellin all my friends would ya wanna swap me some Cause I aint in control here, maybe baby all I need is to be the man Even for a minute that's cool with me... Girl when I first got ya I had it all, lest I ever knew That I was bein hooked I was hookin you... But you were hookin me to I can't even step out to see my boys anymore Cause I got my baby knowin everytime I hit the door Ah shit I broke it off I aint that dumb And tell all my buddies would ya wanna swap me some?",3394208,1
19169,male,"I've been at work for about half an hour, and already I'm bored shitless. I want to go home.",3523319,0
19238,male,"Ah ok, furry muff what does this do me wonders?",3523319,0
19346,male,hee hee hee hee laminated book of dreams tee hee hee hee hee hee hee,3523319,0
19480,male,I'm going to Glastonbury.,3523319,0
19587,male,They should call it the Black Daisy to avoid confusing the Yanks.,3523319,0
19672,male,"Ahhh, another classic 1-0 victory by the Greeks. I sure am glad I didn't have to watch the Italians grind their way to another final when we've got the Greeks to do it instead.",3523319,0
19682,male,"That bloke is clearly not me. He likes rubbish things, like Macs, iPods and shit photographs. Plus, red is not a good choice of background colour, especially when you use mustard yellow for links. Mmm, culinary.",3523319,0
19720,male,i get it i've had wine. again.,3523319,0
19940,male,and that's why damo's not on c oh.,3523319,0
19945,male,"I don't know about that...Fonz's response had he been the interviewer would have been ""You know someone that would pay for Fonz love?""",3523319,0
20195,male,"1 AuG~2004 WoW wOW~!! its had already been a week since i had my dear~!! hehe~! so happy sia~ although times passes v slow for this week, i really love it~! i had more times with my dear sia~ hehe~ todae i had gone out with her~! happi3* =) we decided to go and watch movi3~!! she wanted to watch [I robot]. h3h3~ i wanted to watch [SiStErS] de but she kept on saying that she will be scared to deA+h~ LoLx~ Ke Ai SiA~!! (^~^) HmMmm...she came to my house at 12+! becoz she also accompany her JiEmEi tOo~! hEr JiEmEi going to her stead house maH~ den my dear also come my hse as it is near bY~! =) she today wear jeans wor~ and a PiNkXx shirt~! look more like xiao mei mei SiA~! haha~! OoPs~! =P...she reached my hse while i was bathing SiA~ lucky i decided to wear shirt then go out of the toilet becoz normally i dun wear de MaH~ heh3~ if nv wear, i bet she would scream until the window glass is brok3n~! hahA~ dun see her so small small size dE~ she had a V hiGh PiTcH voice siA~ sCar3 ScAr3* HmMmm...todae i wore a long sleeve t-shirt, and a jeans(of cUz)~ h3h3~she even ask me that i think sg not hot enuff izzit~ haha~ wE went to SoMeRsEt first~ she wanted to take neoprint today tOo~ i nV take be4 den i was thinking wad post should we take SiA~ =x i guess i am OuTdAtEd bAh...hai~ but got her beside me can ""UpDaT3"" mE sia~ LoLx~! JkJk~ =D we went to check the tickets for the [I robot] but den only got dunno wad DiGiTaL beside it~ bU zHi DaO sHe Mo Lai dE~ ?_? den i had been keep asking her wan to watch [SiStErS] anot but she still say dUnWaN~ hahA~ can see that she scarE sCare wOR~ =P i wanted to watched as i can perform a PrInCe ChArMiNg sAv3 Th3 PrInCeSs sIA but I sCaRe that it will become PriNc3sS sAvEd thE pRiNcE sIA~ LoLx~!! becoz i dun dare to watch movie dE~ neither do she~ hahA~!! hMmMm...we went to eat long john silver...GuEsS wAd~?!?! she SAID that she IS HUNGRY~!! vvv RaR3 SiA~!! i almost though i was hearing the wrong ThInG~! i guessed i really need to write down this as it is vvv rare in my life for her to say that she is hungry SiA~! hahA~! becoz, normally she eat only 1/4 of the food then full LiAo~ can imagine how skinny she is rit3~? wElL...not really skinny~ it is just nice for her siZe~! that is wad mad3 her EvEn more CutiEr~!! heh3~! but dunno why she kept saying that she is v fAt...-.-"" i think she is too humble LiAo~! hahA~! 0=) we ordered 2 sets of combo 1~ chicken meal i think~ it consist of 2 piece of chicken, fries, and a regular drink~ the people bias SiA, give her hot food but give me cold food lEh~!! =x see her cute cut3 den give her better food izzit~!! xP wE ""rAcEd"" to see eat finish first siA~! LoLx~!! in the EnD of cuz i win~ heh3~!! but she can eat so fast for her size and as a female already v Li hAi LiAo wor~!! haha~ den hor...she ask me whether i had seen a flying chicken wing be4~ i imagine abt it, but den cnt come out with anithing le~ flying chicken still can imagine...but flying chickent winG~?!?!? no wayY~!! haha~ she told me that when she is eating a cooked chicken wing, it is hard to eat as it is too hot mAh~ she had been pulling the drumb and the wing but den suddenly pulled to hard den...WeE~!!! fLyiNg ChiCKeN WiNg~!! LoLx~ i LauGh uNtiL buay ta han~ haha~ we went to J8 too see whether any tickets for the [I robot]~ we decided to take neoprint instead as scare later she will be late after the movi3~ we took CaRd dE...but i really paisei sia~ out second shot was out~ as i never take before u know~ hahA~ that time i really ReD fAcE #P but hai hao bah~ she look nice in the card i look damn Er XiN~ =X i also though that next time hor...take neoprint must take vvvv nice de~!! heh3~!! =D we went to see bear bear~! so cut3 le~!! she even said that she cannot buy winne the pool bear wallet~ as it was her JiEmEi ai ai de~ LoLx~! we went to AmK zOnE X~ wah sei~ saw daimein~!! LoLx~ she ask me whether my dear is my sister~ den i HUG her sia~ daimein also nothing to say~ my dear dear went to play DDR~! i dunno le~ she played until quite pro wor~!! somemore manic MoDe~! haha~ she also played until v cut3 le~!! =D i see until forget to take the pic~ xP becoz i got camera phone mah~ hahA~ she went to play para para~ wow~ EVEN MORE CUTE LEh~! =D den she ask me to play other games as not to make her paisei? HAHA~",4087223,0
20258,male,hwp800 : uhg i have nothing to post into my blog Marys words are : ohh neat Marys words are : hm.... Marys words are : u could put this.... Marys words are : Mary McCarroll is da shiznit fo sheeeezzzzzyyy--Holla;-) 'Nuff said.,2550368,0
20349,male,"Hmmmm, audioblogger kicks major ass. Don't pay much attention to the audio below, it was mostly just a test to see how cool it was. Very freakin cool.",3762303,0
20367,male,"Here is my sun-flower. One of the flowers is loosing its petals, which is sorta sad. But the front one is looking good. If anyone knows about sunflowers please let me know if this is normal. I have a closer pic of my sunflower. ",3825001,0
20481,female,Saturday morning breakfast Pro version Fry bacon. Fry eggs sunnyside up in leftover bacon grease. Make coffee. Eat bacon with eggs. Use white (no wheat!) enriched bread to sop up the egg yolk. Eat bread. Drink coffee to start heart when it stops.,1689280,0
20507,female,"Diet Eggnog you will need: 2 tbsp heavy cream 1 raw egg 1 tbsp powdered milk whole milk 1/8 tsp vanilla Combine all ingredients except whole milk in glass, then fill the rest of the way with milk. Sure, it's high in fat but it tastes great. And it's diet because with the raw egg there's a slim chance that you'll get salmonella and lose like 30 pounds. Separate the egg and beat the white before adding for extra fluffiness.",1689280,0
20520,female,"Loser Pita Take out your piece of pita bread. Cut it in half and put one half in each toaster slot. Toast. While it's toasting, get a bowl and put some honey in it. Dump some cinnamon on top of the honey. Your pita is done toasting now. Take it up and cut it into triangles if you like that sort of thing. Submerge your pita triangles in the honey and cinnamon and eat them. You can also have a clementine with your snack if your mom gave you a sack of them.",1689280,0
20530,female,"Screw corkscrew into cork, pull hard, remove from bottle of wine. Pour wine into a large glass, drink. You've just had one of your 2-4 daily servings of fruit! Pat yourself on the back for eating right today.",1689280,0
20753,female,19th Question What is your biggest regret?,1689280,0
20758,female,"What if you were given a chance to complain to your boss, what is it that you want to open up?",1689280,0
20860,male,This one is actually pretty accurate and respectful. http://www.nytimes.com/2004/07/31/science/31gene.html?pagewanted=1&amp;hp,3654372,0
20866,male,Anyone know when they're going to tell us whether or not we got the classes we requested?,3654372,0
20946,male,"One of the worst things in life is having your car in the shop. Not only does in wipe out the budget for an entire fiscal quarter, it is also a madenning inconvenience. Oi, maybe I need substitute transportation on my insurance policy.",3717118,0
21019,male,"Hey there, I know I dont post alot, and some of you have recently brought that follie to my attention . . . . cough . . . . So here I go once again! So the other day I went to my grad . . . as part of the audience, I didnt have all that much fun though. It made me feal really sad to see all my friends again who I wont be seeing for a long time, and I slammed my bottom pierce off of a wall and it bled like crazy. After that though I got to have fun at a party, where everyone was drunk except for me and the guy I was hanging out with. I dont really know why I said I was having fun . . . because I really wasnt, so my friend and I took off to his place and went to bed. Fun grad night, eh? (props to canada) Still I feal like Im a car . . . and the gas guage is on ""E"", its not even that I dont have alot of energy, I guess its the same old story . . . . not having any motivation, or goals or anything. Though quite recently things have been getting a bit better it seems, people around me are in this downward spiral and they are all feeling down, and my life is finally starting to look up . . . . well not really up, but at least I have more confidence. Now that my ex and I have broken up, I'm starting to notice alot of girls coming after me . . . its not that I don't like it, its just that its kinda overwhelming at first . . . especially those few girls that seem kinda creepy at times, they're REALLY overwhelming. (Dont worry, Im not talking about you.) One of my old friends from out of town is coming for Canada Day weekend, I hope she brings a shred of happiness with her, and I hope even more that it rubs off on me. I feel so lonely sometimes, and she always seems to shake that feeling away, so lets hope it works again. I'm not sure what else I can write here this morning . . . . But I'll try to rant a little more often for those of you who care. Happy Hoppin Canada Day, you freak. -Forgotten",3295070,0
21104,female,"Well, I got my art project completed, sort of. It wasn't what I imagined at the beginning, but I hope I got my point across. I haven't gotten my grades back yet. And, of course, I haven't found a new template and updated the look of this yet. I'm tired (when am I not?) and I have to go to work (which I'm delaying). And I'm hungry, but don't quite feel like eating anything we have. It's all just sort of blah. This week at work, we've been having more computer problems than normal. Tuesday night, the news server went down twice. That's the server that the pages are stored on, so if no server, no work gets done. (I work at The Messenger , the newspaper in Fort Dodge, Iowa.) As bad as Tuesday was, Wednesday was so, so much worse. That night the server went down and never came back. Our IT guy, David, had to restore pages from backup (incomplete, of course) and save them to another server. The new location wasn't mapped like the original, so it was like going to a new drive to find them. One responsibility I have it to wait until the printing plant calls to say they have all the pages and everything is okay. If they were to call with a problem, I would just have to call one of the IT guys and have them fix it, probably. But, four of the five nights I work, I'm supposed to stay late. Wednesday nights, particularly, since there are extra publications that are printed that night. I have to wait and make sure they got all of those pages, too. This last Wednesday, I left at 1:45 a.m. David (IT guy) left at 8 a.m. He'd been up all night restoring the stuff from backup. Anyway, I'm still recovering from that night and really want to go take a nap (one of my favorite ""activities""), but have a stinking page to do for Sunday business section. I just called and talked to Barbara, hoping she would say she needed the space on that page for something... but no luck. I still have to go in. I work tonight, too.",1034874,0
21121,female,"I had some ""oh no"" moments and some ""ah"" moments today. The ""oh no"" was when I found out that Judith Duffy, a kindergarden teacher in Fort Dodge, died. My mom is a Foster Grandparent and she worked in Mrs. Duffy's class for, I think, five years. When I found out, I had to call Mom and tell her, so she wouldn't read it in the paper tomorrow without warning. The ""ah"" moment was on the way home from work at 1 a.m. I can drive two ways home - on Highway 169, which is four lanes most of the way, then D-33, a county road, or I could go on county road P-59 and then a road that goes twisty through woods (Riverside Trail or something like that). Anyway, I keep a sharp eye out for deer, and as I was going through the woods, I saw a small animal. Thinking it was a cat, I slowed down and then stopped. It was a raccoon, which was joined by another.. They had to be juvenile, because they were only about the size of a cat. I have seen (as road kill) raccoons the size of medium-size dogs. Anyway, I just sat in my car for a couple of minutes watching them on the road. They weren't afraid of my car until I decided I had to leave and started inching forward. They skedaddled back off the road and I went home. That was nice.",1034874,0
21185,female,"Okay, so, it was....a weekend... House stuff seems to be progressing; but not up to getting excited about it yet. Benefits a disaster: the Council are a bunch of useless assholes; and the Department of Wank and Prevarication are right behind them in the queue for A Good Slapping (Long Overdue). I shall appeal the council's decision that I haven't been that ill for the last six months...just as soon as I have a day where I make it out of bed for long enough; with a brane that can string two thoughts together - at least one of them vaguely coherent. Had a great time on Friday, though. Got to spend time with a small, loony Scot - though STILL haven't managed a sane, sober convo with her yet. Hopefully soon, tho. Great woman - strong, capable, funny; often surrounded by people intent on sucking her dry, though, I suspect. Hmmmm. Funny how, if you're strong, people assume there's no limit to it and that you don't sometimes need a little support yourself, innit? Also, the Evie thing. She likes Heff. She supposedly loves me. I love her. We always seem to be pissed beyond all reason whenever we get to spend any time together. Will have to work on this one and see what happens. She's utterly gorgeous; but I can't decide whether she's in too fragile a state to persue this. Come to that, I was a bit startled to realise that I have feelings for her that run deeper than the odd shag now and then. Also, given recent events, not sure about coping with the boi's involvement in it. Getting accurate...well, any ....information out of him re. his thoughts, feelings and intentions is slightly harder than finding water in the Sahara. I have no clue, currently, where his head is on this project; or what other feelings/opinions he may have to share about it. Wonder if I'm in too fragile a state to persue this? Ho Hum. Spent all today in bed: woke up at 4 am to find boi slumbering peacefully next to me. Whole house freezing, all lights on, kitchen trashed, all doors open. Had to get up to pill and feed cat. Muttered darkly. Went back to sleep. Woke up at 8; couldn't face trashed house. Went back to sleep. Woke up at 12 - kicked boi out of bed. Read mail - council being bloody-minded; day seemed pointless: went back to sleep. Boi brought coffee. Read book while boi played games. Went back to sleep. Boi had shower. Got extensively and thoroughly shagged by boi. Spaced. Went back to sleep. Boi brought food. et. Boi fucked off to play game ""for 10 minutes"". Read book for an hour. Got bored waiting for boi - went back to sleep. Boi woke me up at 10 (pm). Phoned a couple of people. Et pizza. Boi fucked off to play game. Boi came back and fucked me. Boi went to sleep. Abandoned pointless attempt to initiate anything resembling a conversation at this point. Got up. At 3 am. w000t. Who sez I don't get up early? That was my day. Well, yesterday, now, really. I expect today is going to be remarkably similar... Only with even less input from the boi - now that I am finally, obviously, pissed off at his recent antics. It's quite amazing that we can inhabit the same dwelling without seeing each other for more than a couple of hours, or having anything even resembling a conversation, for three whole days. (Tho I think the conversation part is longer: seems you get either to talk OR to fuck - not both). Cat just turned up to wipe stinky pus all over me. I foresee more pus, drool and witless growling in my near future. I expect the cat's not going to be much fun to be around, either. I love my life. No, really....",1566807,0
21206,female,"Hahahahahahaaaaa!! Bin out; got mildly wrecked, did a bit of bouncin, saw some folks, hedbanged a bit, did some eevyl fixing up of mates: had fun!! It's 3.13; I just cleaned up the kitchen (MAXIMUM brownie-points to me); am now off to bed to eat schwartz-valder kirscher torte andf fuck the Heff soundly. If he's not asleep by now. I shouldn't be laffin really: the grandmother situation has deteriorated beyond belief. Time for someone to start making waves: look like it's gunna be me and Dee. Whoop de doo.",1566807,0
21306,male,"The mind is wandering while the rest of the family is sleeping this early Saturday morning, so let me share what's on my mind while I've been reading the morning news... Sad to hear the Citrus Connection, the Lakeland/Winter Haven area's mass transit service, is planning to discontinue it's Night Ride program as of July 1. Night Ride offered workers from 9 PM until midnight who didn't have other transportation options a way of getting to and from their jobs. Unfortunately, a lack of riders and loss of grant funding means no more service. There were a couple of problems. First, the Citrus Connection hardly promoted the service at all. According the the Lakeland Ledger story this morning , transit director Steve Githens admitted it was marketed on a shoestring budget. Not quite the way you want people to know about your service, Steve! Then a representative of the Downtown Development Authority was quoted as saying ridership would increase if people would people would catch a bus after hours to dinner and movie without worrying about the after dinner drink. One problem with that: the Night Ride service was marketed only for nighttime workers . In order to ride you had to 1) Go to the Citrus Connection office and fill out an application stating your place of employment, 2) have their staff verify your employment, and 3) wait for you to be mailed a card which you have to present to the driver when boarding the Night Ride bus. It only provided door-to-door service to and/or from your workplace. That was the purpose of Night Ride, as it was funded by welfare reform grants...which are now going, going, gone. Thanks, Jeb! Thanks, Dubya! And speaking of Jeb, it looks as though he will veto part of the budget that provides funding for restoration of publicly owned historical sites at Cypress Gardens . Sounds like the state is beginning to balk on it's commitment to preserve the Gardens, Florida's first theme park which was closed last year after over 70 years but scheduled to reopen later this year under new owner Kent Buescher. It'll be truly interesting to see the place when it does reopen. Buescher owns Wild Adventures Theme Park near Valdosta, Georgia, and plans to make Cypress Gardens more family-friendly instead of an attraction for senior citizens and wedding parties while keeping intact the original botanical gardens created by Dick and Julie Pope so many years ago.",3250072,0
21401,female,"My uncle Don died last night with his wife and daughter at his side. Two weeks ago he became jaundiced and started bleeding from the stomach. He was my Dads brother, the other so called 'smart' one in the family who 'should have gone to university' like my Dad. He worked at General Motors for the better part of his life until they retrenched him a few back for no good reason other than there was someone younger to replace him and he never really recovered. My poor other uncles, they've lost two brothers and their Mum in 6 years. My uncle Bryan rang me up to tell me, he's such a nice bloke and used to play footy for Hawthorn in the eighties, mullet and all. I used to collect football cards with him on it. I used to sit on uncle Dons knee. My heart feels tired and sad. I know how this works now, no more throwing crockery at the wall and screaming at nothing like I did with my Dad, just quiet acceptance. Am I supposed to continue raging against the dying of that light? It gets pretty same old after a while. There's only so much raging you can do. There's only so many books you can read and people you can talk to while looking for your answers. I stopped reading like a maniac after Dad died. After I found out today, serp and I went to the Vic Market and got some borek and bratwurst and went to the nearby park. We looked at the trees, the sunlight through the trees, and the colour of the grass in the light. I wanted a camera but knew I couldn't capture on film what I was seeing. My senses were alight and only I can capture that. I'm sorry for the incoherency, my mind doesn't know where it is right now. It's sailing somewhere, where the waters of past and future meet and once again revisiting everything armed with this new knowledge.",3392783,0
21429,female,"Is what I'm currently drinking. I'm seriously thinking of turning off the titles. I dont know what I'm going to write about before I start! Saw Kill Bill 2 last night, it was good, dragged on a little in some bits but it probably only felt like that because I saw the other one straight beforehand and they're polar opposites in approach. And yeah, go me for once again sounding like an idiot on my blog and coming across the opposite to what I was thinking. I should probably explain myself better and slow down this stream of thought bullshit. Okay yeah I got nothing to say, assignment due, two websites, some exams. Gotta go to Centrelink next week to apply for benefits so I dont fall into the credit trap like last year. Totally uninteresting I am.",3392783,0
21434,female,Will I read this book before bed. I fell asleep quite happily but its talk of other realities and ghosts ensured I woke up an hour later and me lie there thinking ghosts were coming to get me. I fell asleep about 5 and woke up at 10 with a stinking headache which is probably my fault for falling asleep on two pillows. And sitting on my computer for the better part of yesterday. I had a million things I wanted to do today and right now the thought of facing them is unbearable!,3392783,0
21710,male,                                                                                                                    not handing home work in   haha          ,3963561,0
21729,female,"At the peak of the sun's scorching heat, i went to paseo center in search of a place to eat. But found 3 pieces of gold, better than eating burger and fries. In a CD stand, i found: The Essential Janis Joplin (Columbia/Legacy): a two cd disc for the price of one; 40 digitally remastered classics from one of the greatest folk/rock artists of all time; The Essential Frank Sintra, The Columbia Years (Columbia/Legacy): 16 songs of big band Big Blue Eyes Classics for the price of a locally produced and sold CD; When Summer is Gone, Remembering the 60s:a two disc cds for the price of one; a collection of 60s pop music from 40 artists/bands that made it big; ""Finally,"" i said ""something nice to add on to my collection."" I was relieved. At noon time, for me, it felt likle the day wasn't going to end. These were my lifesavers. I had to buy it. I just had to. I didn't fret. I rushed to the nearest bank to cash a cheque. Segregated money, in terms of, predictions of expenses til the next payday, gimmick money, family contributions, et al. Made sure there was enough for me to get my gems. Not 5 minutes past, i was back at paseo center, money in hand, anxious to get a hold of my ""my precious, my love."" And like a kid to a christmas gift, wide-eyed and drooling, i handed the cash to the sweet clerk and watched her wrap my prized possession carefully. Oh, how i cheered as soon as she handed me my present! I rushed back to the office, ate a bit of lunch (it's an important meal, y'know?!), and head back to the office. I must've imagined my hungered CDROM and Windows Media Player for something new and fresh. But to my disappointment, the damn CDROM wouldn't play my gems. Baaah!!! I would not let it get to me. Right now, i could say i am the happiest (but only for this day, i suppose)! But then again, i think i was suppose to buy myself ""Psychotic Reactions and Carburetor Dung,"" a book written by Lester Bangs , from Fully Booked. That slipped off my mind. To my next paycheck, i shall vow Lester Bangs shall be mine! Now,stop dreaming, ang get BACK TO WORK!!! *sigh*",3712719,0
21747,female,"AAaaRRRrrrGGgGHHHhhh!!!!!!!! Yeah, you win some, but lose a lot.",3712719,0
21834,female,"knife skills get a GLOWING review from popmatters. that's right, mofos!",1694057,0
21840,female,"a strokes remix. thanks, nick! it's so weird, but kinda fresh. and not as sexy as d'angelo's ripped bod. i'm also enjoying the bootylicious sounds of the dirtbombs (from detroit). ""the thing"" is da bomb diggity. LinktoComments(' ') "">Comment",1694057,0
21846,female,"these days it pays to be indie. our market continues to thrive amid industry slumps and one of the worst years for layoffs. it's 'cause we are intensely loyal and know that supporting one another is the only way to survive. we prefer insound to amazon. we shop at other music, kim's, and newbury comics rather than virgin megastore. word.",1694057,0
21851,female,props to rapper jin for stealing my name and getting published in the ny times before me. damn you!,1694057,0
21863,female,"WOW! DON'T YOU WANT ME? THE HUMAN LEAGUE FEATURING: PHILIP OAKEY JOANNE CATHERALL SUSANNE SULLEY w/Guest DJ MICHAEL T (of MOTHERFUCKER)Spinning before and after THE HUMAN LEAGUE August 5th $25.00 Advance $30.00 Day of Show SRO * Doors @ 6PM 8 PM Synth-pop's first international superstars, the Human League was among the earliest and most innovative bands to break into the pop mainstream on a wave of synthesizers and electronic rhythms, their marriage of infectious melodies and state-of-the-art technology proving enormously influential on countless acts following in their wake. Their breakthrough hit was the classic single ""Don't You Want Me,"" from the album Dare!; both topped their respective charts in England, and went on to become major hits in the U.S. as well. In 1983, they scored a pair of hits with ""Mirror Man"" and ""(Keep Feeling) Fascination."" To the surprise of many, the Human League resurfaced in 1986 with Crash, produced by the duo of Jimmy Jam and Terry Lewis; the plaintive lead single ""Human"" soon topped the U.S. charts. [info from Saryn]",1694057,0
21880,female,r.i.p robert palmer. ;-(,1694057,0
21911,female,TMN party in the 'burg. HO!,1694057,0
21918,female,tonight: last night of luxx come party with free beer and free vodka. in williamsburg,1694057,0
21931,female,"The pile of CDs sitting in front of me right now includes: erase errata, the fiery furnaces, the dandy warhols, pela, dirty on purpose, regina spektor, mogwai, the sleepy jackson, pulp, the darkness, spiritualized, scene creamers, the raveonettes, rufus wainwrights, the rentals, stellastarr*, liars, and damien rice. and those are just the CDs in cases. I need a better system of organization. joe, here's a haiku made 'specially for you: talent is never wasted on your deft fingers so play us a song.",1694057,0
21956,female,"the newly redesigned knife skills . wow, nice!",1694057,0
26255,male,"Email from Across the Pond I also got an email from Across the Pond . Carla writes: I just wish I could do something to help you guys out. I feel so helpless because I feel your pain and want to bring over a casserole or something just to give you some support. I just can't imagine what you're going through. All I can do is pray. I just wish you guys would be able to have a break from these things for a while, in order to get a little bit of R and R and be able to think clearly, because I know what it's like to have no energy at all to make decisions, then it becomes a vicious circle. I pray that you're getting the support from your church family you need, I am praying for you, definitely! Please don't give up, there's got to be a way through this! HUGS to you and your family...I wish it could be something tangible though :(((((( Your long-distance friend/sister in Christ, --Carla Thanks. :D",449628,0
26286,male,"Support via email from my friend and brother Bill T. I think the only reason why I'm posting this here is because it's so ridiculous. Take a minute to enjoy a laugh... ... for little Billy Evans. I am a very sick little boy. My mother is typing this for me, because I can't. She is crying. Don't cry, Mommy! Mommy is always sad, but she says it's not my fault. I asked her if it was God's fault, but she didn't answer and only started crying harder, so I don't ask her that anymore. The reason she is so sad is because I'm so sick. I was born without a body. It doesn't hurt, except when I try to breathe. The doctors gave me an artificial body. It is a burlap bag filled with leaves. The doctors said that was the best they could do on account of us having no money or insurance. I would like to have a body transplant, but we need more money. Mommy doesn't work because she said nobody hires crying people. I said, ""Don't cry, Mommy,"" and she hugged my burlap bag. Mommy always gives me hugs, even though she's allergic to burlap and it makes her sneeze and chafes her real bad. I hope you will help me. You can help me if you forward this email to everyone you know. Forward it to people you don't know, too. Dr. Johansen said that for every person you forward this email to, Bill Gates will team up with AOL and send a nickel to NASA. With that funding, NASA will collect prayers from school children all over America and have the astronauts take them up into space so that the angels can hear them better. Then they will come back to earth and go to the Pope, and he will take up a collection in church and send all the money to the doctors. The doctors could help me get better then. Maybe one day I will be able to play baseball. Right now I can only be third base. Every time you forward this letter, the astronauts can take another prayer to the angels and my dream will be closer to coming true. Please help me. Mommy is so sad, and I want a body. I don't want my leaves to rot before I turn 10. If you don't forward this email, that's okay. Mommy says you're mean and heartless. One who doesn't care about a poor little boy with only a head. She says that if you don't stew in the raw pit of your own guilt-ridden stomach, she hopes you die a long, slow, horrible death and then burn forever in hell. What kind of cruel person are you that you can't take five freakin' minutes to forward this to all your friends so that they can feel guilt and shame about ignoring a poor, bodiless nine-year-old boy? Please help me. I try to be happy, but it's hard. I wish I had a kitty. I wish I could hold a kitty. I wish I could hold a kitty that wouldn't chew on me and try to bury its poop in the leaves of my burlap body. I wish that very much. Thank You, Billy ""Smiles"" Evans (the boy with just a head, and a burlap sack for a body)",449628,1
26331,male,Mom Have I mentioned that my mom is awesome? More evidence can be found here .,449628,0
26334,male,"Happy Anniversary! Happy Anniversary to my Dad and stepmother, Linda! They were married on this date in Camden, Ohio 5 years ago (I think)! They now live on a farm in Bright, Indiana. Congratulations, Dad and Linda!",449628,0
26421,male,"Add to Your Coloring Books! This picture of me , doing a silly face! (chuckles)",449628,0
26534,male,"Admitting Struggles with Mental Illness On blogs4God today , I read where Ben had shared his thoughts on admitting his struggles with depression. I felt compelled to share from my own experiences. My comments: Ben, I struggle with chronic depression, anxiety, and I have ADHD. I've noticed some tendencies toward obsessive-compulsive behavior, too. Finally, I self-injure -- I pick at scabs, because the physical pain feels better than emotional discomfort I may be feeling. I believe that a lot of this is biological. Some of it is within my control. I currently see a therapist and a psychiatrist. I take medicine for depression, anxiety, and ADHD. I've seen benefits. I recognize that there are aspects of how I feel that are within my control, and there are other aspects that are not, but are more to do with what's going on inside, from a physiological perspective. I've been able to see this, I believe, because I talk about it with others in person, at doctor/therapist appointments, and in my writing . I've seen aspects of myself in the demon-possessed man we read about in Mark 5 . I've learned more about God's grace and mercy, and I've struggled with a low self-esteem (Why do I have to deal with this? Why are certain things harder for me to deal with than it is for other people? Why did God make me this way?) I encourage myself with Psalm 139 - recognizing that I am fearfully and wonderfully made; i.e., God don't make no junk . These are just some thoughts. Feel free to contact me to share about what you're feeling, along with any comments you might have about what I've said. I hope that by me sharing my own experiences that it builds mine and others' faith. Also, I would love to correspond with anyone else who struggles with these things.",449628,0
26558,male,"Mind Change I decided yesterday that I really needed a mind change. I was feeling so much angst, which you could probably tell from yesterday's post. So I decided to spend some time in my Bible. First, I read through the story of Joseph, in the book of Genesis. Next I read through the first few chapters of Judges. Then, I realized that what I really needed was the encouragment found in Romans 8. The entire chapter is very encouraging, because there are several different thoughts conveyed there. As I read through the chapter, I stopped when I found verse 18 : I consider that our present sufferings are not worth comparing with the glory that will be revealed in us. I began to meditate on the ""future glory,"" and that helped me to get a little bit more perspective. Also, it's been hard to pray about this. There is so much going on that I often don't know what specifically to pray. Then I read this passage : In the same way, the Spirit helps us in our weakness. We do not know what we ought to pray for, but the Spirit himself intercedes for us with groans that words cannot express. And he who searches our hearts knows the mind of the Spirit, because the Spirit intercedes for the saints in accordance with God's will. So that helped, too. After this, I read through a number of the Psalms, and I noted that the recurring theme of ""waiting for God"" was present. How hard it is to wait! I feel like I've been waiting for so long for things to get better. To some extent, they have; but, in another sense, they haven't. I find myself asking, ""How much longer do I have to wait, Lord?"" I guess I also have been struggling with this concept of entitlement. I feel that I should be entitled to have a good credit rating, that I should have a successful job, that I should be able to pay all my bills on time, that I should be able to pay on our mortgage and not lose our house. But God never promises any of that. I'm realizing that, the only thing I need is Him. I get to have my wife, daughter, and mom live with me. We have food, shelter, clothing. All of these other things that are typical in our Western lifestyle are not guaranteed by God. He is also showing how easily he can take all of it away. It's revealing much about where my heart is , to say the least: For where your treasure is, there your heart will be also. I remember, as a young Christian, praying to God, ""Give me more faith!"" along with other things. At the time, I just wanted a more godly character. I had no idea that God would answer my prayers in this manner. Would I have still prayed the same prayers? Probably. I'm reminded of a song I wrote back then, based on struggles I was going through. It still applies. It's called "" Tough Enough To Bend .""",449628,1
26562,male,"Downtowning It Mom and I are downtown this morning at the main branch of the Dayton Metro Library . Within the last few minutes, the skies have darkened and a huge cloudburst has occurred. We hear the loud rumbles of thunder and the pelting of rain against the windows. It looks like it's night outside. We had planned to go feed the parking meter in about 10 minutes, but I think I'll wait to see if the weather simmers down.",449628,0
26563,male,"The Red Planet Approacheth The Hubble telescope has been a busy photographer lately, especially in recent hours. Space.com reports that the Hubble telescope has produced the pictures of the red planet that have ever been made. There is also a really cool, enlarged photo and corresponding write-up on the Astronomy Picture of the Day website .",449628,0
26581,male,"Clever Signs On a Septic Tank ! Truck in Oregon: Yesterday's Meals on Wheels **************************** On a Septic Tank Truck sign: ""We're #1 in the #2 business."" ************************** Sign over a Gynecologist's Office: ""Dr. Jones, at your cervix."" ************************** At a Proctologist's door ""To expedite your visit please back in."" ************************** On a Plumber's truck: ""Don't sleep with a drip. Call your plumber.."" ************************** On a Plastic Surgeon's Office door: ""Hello. Can we pick your nose?"" ************************** At a Towing company: ""We don't charge an arm and a leg. We want tows."" ************************** On an Electrician's truck: ""Let us remove your shorts."" ************************** In a Nonsmoking Area: ""If we see smoke, we will assume you are on fire and take appropriate action."" ************************** On a door to a Maternity Ward: ""Push. Push. Push."" ************************** At an Optometrist's Office ""If you don't see what you're looking for, you've come to the right place."" ************************** In a Podiatrist's office: ""Time wounds all heels."" ************************** On a Fence: ""Salesmen welcome! Dog food is expensive."" ************************** At a Car Dealership: ""The best way to get back on your feet - miss a car payment."" ************************** Outside a Muffler Shop: ""No appointment necessary. We hear you coming."" ************************** In a Veterinarian's waiting room: ""Be back in 5 minutes. Sit! Stay!"" ************************** At the Electric Company: ""We would be delighted if you send in your payment. However, if you don't, you will be."" ************************** In a Restaurant window: ""Don't stand there and be hungry, Come on in and get fed up."" ************************** In the front yard of a Funeral Home: ""Drive carefully. We'll wait."" ********* ***************** And don't forget the sign at a Chicago Radiator Shop: ""Best place in town to take a leak."" Forwarded by Mom from Karen",449628,0
26654,male,"Those Misheard Song Lyrics Jill Brimeyer is a mom, freelance magazine writer, and author who also submitted a comment at our guestbook ( Submit a comment , View the guestbook ). Somehow she found one of my blogs, and she loved reading "" 100 Things about the Danimal ."" Jill is collecting stories of young children's wacky interpretations of popular songs at her website, which is entitled Momdegreens : Did you know that the Hootie and the Blowfish song ""Hold my Hand"" is really about a friendly bear? Well, if you ask my kindergartener, it is... So head over there to see what she's all about, and be sure to add your own stories. Of course, this all reminds me of the website "" Kissthisguy.com ,"" another archive of misheard lyrics. That website is ""named for one of the world's most commonly misheard lyric (or is it? Click here for the full scoop on Hendrix and this ""mishearance."")",449628,0
26840,male,"Are You An Aggressive Driver? Aggressive driving: asking for trouble Do you: Speed up when someone tries to pass you? Tailgate people who are going slower than you? Weave in and out of traffic? Pass cars on the right? Flash your headlights at vehicles? Overuse your horn? Make obscene gestures? Yell out your window at people? Race for a position on the highway? The National Highway Traffic Safety Administration considers some of these behaviors aggressive. So next time, think twice before doing any of these things. I bet that State Farm and other auto insurance agencies think so, too.",449628,0
26975,male,"Yesterday night I could not attend youth group, due to the fact that my church was having a surprise party for my dad. On account of it being the 25th anniversary of his ordination as a minister. He was so fooled, lol, it was great. It was so amazing to see how many people really love my dad. I guess I take for granted how amazing he is, so much appreciation. I'm so glad it happened, my dad really has been needing some encouragement lately. But it just really reminded me how cool my dad is, and how much I love him.",3490377,0
26998,male,"This day was just weird, I hate this day!! I had a horrable sleep and I couldn't go to work, I had no energy. This day was a day where I organized my music too. I downloaded songs I wanted and deleted songs I don't need.  I found out Andrew was moving away which was sad. Andrew is such a cool guy.   I wish you luck Andrew   I then went and got my haircut, had lunch with my grandma, and watched MXC!! I love that show. It was then off to work, which was ok.  I only made $1 in tips! Whats up with that? I then got a call from Dyllan, and all the toughts I got out of my head have come back. Sounded like he was having so much fun! I want to be there! But what you gonna do...",3490377,0
27006,male,"After a crappy morning I decided to call my dad and tell him about me getting car insurance. Turns out that the price he gave me was for the smallest amount possible. That means I can't go to school, work, or anything. And my step mom was already a $%$#@% this morning! This is honestly too much for me now. I have lost all confidence in everything I do. I can't get job, I can't afford to insure Speedy Reidy, I can't do barely anything. Why does this hapen now? Why during the time where you should be happy? I hate this a lot. It's so hard to go anywhere with a smile now and just put everything behind. I've already hanled so much crap, i don't want to go through anymore.",3490377,0
27038,female,"dear diary, i would like to tell u about my camp. teh council camp rock. it is teh coolest camp that i ahve ever been to and it made my relationship with teh coucil much better then before. but sadly there was a virus going around and i got it. teh whole coucil has got it sadly. but, we had a great time.playing water games and getting all wet. having lots of fun is something that we all had. well, unfortunetely i got home with the deadly virus and spread it to everyone in my family. my dad got it and had a fever my mom got it and got teh fever and now my younger sister has it and is emmitted in teh hospital. teh poor dear. how i wish i am teh one having it and not her.and i should be teh one in teh hospital rite now. at least it is not her and it is me. i am less a burden to my parents then her. i can be there alomne and my parents could do their work at home and everything.how i wished teh person is me. but it happened to her and not me. there is nothing i could do but to preay that she will be alright. thats all. anyone of u reading this plz pray for her..she is onli tenyears old and she is young carefree and innocent. i do not want anything bad to happen to her.thanx well i see you all round. bye",3322392,0
27053,male,"Argh! For some reason some of my posts aren't coming up, so either they're showing up on yours or on no one's I hope Y'all read the ones before.....Sooo yeah. *gasp* I waved to you-know-who....I forgot his name, but I was really waving to Carli, it just looked like I was waving to him lol and he waved back like a joke and I gave him a really weird look and he started laughing. So at least now he knows who I am. I think I'm gonna drop the crush and persue my real dream....=D they know who they are, and I don't even know if they're reading this lately. Soo yeah. Anywho I'm gonna go watch a movie, catch ya lata playas/playettes",3354828,0
27062,male,"Oy it's the weekand!! Yay!! ^_^ I'm soooo happy I have a full weekand, I'm gonna have a sleepover at Amie's and Becca's house, and if I can't I will next weekand, then I'm going to the movies with Erik, and finally going to play pool with my mom ^_^ We go every other weekand, I beat her twice last time (FINALLY) the first time I won on my own, but the second.....we switched balls lol. Well I'm gonna go talk to Nick...........uh huh.........weird..........*types* ok he had to go lol. Well.....bye =)",3354828,0
27077,male,"SelectSmart.com Lord of the Rings Selectors Quizzes Tests Decision Makers Select Quiz Test These are actually quite fun, there isn't a lot of spam , and they're tons of catagories. Two thumbs up on this one if you get super bored, and if that isn't enough there's always http://www.bored.com Which includes various activites including prank e-mails to send to your friends (which is loads of fun :D) Well, that's all I have now, later!",3354828,0
27109,male,"I'm at school I'm sitting in the library and I am sooooooooooooooooooooo bored. I just finished my Drama. I had to write something about a program so I did ""The Mask of Zorro"". You guys have to watch that! It is really cool! Anyway...I'm at the top of my Chemistry Class (yay!) or should I saw that I'm sharing the top (*sad*). We're doing that worksheet that we got when Mr Smith was away (Advanced Chemisty). I've already done it cause, well, I did it last year. I don't think I could say the same for Maths...I don't want to go into that. I've got Drama next. The Drama teacher's okay and he talks to me...not sure if that's good or not but hey. Media is A Grade BORING. We are doing BORING stuff. In English we're reading the diary of Anne Frank...not bad but a bit depressing. And last but not least...Geography...just don't get me started on that subject...(teacher treats females as dumb bum's but of course, that was before he met his match *evil giggles*) Well, got to run to Drama because I'm nearly late... ...I might catch the train home... Anyway, I'll be talking alot because I have crap all to do here...BYE GUYS!!! Wuv Morgan P.S: My quote today is...not sure if I've done it so I will do two...okay! ""This is your test. Every path you have trod through wilderness through war has led to this road. The enemy will never let Aragorn come to the throne of Gondor. AND ""It is time"" and it's time for me to go! BYE",1796438,0
27117,male,"OMG it actually worked i didnt think it would(no ofence Hayden, but its this slow computer) Morgan i miss u luv and life is so dull especially photography... did u get that sms? i dont have nuch to say so cya hayden today wasnt as babe as u made it out to be",1796438,0
27126,male,"Ta-da! I'm back from the non-posting place where I was (I call it school!). No Morgan, exams are not good. I havn't even started studying yet. Oh well, I guess I can do it the night before. In English Lit we are ringing King Oedipus. It's a really messed up story. The run down: king and queen have a baby who is destined to kill his father and marry his mother. The king and queen are so afraid they send the baby away. He grows up, gets in a fight with his father (who he doesn't know) and kills him, the returns to the city of his birth (which he doesn't know). They're lacking a king and he answers a riddle, so he becomes king and marries his own mum. Disturbing. My Restaurant Rules is sooo cool right now. Ash and Amanda rock! They won against Sydney. They beat Brisbane. Now it's them vs everyone else. I've been talking to Ash via the internet (my friend, the net). I've asked him to send down some flyers so I can hand them out around town. I'll get Candice to come with me (she's already agreed) and I'll work my way up from there. I also mentioned that I really like Room Nineteen's hats (hint, hint). I hope Ash reads his messages tonight so he can send them tomorrow, delivered overnight, here Thursday, delivered Thursday and Friday afternoon. (I like new makeover on www.blogger.com. Very nifty)",1796438,0
27211,male,HOW CAN WE JOIN??!,2308025,0
27218,male,"Experimenting with Blogger. So far, so good.",2308025,0
27312,male,/points to tag line and cries quietly.,2308025,0
27458,male,"Go Away Little Children, You Might Get Eaten A horribly rough website I put up because... well I have the space and because someone needed that song... This post was much more interesting a couple minutes ago... humph.",1196970,0
27514,male,"Oh yes, must get in the last word. Fuck academic honesty. I've probably distributed four different assignments to at least a dozen people (directly or indirectly) over the last twenty-four hours. So fuck academic honesty. NHS can kiss my ass.",1196970,0
27521,male,"Dragged out of bed at 8:30 in the morning so we can do that whole hiking thing as a family. You notice how all the really ""oh la la look at me I so outdoor-sy"" people have those walking sticks? Yeah well it seems that the ultra ""oh la la look at me I so outdoor-sy"" people have two walking sticks, as it is so obviously the trendy thing to do. Outdoor-sy people annoy me. Die.",1196970,0
27646,male,"A friend's website. On a different note, I got a new quote-of-the-whenever: ""I'd do --- in a heartbeat. Hell, even if we happened to be standing, on stage, at the Republican National Convention, I'd do ---. In a heartbeat, you hear?""",1196970,0
27657,male,"now this is just a small shout out to a friend of mine named cupcake. now im sry i did this late but we werent talkin at the time i did my other shout out so heres one now.YO CUPCAKE WATS UP GIRL. lol there ya go. if any of u ppl have yahoo check out cupcake_2000_87 lovely lil smile. tell me wat u think of her. shes so darn cute, lol. sry cupcake",4120392,0
27708,male,logging fr the day. 2morrow is a brand new day,9470,0
27780,male,I'm back and like how. I finally have net access at the office...,9470,0
27788,male,I'm bored... I think I'll drown myself in a bag of chips and a large cheese and pepperoni pizza...,9470,0
28055,female,"i've been sitting here for a couple of minutes looking out the window, trying to think of some part of my day that's been interesting enough to blog about but i'm coming up empty. it's raining out and i've been staring at raindrops falling into a pot outside the window for the past two minutes straight. if that's the best i've got, this is going nowhere fast... this week has actually been flying by. my birthday was on monday and it was a good one... other than the fact that my best friend forgot about it. the up side of it, though, is that now she feels really bad and probably also feels like she owes me BIG time. i'll be able to torture her with this and hold it over her head for the rest of our lives.... aw, what are best friends for? coming up next week is the big 80's prom night party. topping the last party, the 70's roller skating rink party, is going to be tough to do but i'm up for the challenge. i've already got my outfit planned out.. right down to the banana clip and big bangs. all i have to do is go down to goodwill and the other local thrift shops and find the perfect turquoise-sequined-poofy-sleeved prom dress to make the vision complete. ahhhh, the 80's....",1362978,1
28075,female,"While I feel narcissistic by starting this, I need more ventilation in my life. I've lived a fun, sort of unique life so far..... Recently, its gone into slow motion bullet time mode with out the fun of bullets and acrobatics. Starting when I was 19, I've worked in the television industry, moved on to the TV/Game industry when I was 22, and after 8 months just dropped the TV part all together and started playing games for a living. Testing games was fun, but redundant and not as fulfilling as having tasks to challenge your brain. And trying to find all the blueprints to create a weapon for your car isn't exactly a challenge when you play the game for 5 months. Right now I don't do anything like that for a job, but of course there's more money in no-fun jobs. I'm internal support for multiple background checking/pre-employment screening companies (which are all owned by this huge corporation that acquires a new business at least once a week). The most fun I have at this job is when I see the scandalous details of someone's criminal background. I can't publish any of this information though, so what fun is that? So what is going to be interesting enough to keep a blog*? I'm on a one way road to findanewjobville, with a few pit stops at kink city, and Up&DownRelationshipburgh (population: enough). I figure between all that and my geekness, I should have enough material for a proper blog session. *If ever in doubt, please refer to the title.",3388299,0
28079,male,".....My passport that is! After 5 years of International Playboy-like jet-setting across the world, my US visa finally ran out just before Christmas. As a journalist, I need a visa in order to go and cover events across the pond, as as our redneck, gun toting friends in the former colony have a paranoid fear of anyone who is 1) Not American, 2) A Journalist, and 3) Has ever visited a country with Arabic-looking writing (yep - I went to Morocco on holiday once), I was expecting to either not get a renewal or have to jump through hoops to get it. Well it got it, and in record time - just over a week :) This good news as it means I am now free to travel again. Roll on March 14th - Viva Las Vegas baby!",656452,0
28236,female,"Author(s): Karen Brichoux Genre: Women's Fiction (Chick Lit) Review: The first time I saw this book in the book store, I read the back cover and decided that it wasn't for me. However, after recently reading (and thoroughly enjoying) the author's latest book (to be reviewed by me later), I went back and checked Coffee & Kung Fu out from the library. I wish I hadn't bothered. My initial instincts were right. Nicci Bradford is another single-gal-in-the-big city, searching for Mr. Right, searching for a satisfying career. Nicci is a big fan of Kung Fu movies, especially any starring Jackie Chan. In fact, she's so big a fan, that she can name a Kung Fu movie to match any of her real-life situations. (This got tiresome real fast.) Nicci meets Rob, a rich, handsome client of the advertising agency where she works (proofreading brochures. Yawn.) He sweeps her off her feet, takes her sailing, takes her out to dinner and they have fabulous sex. And that's about it. She and Rob don't talk and Nicci experiences serious doubts about the relationship. At the same time, she's fascinated by Ethan, a clerk at the local coffee shop. She feels a connection with him even though she's only seen him the few times she's entered the coffee shop. The relationships of Nicci's loved ones crumble or begin revealing their flaws, increasing Nicci's doubts about her own love and life. The story was told in such a flat narrative that I found nothing about Nicci to keep my interest, let alone garner my sympathies. Nicci is just plain boring. Her keen interest in Kung Fu movies seems more a gimmick to make her seem quirky, original, but it ends up feeling contrived. And I really dislike Kung Fu movies and have no interest in any movie involving Jackie Chan. So it was a real struggle to identify with the heroine and read this book through to the end. Secondary players receive no characterization. They blended together, had no identifying quirks or mannerisms to distinguish one from another. Some of the scenes that were supposed to play out as heated and emotional were written in a stereotypical manner - something you might find in any random, generic women's movie of the week on the Lifetime Channel for Women. The plot unoriginal (which wouldn't be so bad if it was handled in a unique manner.) The resolution was predictable and unsatisfying. Verdict: Skip this but don't give up on the author. Her book Separation Anxiety redeems this lackluster effort.",2153065,0
28251,male,"it's not a real brain Wow, that was the hardest exam, or any test for that matter, I have ever taken. Math. Might as well call it....mell...math+hell...nevermind. But oh my God! I t was the craziest thing ever! I know I failed. Oh well. Be present. It matters not. Thanks to the overwhelming response from my last entry: I feel loved!;-D Ah, yes, LOTR tonight. Midnight. It will be fun, but very tiring. I'm tired of writing. goodnight.",1586479,0
28252,male,"But I'm still alone. Ever feel that your alone, even though your surrounded by friends and family? That you're somehow...incomplete? I don't know why, but thats the way I feel tonight. I'm sorry, but this is going to be a self-pity rant. It's my blog; deal. I'm the kind of person that, even though I try my hardest not to, am always worried about what others think of me. I don't like that. At all. But that's the way I am. And because of this, I am constantly questioning myself and my friends. I am always worried that people talk about me badly behind my back, or they are being friendly to me out of pity. I don't want to believe it, but I can't help it. I feel like I am alone, never really fully accepted into any 'group'. And just when I do feel accepted, someone does something or says something that again makes me question my standing in others' eyes. I HATE IT! WHY DO I CONSTANTLY HAVE TO BE WORRIED ABOUT SUCH THINGS!!! I don't like being the teddy bear. Well, kinda...just a little. Well, that's over...I guess. Exams start tomorrow...eat, drink, and be merry, for tomorrow we die. Klingon Tim: It is a good day to die! Insecure Tim: I don't want to die. Confident Tim: I will do fine. Realist Tim: No you won't. I was talking to some people a few days ago, and they were convinced that if two people went out on a 'date', that they were officially 'going out' or 'together'. Since when? Can't two friends go out on a purely non-romantic 'date', just as friends? Since when has going to dinner and a movie with one other person automatically mean you're 'together'. So if I were to go with a friend that is a guy to pizza and then to see a movie, does that automatically make us gay? Does it mean we're going out? No! This whole institution of unspoken rules of social interaction is complete bull shit. Why does the word 'date' have so many unspoken connotations behind it? Being born into society with all its bullshit is worse than being born deaf, dumb, and blind. Because at least then you would think for yourself. grrrr... Congrats to JD and Martha, they are so happy and so cute together, and I am very happy for them! That said, goodnight.",1586479,0
28265,male,Its good to cry,1586479,0
28283,male,"So...uhh... I recant my disowning of love. that was short lived... So, the film festival was INCREDIBLE!! The turnout was awesome. I totally did not expect so many people, but they were most definitely welcome. The place was fancied up, and we even got a popcorn machine. It was freakin awesome. Then after cleanup, we went down to Caribou. Had a load of fun there. So, its time to look for colleges. The search begins. My first trip is going to be to Richmond VA. Richmond looks like a great school on paper, just what I'm looking for: small liberal arts college, great looking spacious campus, not a huge greek presence but an existent one, cool city by what I hear, good student reviews. I want in no way to limit my choices, but Richmond looks pretty cool. But we'll see. So that's what I got. I feel much better.",1586479,0
28310,male,"If I were to die today and someone were to open my head up, one of several things would be found: a grainy old photograph, a smeared painting, or a large ball of what can only be described of as 'fuzzy.' What I'm trying to say is that my head is and has been in a state of constant fuzz for a good three months now. I cannot think straight and clearly to save my life. Well, maybe for that, but you get my point. Yesterday I went up to Davidson to pick up my cousin who just finished his second semester there. On my way back, I was going down 77 at about 65mph when a bird flew right across the road. I didn't have any time to react so I hit it. It was horrifying. The thing just popped out of the trees that were 3 feet from the road and went flying right at about headlight level. Ugh... it was horrible. It's the first time I have really killed anything (besides insects). What makes it worse is that when I looked in my rear view mirror right after it happened, I saw a puff of feathers floating to the ground. I am ashamed that I let a laugh escape my lips. This sad act of killing ended in an almost cartoonish occurrence. And I feel awful for finding it even the least bit funny. But I still do, and that's what is even worse. Today I attended my first Student Senate meeting. The one thing I learned there: the Student Senate actually has no power at all. Not in the slightest. We're just the ""middle-men"" between the students and the Academic Council (made up mostly of faculty). Nobody has to answer to us, and we have to answer to the faculty. Sucks, I am way behind in my work and I don't care.",1586479,0
28324,male,"JD was over last night and asked where Hershey was. Mad, mad world.",1586479,0
28342,male,"hate after xmas shopping when cant find stuff you want ie, Transformers Gen 1. Ok who bought it all!",3896795,0
28368,male,"Staff are not cannon fodder. Staff are not standing in the free fire-zone. Staff have ears, eyes, mouth and brain. Staff have lots and lots of rights.",3896795,0
28407,female,"Week 7 went very well. Matty has been very interested in playing in the kitchen. He enjoys exploring the kitchen and banging on things. He interacts well with his therapists in there. He has also learned how to coordinate getting up and down from the stool. We have an appointment with Kelly Dorfmann in September. She is the nutritionist who specializes in gf/cf diets. I am going to tentatively set our date to start as October 1st. Today, Matt went to church with Tim. He went into the 2-year-old room and did really well! He went down the slide and spent most of his time coloring. Tim only had to stay a few minutes. This is a huge step for Matt cause he hasn't been able to stay there by himself for a number of months. Also, last week Necole rubbed Matt down with play sand. Kim did this the first time. It really seems to soothe him. I've never seen him so comfortable in his own skin! When he comes in the house, it is followed up by lotion--which he lays there to be rubbed with and NEVER normally. allows this. We need to figure out a way to replicate this sensation for him more regularly. Necole is thinking of some ideas. I'm thinking I will get those loofah gloves and rub him with them dry.",3882519,0
28593,female,"I'm going to pick up my brother in a few hours. He's coming home from a two week trip to Baltimore. 3 or 4 times a year his friends go there to buy back seats for vans. They fill up a container or two and ship them back home. Why would u do that? Well, we have a lot of ""funny"" laws in this country. One of these laws goes like this: it costs less to register a new van without back seats, than one with. Totally crazy if u ask me... But after a year or so (I'm not sure how long) when the van is no longer new you can put in seats for little or no cost. Strange! Of course a lot of people do this. So this is where these guys come in. They get orders for seats of this and that type/make and go over to Pennsylvania and neighboring states to get them. So even with the cost of traveling, buying the seats, shipping + getting them into the counrty(toll) they make a decent amount of money on it( and they get a nice trip).Of course they have a large customer group who preorder the stuff before they take the trip. So they know they have made the money when they go. So my brother go with them every now and then. He helps out with the business and gets a few favors like free shipment for his own stuff. He also likes to go over to the states every possibility that comes around. I wish I could go on trips like that a few times a year. It's a great way to get the best out of the two countries. But as a small consolation I'm going to take a USA shopping trip sometime during this next year..",3141781,0
28599,female,"HeY...2day... i hav a most happiest day.....hahaz go out wif mi sis de frendz....siao sia they all...but i envy them.....their class veri united... the guys are open minded...they go out wif galz....can make fun...say jokes....haiXx....the whole class damn funi ....always....""hey! ur mother porn star""..""see larx...no wonder ur whole family porn star"" ""ur mother hor chia long""""ur mother kana fucked by bangladesh porn star"" which mi class de ppl will nv tot of it lor....mi class....haix...not united....no fun....everytin SUX!",3991209,0
28610,male,"Everyday is a new day. This is what I would use to comfort myself everytime I overcome a situation. For now, I'm an unemployed fresh graduate. It's been months and yet I have not found a job. But fortunate for me, I am a happy person and I take things easy. Well, I have said lots of nonsense. Guess I have to make things short. Better stop here before I bored anyone. Chao",2680499,0
28764,male,"Cheap thrills and porch hootch. Watching the world go by on Bridge Avenue in the late summer afternoon. Just last week, we saw the fire department take a wrong turn on the way to a fire. They circled back and, evidently, found their target: a warehouse billowing black smoke a few blocks away. Kim and I are going to sit on the porch today: drinking beer and discussing cute guys. We're hoping some of those hottie firemen might stop by - hey, I have matches...I know how to use them. With my luck, I'd get the ugly Troll division. Any fun plans for the weekend? I have a friend's birthday dinner to attend to this evening. Tomorrow, we're having some sort of block party with all of the neighbors on the street. I think Dr. Tom might be there. Today is Jennie's birthday, so I want to say Happy Birthday and hello to my best friend in the UK.",49663,0
28809,male,"I went to the Tremont Arts & Cultural Festival today in Lincoln Park. Besides the grayish day, everything was perfect! I had a wonderful time visiting with people from the neighborhood. I ran into Hottie Jon from across the street...he's sporting a pretty healthy/hairy goatee these days. Apparently, he's back in his MBA program. He invited me to come over whenever I wanted...but Sundays were especially good. Weird, no? I spent a lot of time over at the City of Cleveland Kennels booth playing with puppies and the cute guys hanging around them. I am so bad! Nice to know there are always opportunities, I guess. Right now, I'm going to a cook-out/bonfire down in the wilds of Medina County with Margaret. It's at the home of our friend Laurie. It sounds like a really fun way to spend an autumn evening. Don't know when I'll be back to post, so for now...be well...and most importantly...DON'T behave. Peace.",49663,0
28835,male,"I haven't yet learned to read his vocal non-verbals or his physical non-verbals. Actions speak louder than words, so in that sense, he's golden. I think this kid has no fear. Less fear, anyway, than me or most adults I know. I know...he's an adult. He just seems so young to me...and he is. Damaged goods, definitely...there seems to be a lot of pain, heartbreak and mistrust. But we all remember those phases of our lives...I do. Nothing will make everything all better. I just wish him peace and joy. I really seem to like him - try as I may no to, but I can't help it.",49663,0
28841,male,I am on the telephone line with this totally cheesy sales rep. Cheez-Whiz...Velveeta...you name it.,49663,0
28865,male,"Okay, I know I've been on this rant about meetings lately...but I seriously wanted to poke out my eyeballs today. The culprit was merely a 45 minute meeting to brief everyone on the progress of this new book we're publishing. As is typical, various participants start rambling WAY off course. I can't believe how inefficient some people are with words. They talk and talk and talk and barely say anything. Meanwhile, you realize you just wasted 45 minutes of your life that you will NEVER get back. I pouted all the way back to my desk.",49663,0
28867,male,"My sleeptime bliss was shattered this morning by the scraping and whining of the garbage truck. Today is not garbage day, I thought. But maybe today IS garbage day...maybe it's time to throw out all the old, to make room for the new. So, I think I am going to start chucking things left and right. From my old Weeble-Wobbles set to my shampoo...it's ALL garbage. Less is more, right?! Right! So, off you go...get cracking! Just throw it all out! My advice: keep any pets or loved ones, they're MUCH harder to replace in the event you need them. Maybe every day should be garbage day. I need to simplify and declutter my life. That will be a new mission from today forward: no more squirrelling away unneeded papers and objects....THINGS. We'll see how long THIS lasts.",49663,0
28880,male,"Yesterday turned out to be much more interesting than planned. I was doing some valid research on the state of mullet haircuts in today's society when, out of nowhere, this guy from AOL starts chatting me up. Okay - no big deal, right? So, we're chatting and I'm, of course, still doing my mullet research and everything is fine until, BANG! he wants to introduce me to his boyfriend of 3 years and would I mind coming over and ""getting to know"" both of them. ""HA!"" I said. If it isn't enough already that I'm flirting with half of the city, but the boys who want to sleep with me are already paired-off. Anyway, I declined the kind offer and returned to my work. THEN something REALLY special happened: my Director from TWILIGHT OF THE GOLDS called me with some very hush-hush information. She had learned thru various sources that I received top honors at the OCTA Festival last week. I was named ""Best Actor"" for the entire hoo-ha! Can you believe it?!?! I was absolutely overwhelmed and honored...I really had no inkling that our show would win ANYTHING. Then, to top it off, Vonnie also received the top honor for her portrayal of ""Phyllis"" (my mother in the show). So, we scored big TWICE! After all that schlepping and bitching about being in Toledo, we go and do THIS. Anyway, it is supposed to be a surprise when we are officially recognized on Monday evening. But, I had to tell someone.",49663,0
28923,male,I am going to choir rehearsal tonight...that will DEFINITELY be fun! And...my order of Buckeley's wine came in...it's my absolute favorite on the planet and I plan to consume much of it this evening....,49663,0
28958,male,It was great to get to bed last night knowing I didn't have to get up at 7:30 and drive across town to drop off Matt at campus...okay...it was a guilty pleasure.,49663,0
28968,male,This just in: I feel like crap! I have some sort of sinusy-swollen throat sort of sickness thingy. Ugh! I'll have to fill you in on the rest of my weekend in a little while...,49663,0
28986,male,"I'm going on a short vacation with Trish starting tomorrow. We'll be in Colonial Williamsburg thru Monday, the 4th. Sorry I'll have to be away from you for awhile...but I think it's just what I need right now...especially since I have been cast in BILOXI BLUES, set for production January 19 - February 10...I won't have time to get away until March. Hopefully, I will return from vacation with lots of interesting stories, gossip and scandals!! Keep your fingers crossed...",49663,0
29008,male,"From Uncle John's Bathroom Reader : As if it's not bad enough to have a ghost haunting your office, a computer factory in England, built on the site of a 19th century chapel, is reportedly inhabited by a ghost that farts. Workers think it might be the embarrassed spirit of a girl who farted while singing in church. ""On several occasions,"" said an employee, ""there has been a faint girlish voice singing faint hymns, followed by a loud raspberry sound and then a deathly hush.""",49663,0
29026,male,"Matt wrote an AMAZING prose/poem yesterday for his poetry class. It makes me want to stop writing. Okay not really...but it was really excellent. I am never showing him mine...my poetry, that is...I'll show him other stuff...like my tattoos and piercings...but not the poetry.",49663,0
29027,male,"I am having dinner with my friend Adam tonight. It's been almost 3 months since I've seen him and it will be good to catch up! I think Matt is feeling a little jealous...no...I'm sure of it. But, we'll be renting a movie and hanging out later tonight anyway. Any suggestions on some good scary movies? We've been on a nasty little jag of seeing BAD BAD scary movies recently. Last night, we took in (or should I say WE were taken to the cleaners) when we saw Blair Witch 2: Book of Shadows . What?! Book of Shadows? There was no book in this movie!! There were no shadows! It's just a crazy DUMB flick. DON'T BOTHER. If you felt taken by the first one...this one will make you feel doubly idiotic if you spend cash money to see it.",49663,0
29042,male,Celebs say the darndest things... especially if theyre Britney,49663,0
29090,male,"sorry \ I'm sorry I couldn't fix your troubles, I couldn't stop the pain, I'm sorry I wasn't the one, but I tried...I tried \ you said you loved me, but you never found your way, I couldn't be your everything, but I tried...I tried \ I wanted it all for you, I wanted it all from you, but you could never give, no you could never give \ I'm sorry I couldn't be the one, I'm sorry I couldn't make every wish come true, I'm sorry I couldn't do that for you, baby, but I tried...I tried \ I'm sorry you had to let go, I'm sorry you couldn't hold on, but love doesn't disappear, it doesn't disappear, no not like you, not like you \ I'm sorry for all your pain, for all you let between us, can't be your angel, baby, can't be your angel anymore, but I tried.",49663,0
29096,male,"Yesterday, driving to work was absolute treachery...black ice everywhere! For the uninitiated, black ice is a very thin layer that forms on roads, bridges and any other imaginable surface, and it always wreaks havoc to both drivers and pedestrians. So, imagine my amusement when I am approaching an intersection and I see a Police ""Traffic Control"" vehicle slide right through the red light while spinning counter-clockwise! Now that's what I call traffic control! Today, it was almost 50 degrees Farenheit...balmy! Spring-like! Almost...delightful. A little reprieve in the dark, dark, darkness of winter.",49663,0
29097,male,"I was driving away from rehearsal tonight and I was overcome by depression. I missed being with my friends from Biloxi Blues and I missed the fun of being together, rehearsing the show, going out, etc. So, there I was driving the same streets, to and from the same theatre, and I was really bummed. It just doesn't seem like Getting Away With Murder is going to be very good...and certainly nowhere near the incredible production of Biloxi . So, it's hard to keep a stiff upper lip. The fact is, I don't really like many of the people involved in the new show and I fear they are talent-free (for the most part). And, trust me, I am aware that I sound like a giant diva, but I want the projects I work on to be good - very good. Otherwise, why waste my time? So, I started thinking...I need to find ways to make this a positive experience. I'll jot them down in the blog just as soon as I've thought of them. Should I just quit? Does that make me sound/look like a complete asshole? Should I just suck it up & deal?? Feel free to register your opinion.",49663,0
29132,male,"Not to be too ""teen girly"" on you, but did you happen to catch Larry King Live (or re-run later) on CNN yesterday? The men of *NSYNC looked dreamy...:::swoooon:::not that they managed to answer any questions very thoughtfully, or with much style and/or panache, but they were delightfully charming. Joey still insists he has this ""girlfriend"" who splits time between Orlando and LA. Hmmmm...yeah, I have a girlfriend, too... ""girlfriend...things that make you go hmmm..."" Chris sounded like the hysterical little freakshow that he is, and JC looked like a porcupine with a soul patch. I will say that Lance looked the best of all of 'em.",49663,0
29144,male,"I have finally re-arranged my office. Believe me, moving this computer is like trying to untangle an octopus! Sheesh! Looking forward to rehearsal tonight out at Chagrin. For those of you who have asked, the love life is currently at a stall. Not worried, though...always feel free to offer suggestions... Email me !",49663,0
29152,male,yikes. this Blogger crash is really a problem. i'm so sorry!,49663,0
29181,male,"Today is the first Friday in the past 5 that I've actually had off! I don't know what I'm going to do with myself!! A whole night off! No shows, no nothing!! I'm sure I'll think of something! Until I figure it out, I'll get back to work.",49663,0
29189,male,"Okay, maybe caffeine would be good now.",49663,0
29230,male,"the subject of dreams / this day floats as in dreams from word to word / my thoughts of him and his of mine returned, like echoes / for all I have written for all I have said I have not said enough could not say enough / my words tremble and fail, my heart does not / his touch lingers the warm, sweet touch of this man remains / I remember his kiss velvet on my lips, my lips which are his for the asking / his words, his touch, his kiss swirl in my head as I drift into dreams of him",49663,0
29236,male,Abba blonde returns,49663,0
29238,male,Liz Smith: High aspirations,49663,0
29270,male,"Ever have one of those days where you just have piles and piles of work (with no end in sight) and you never seem to get ahead of the game? Yeah? Well, that's what this past month has been for me. I am SO glad it's March already. Wheeee! Cupcakes for all!",49663,0
29279,male,"Good news, so far. When I spoke to the nurse this morning, she asked me a battery of questions and then relayed the info to the doctor on duty. He didn't think it was something I needed to be seen for right away, so I made an appointment for Monday afternoon. Needless to say, I feel quite a bit of relief knowing it doesn't seem to be anything major.",49663,0
29282,male,"my big gay life (1) The one rule that always stands true in the smoking wreckage of my love life is this: they always come back . My ex-boyfriends are as reliable as boomerangs...they dump me and then return to the scene of the crime. Invariably. Unfailingly. Always. Granted, it takes some longer than others, but they always come back. Take, for instance, Joe who unceremoniusly dispatched me after his trip to Barcelona and some sketchy details about a ""friend"" named Miguel. This past week I started receiving telephone calls and emails from him asking me to contact him. In the end, I finally couldn't take the harassment anymore and called him. He wanted to know if there were any summer internships where I work. Huh. Or even better, more recently, Dan, who decided this week that it would be okay to IM me. Apparently he felt enough time had passed. He said he just wanted to say hello and ask how I was doing and that he'd love it if I would call or email him. Eventually, I had to cut off his keyboard diarrhea. Did I say it was time to start talking again? Did I send out a memo or something?",49663,1
29309,male,"So, we're in tech. week for the anniversary concert at Brecksville. I'm hoping things will go smoothly. Keep your fingers crossed!!",49663,0
29311,male,"has anyone ever written anything for you? and in your darkest hour have you ever heard me sing? listen to me now you know I'd rather be alone than be without you don't you know? has anyone ever given anything to you? and in their darkest hour did you ever give it back? well, I have I have given it to you if not for me, do it for the world if not for me, do it for yourself - nicks/nowels",49663,0
29341,male,Jennifer Aniston plagued by low self-esteem,49663,0
29389,male,It's 80 degrees outside and beautiful. I'm in a good way. I think I'll go for Mexican for lunch...,49663,0
29391,male,"my big gay life (15) ***messy tantrum advisory*** WWWWWHHHHHHHHHHYYYYYYYYYYY?!?!?!?! Why oh why did I do it?! I've been so good for an entire month...avoiding any internet contact with Dan...why oh why did I have to check out PlanetOut? Can someone tell me why it was so imperative that I do that to myself?? UGH! He's posted a personal ad...he posted it today , for chrissakes! TODAY ! My eyes! Oh, my eyes are burning...I didn't need to see that! I am such a dumbass! Why did I do that to myself? And while I continue to flail about on the floor like an angry kindergartner, dear reader, please understand that TODAY is exactly one month since I was kicked to the curb. Chucked out the car window. Sent to the city dump. Wah! To top it off...I was digging around in my duffel bag for the one thing that could soothe me: my NSYNC import remix CD, when I happened upon the greeting card he left on my windshield one night while I was at the theatre...I came out after the show and found it on my car...it was sweet. It had kittens on it. Wah ! Alas, the ""deep passion of love"" just was not there and all of our collective words, thoughts and kisses added up to a whole lot of nothing. Well, not nothing , exactly. I've experienced a whole heap of sadness. Sigh . Kharmically, I should probably wish him happiness and peace and good luck on not meeting a whole string of losers (which he will, cuz it's the internet) but fuckit! I wish me peace and happiness...and valium.",49663,0
29401,male,"unravel in 58 chronicles of a heart undone email 3 , March 5 hey Todd, Your are a busy boy, ;) Let's see, I'll have to take Option C for the moment, as I have to get up early and drive to the east side.. and being on the east side cancels out B - HOWEVER, I may work from home a couple days a week.. and looking at choosing Wednesday.. so perhaps a late drink... but actually lunch may be a little better... let's play it by ear... worse case.. we meet sometime this next weekend. I will keep in touch. Have a great day :) Dan At 10:11 AM 3/5/01 -0500, you wrote: >Hey Dan, >Ha! I wish I had some Dan time...I mean...Todd time this weekend. I was >looking forward to work this morning because I knew I could, at least, >catch my breath. Friday and Saturday nights ended up being crazy (but >fun!). I spent all day Sunday out in Chagrin teching a new show, I arrived >home exhausted at 11:30...and collapsed into bed. Anyhow, my schedule this >week is crazy. So, that leaves us these options: (a) grab a drink during >the week around 11:30pm (b) lunch (c) continue emailing/calling and >wait til weekend. Let me know! Have a great day!! > >Todd",49663,1
29425,male,crazy doings today. lots of creative stuff going on. Rachel and I had to brainstorm a few ad creatives for an annual open house we have here at work. high point: I got to have a Mrs. Fields oatmeal raisin cookie! yum! cookies = good.,49663,0
29427,male,"in search of Eric... When I was at college at The Ohio State University in the early nineties, I had the opportunity to work with the newly-formed Writing Lab, a co-venture between the English Department and the Communications Department. The premise was simple: develop a writing center where students of all abilities could develop their writing skills together, without the traditional Graduate Assitant/Teaching Assistant in the mentoring position. It became known as the Peer Writing Program, and I had the distinct honor and pleasure of helping develop this award-winning program with a handful of other students, staff and faculty. One of my favorite memories is of Eric Walborn, a PhD. He was in his late thirties and had a luminescent personality and an absolutely killer smile! He had sexy salt and pepper hair, which he coiffed with styling mud. The summer after my freshman year, we presented a paper about the Writing Lab and the Peer Writing Program at Penn State. I remember only shreds of it, but I do remember an evening walk around campus with Eric after everyone else had returned to the hotel. We walked down the well-worn pathways and empty sidewalks together...hands and arms brushing against each other ever so slightly. The air was humid, but fragrant and delicious. At one point, I sat up on a low brick wall outside one of the buildings. Eric came up to me. Slowly and gently, he began kissing me. It was one of the sweetest, most heartbreaking kisses I had ever experienced. We could never be together, and we both knew it. I think the excitement of kissing the forbidden fruit (so to speak): professor and student...even though I was not in any of his classes...he still was a faculty advisor with the Writing Lab. When I returned home for the summer, we chatted on the telephone once or twice. Our sweet moment was over...and all we could do was remember. We saw each other occasionally on campus over the next year or so, but eventually, our paths ceased crossing at all. Flash forward eight years. I decided to try to look him up. He was no longer listed in the faculty directory at OSU. I searched until I found an obscure reference to a handful of people who had received awards named in his honor. I searched a little further..only to find that Eric died in 1993, a few months after our paths stopped crossing. I'm not sure what the cause of death was, but I suspect I know. I was deeply saddened by the thought that I was on campus for two years more without knowing he had passed. But, I will always remember the writing and I will always remember his kiss...warm and sweet on my lips. He kissed me as he was living, not dying. He kissed me. There is no greater gift. There is no greater gift. To Eric, my dear, sweet friend... thank you. I love you. Godspeed...",49663,0
29435,male,"my big gay life (33) tedious/strenuous Life out on the town did wonders for this weary soul. The opening at the Center was quite fun and included the usual array of characters...my friends and accomplices from work and a few other folks from around the way. I drove Rachel and her friend Erin. The night was muggy, sticky and heavy with the scent of the early summer blooms. The Center for Contemporary Art was cool and clean, light wood floors and the air scented with expensive perfumes. I ran into a very old friend...someone from my neighborhood where I grew-up...I knew I recognized the face, but couldn't place him. Will! Of course! Will Baker...from Eastview. Right! He remembers me teaching him vocabulary words on the school bus. He was in second grade and I was in fifth. He remembers me teaching him the words tedious and strenuous words that have, no doubt, come in handy in this life. What a trip to run into someone from so long ago. Fifth grade... Afterwards, the party moved to Touch Supper Club...which included much more drinking and even some dancing. I returned home somewhere around 1:30 (I think) and crashed into bed. Yesterday was Cleveland's Gay Pride festival downtown on the harbor. We had gorgeous weather...clear and 72 degrees...no humidity. Maggie joined Toby and me for the day's festivities. We walked along all the booths at the festival, drank lemonade and watched Judy Tenuta do her 45 minute set. I got nicely sunburned and managed, thank god, not to run into too many exes. whew! Afterwards, we joined Kelly and John at Johhny Mango for a light supper and drinks. We moved that party to my front porch where we were joined by the infamous Dr. Tom from across the street (always amusing). Like teenagers, we drank beer and played ""I never..."" Today, Kel and I ran a few errands before each of us headed off to celebrate Fathers Day. Dad was excited to know he got to share his big day with Gay Pride...he's so cool. My dad rocks!!",49663,0
29436,male,"my big gay life (32) I have to admit it to you all: I am working my way through a small wave of Dan-related depression. I just feel like I need a good cry. Sometimes I never understand why it happens, but today's seems to be rejection-related. Maybe waking-up not feeling good was a factor...but for whatever the reason I feel down about it. I think my plans for the evening will help refocus my energy. My crew from work are all going to a new show opening at the Center for Contemporary Art, and then to Touch Supper Club for drinks and dancing afterward. The temperature and humidity here has been beastly. I just got my hair cut, and I'm waiting for my shirt to dry before I head out. I just wanted to say hi...talk to you all later. xoxo",49663,0
29441,male,"my big gay life [30] I had a great weekend, I did...I did lots of stuff outside...actually got some color (which looks good , by the way). Rachel and I really enjoyed the show on Saturday. Afterwards, we went to Johnny Mango's for a drink or two and a bite to eat. Sunday was a day of cleaning, shopping and more sunbathing. I got nothing major accomplished, except weeding my flowerbeds.In the evening, I decided to stay at home to watch Sex and the City and Queer As Folk with Kelly and Rachel.",49663,0
29466,male,"my big gay life (49) Back from whirlwind weekend. I was house and kitty-sitting for my folks while they were on vacation. I even managed to get her medicated properly (you cat owners know how much they love pills and oral syringes). Two shows this weekend, a charity softball game and a nice relaxing evening in my own home last night. I had fun at the softball game because I got to see a couple friends I haven't seen in awhile. I also got to help my friend Margaret move (for the 2nd time in 3 months). I really like her new apartment, but I didn't like moving her piano up to the 2nd floor. I still feel like I haven't caught-up on all the sleep I didn't get this wekend...and I wish it was due to something more fun than house-sitting in the middle of nowhere. I get to do the house-sitting thing again next weekend at my friend Phil's house...but he's a smidge closer to civilization.",49663,0
29483,male,"my big gay life (39) on Ryan Lyden...and being my best friend... Sometimes I feel like nostalgia hits me like a brick wall. I can be anywhere at all, and something will trigger a flood of memories, feelings and pictures in my mind. My best friend growing up was this cat named Ryan Lyden. He was the coolest mutha-effah in the whole of Kenston's kindergarten class. I've never seen anyone bewitch a classroom full of 5 year-olds like he could. My mom taught at my elementary school...First Grade. As per District regulations, I was not allowed to be in her class, but you can bet she had something to do with having me placed in the classroom right across the hall from hers. Mrs. Larkins (rm 14) was my teacher...and one of my mother's best friends and cronies (ha ha...just kidding Mom!). Our class and my mom's (Rm. 15) often did things together, so I was often supervised and/or within eyesight and earshot of my mother...more than the District would probably like to know. But what golden days those were! There was nothing better than having my mommy down the hall, across the hall or around the corner for my K-2 years at Gardiner Elementary. The one, and only, downside to all of this is: she knew about everything I did, said and of course...all of my test scores (point of note: this didn't change all the way thru high school graduation). She often knew my grades and scores well in advance of me. This is not a bonus in most cases. Anyhow, Mom had Ryan Lyden assigned to her classroom...so I got to know him quite well, and by 2nd Grade, we were inseparable. I spent hours with him every single day...balancing carefully my time with my other close childhood friends, Adam buxton and Rick Doxey. Remind me to tell you about my across-the-street best friend Libby Baker sometime. Ryan and I would spend after school hours together, do sleep-overs on the weekends, Cub Scouts...you name it. We had a whole posse by the time we reached Auburn School and the grown-upness of 3rd Grade. Let's see, we had Paul, Doug, Chad, Stephanie, Carrie, Ryan, me, Brett and Robbie. I'm sure there were other hangers-on, but I don't remember them. We carried-on like best friends and brothers until his family relocated during our 6th Grade year. I remember that he moved on December 10...to Kansas City, Mo. Shortly thereafter, they moved to Farmington Hills, Mi., and then finally to somewhere in New Jersey. He visited me once in 7th Grade. I have never seen him since. I haven't seen him since 1985 , and yet I still call him my best friend. I think about him a lot and have tried to find him to no avail. Anyway, all this flooded back a few days ago when I heard that cheesy 1980 song ""Steal Away."" All I could do was think of Ryan, and of growing up happy, with a best friend. I guess my abundance started early.",49663,0
29485,male,"my big gay life (37) I am barely able to type this. My whole upper body is numb from a new workout designed especially for me by ""Don"" who is one of the trainer/consultants at my new gym. He assures me my upper bod will be wracked with pain tomorrow, but that I should be completely mobile again by Sunday. Ack! Well, I will say that I like my new gym a whole lot more than my old one...this one actually has helpful staff and lots of equipment. Don was impressed with my cardio stamina (ex-cross country runner here) but he noted very quickly that for all my endurance training...I am a blank canvas when it comes to weight training. Following Don's instructions to a tee, I came home and popped down some X...er...ibuprofen. Thus, we begin my journey. On my quick ride home, my thoughts turned to food, naturally. I thought it might be a good night for authentic Mexican. I guess we'll see who's up for some fun tonight.... That's it for now, kids...I'll be back later...feeling chatty.",49663,1
29507,male,"Goodnight CHICAGO... glimpses from closing night Claire, the lady in the box office I won't see for awhile. The houseboards, marquee and lobby displays disassembled. The final audience buzzing with excitement, wanting the elusive magic of the final performance. The dressing rooms, once homey and lived-in, now cluttered and torn apart as we prepare to take our things home. The sign-in sheet on the callboard now full. Clips, reviews, photos and various sign-up sheets tattered, worn at the edges. Props: umbrellas, newspapers, old-fashioned cameras holding on for one last performance. Spike tape and glow tape just as it was during tech...some of it replaced after heavy traffic. The orchestra warming-up. The techies prepping the sets, lights and special effects. Listening to the Overture one last time. Seeing each cast member take the stage for their final show. Standing alone behind the center upstage door awaiting my entrance Is everybody here!? Is everybody ready!? . Seeing Roxy's bowler hat lower from the flies during ""Roxy."" Watching everyone watching everyone else...taking inventory of the faces and the experience so we won't forget any of it. Being surprised at just how emotional our final show is for me. Standing with Pam (Roxy) on the empty courtroom set and saying ""Well, I guess that's it for you and me..."" and really feeling my own subtext. Singing my final note, slamming the center upstage door...and losing my shit. Standing with the company stage left hugging and kissing each other during ""Nowadays."" Taking my final bow. Restoring my costumes and props to their cases and boxes. Cleaning my area of the dressing room. Watching the set disassembled and removed. Saying goodbye to everyone one last time. Being told goodbye one last time. Walking out past the marquee...already advertising the next show. Without a trace...CHICAGO was gone. As I walked away from the theater, and into the center of town, I realized I'll miss Billy Flynn most of all. So, if you see him...give him my regards. I'll miss ya, pal. It's just a noisy hall where there's a nightly brawl and all that jazz ...",49663,0
29514,male,"Exciting Discoveries at Work Wherein Todd finds love and cake. Okay, maybe not love, but today is Cake Day here at our venerable old institution. Once monthly, we congregate in an old abandoned cabaret venue to celebrate birthdays and consume vast quantities of baked confections, salty treats and sugary soda-pop. I like the marble-swirled cake...mixing up the chocolate and white cake, like soft-serve swirl ice cream cones. But, my favorite of your basic cakes is yellowcake with chocolate frosting. I'm presently writing you from deep inside a sugar coma. I'll be back later, following my withdrawal and sugarshock. Ciao!",49663,0
29527,male,"I had an incredibly interesting update from Lee yesterday. He filled me in on the past 9 months of his life. I can't begin to explain the absolute roller-coaster he's been on both professionally and personally, but he's fine now. Some of the bullet points include being the target of blatant anti-gay discrimination, terrifying experiences with domestic violence and fucked-up interactions with the local authorities. Messed up shit! In any case, he's doing much better...the anti-gay issue has been resolved, the domestic violence perp. is no longer living in this country and hopefully, the legal issues will soon be completely resolved. My heart goes out to him. He's quite a survivor...things ain't never been easy for Lee, but he always manages to find success. I'm pleased he's back on his feet. As always, it's great just to catch up. Tonight, I am having dinner with my friend Margaret, and then Kelly and I will be going to Blues Jam over at the Parkview.",49663,0
29537,male,"Well, I'm coming up on my one year anniversary of Blogging (Aug. 10). The first time I heard about it was in some random email from the kind folks at EarthSkank ...talkin' 'bout some online journaling. So, I checked it out...and being an avid analog journaler, I thought this might be fun to try...plus it helped with my writing teacher's instructions to write something... anything ...every day. So, here I am a whole year later with tons of random written detritus, feeling wildly validated and overexposed. I think I deserve a month in Capri.",49663,0
29540,male,This just in from the Diva Dish Dept. What's wrong with Miss Thang?!?,49663,0
29551,male,I think tonight calls for a little Blues Jam over at the Parkview Nite Club. Anyone wanna join me?,49663,0
29563,male,"Back to work for me. I'm handling tonight's engagement of Riders In The Sky . If you've never seen or heard them, they're terrifically fun! They supplied all the cowboy music for Toy Story 2 .",49663,0
29567,male,"So, I was all like whatever when I ran into my ex a few weeks ago. I know, I know...you're asking yourself, ""Todd, just which ex are we talking about here?"" However, what was unbeknownst to me was that he was a psycho-stalker who would stop at nothing to get in touch with me. Well, okay, maybe not that bad...but he started calling me everywhere I have a phone. At home. At work. On the cell. It was relentless. He'd do a phone carousel....call my house, my office and my cell phone within a 2 minute period, leaving messages at each location. Freak . So, I decided to ignore it for awhile, thinking he'd let up. Nope. So, in my best passive-aggressive behavior, I sent him an email stating that I'd been staying at my boyfriend's house since I got back from Philly. Well...that was the trick! Just as I had suspected, he emailed that he guess he had ""more than just a clinical interest"" in me. He wished me and my boyfriend luck, hoping my boyfriend wouldn't ""fuck-up"" like he did. Well, me too. I hope he doesn't fuck-up like you, too. But then I remembered that I don't actually have a boyfriend. Damn . Well, when I meet him, I'll have to thank him for his gracious hospitality this past week. Speaking of ex's, I got a brief glimpse of another one this morning while I was at the market buying groceries. We don't speak anymore because in the fragile transition phase from boyfriends to friends who are boys, he seemed to displays lots of ridiculous pathological lying skills. It was never about anything important. It never even stood to gain him anything. And, as I always say, only employ deceit and trickery if it will result in free goods and services. Anyhow, I guess he's happily married to some guy named Michael. According to unnamed sources (Steve), he and Michael are still going strong and sharing a ""faaaaaaabbbbbulous"" loft apartment on Lorain Avenue. HA! Impossible! Lorain Avenue+fabulous is utterly inconceivable. Anyhow, I was busy grocery shopping....reprovisioning the house for Autumn (I only get groceries, like, once every 3 months) and wondering why I keep dating people who live in my neighborhood. Note to self: quit that.",49663,0
29638,male,"List of things: STOMP opens tonight Full moon crazy ex-boyfriends resurfacing by the dozen Body wracked with aches and pains from acts of contortion (rehearsals, baby) Rehearsing acts of contrition at other show sigh",49663,0
29653,male,hello 2002! namaste,49663,0
29669,male,"at the end of the yellow brick road... It's weird, we finished up today after a nearly sold-out matinee and hit the whole strike routine. For you non-theatre types, that's when the sets, lights, costumes and all other technical equipment gets packed up and loaded out of the theater. So, you finish your last, show, change out of costume and makeup, meet any friends...and instead of heading off to dinner or a party or whatever, you help deconstruct the very thing you've been working on for weeks or months. It's always a weird time. Most of us were happy to finish our run, but it's always a little sad to say goodbye. I feel very fortunate to have had the opportunity to do the show with one of my best friends, Phil, and to have had the chance to work again with Ricki. I've been on one of the most celebrated journeys a performer can take...a journey in an iconic role, recognizable to 95% of the population...getting to know the ins and outs of a great new character (I was the Tinman once before) and getting to hit the bricks with so many wonderful friends. When I look back over my shoulder, I guess I'll always see Scarecrow, Lion, Tinman and Dorothy (and even Toto) waiting patiently in Oz, at the edge of the Emerald City...waiting to welcome me back. Oz has the most amazing ability to enchant the audience, and how could you not be in love with magic like that? Longing for the very things we cannot see in ourselves, and ultimately finding them, is the magic of this place, and I shall miss it greatly. Goodbye Scarecrow...I think I'll miss you most of all.",49663,0
29701,male,"Lisa's wedding is this evening, so I am looking forward to sharing in her big day! Out to Long Island this evening at about 5:30. Still not sure how I am getting back...",49663,0
29765,male,"Dear Sis, I am currently writing to you from the all-too-chic Hudson Hotel on the edge of the Upper West Side and Hell's Kitchen. I don't have enough black in my wardrobe...that's what I've managed to figure out while here. I met with Philip tonight and handed him the new CD. He seems quite excited AND excitable...which is how people should feel about our show. I think he has quite a good surprise awaiting him upon his first listen... Again, you've done remarkable work with the new recording. I forgot to remind you to put the new Cowboy TV vocal on...the stale old boring one is still on this version. Are we gonna change it? Do I need another new take? Ah well... Hope all is well with you. Much love to you and Lucy! Cheers, Todd",49663,1
29780,male,"Hmmm...my psychic self is really HOT this week. I've had three (count 'em 3) accurate premonitions/sensory experiences. At this rate, I'll be ready to open up shop by this time next week!",49663,0
29787,male,2 more reasons I believe the Apolcalypse is upon us: Backstreet Boy on Bway Doogie Howser on Bway and let us not forget this,49663,0
29799,male,"We here at unextraordinary.com are starting a brand new project which we have been calling, in all of our research and development meetings, Romancing the Steve . It's an investigation of the dating habits of a wide range of men across the spectrum of sexual orientation. We began wondering why all of our fabulous female friends were single...and then we started wondering why we we still single, and decided to do a little digging. Just why is there wide-spread singledom? Why are perfectly perfect guys going undated? Whose fault is it? Why should we succumb to the pressures of coupling? Why won't that total hottie just go ahead and ask me out already? We are in the preliminary stages of our research and writing, but we're looking forward to publishing our first profile soon. If you're a dude and think you're ""normal"" and would like to be profiled in our series of articles, please contact us via email . Who knows, we might get you a date... We here at the unextraordinary.com research labs will bring you quality data, indices and results galore...complete with easy to understand charts and graphs, so stay tuned!!",49663,0
29811,male,Thanks to the fabulous Christine Yano for the following four pics from the World Cup competition in Salt Lake City!,49663,0
29814,male,"Todd, Yuki and Noelle rinkside at the Olympic Oval",49663,0
29832,male,"weird spring My yard is an ice rink. Seriously. After the massive thaw yesterday, my lawn was sopped with water, and a 2 inch layer of water puddled over much of it. After the re-freeze last night, I woke to the the sight of Nancy Kerrigan and Brian Boitano rehearsing on my new lawn/pond/rink. If you ask me, they have a lot of work to do before going out with Discover Stars on Ice this season. At least, after what I saw. Granted, they had some issues with the neighborhood Great Dane, but still...",49663,0
29872,male,"welcome to the world! Marissa Margueritte Pykus, my niece, was born this morning at 10:40am at University Hospitals. Both baby and mom are doing great! I hope to post a picture of the lil punkin soon!",49663,0
29918,male,"excerpt from Where Birds Gather ... Awake the past three fall mornings lying next to the gently breathing, warm, warm man pale with dreams and sweetened by the naivete morning brings. His arms around me - keeping me from moving - from leaving him. The very sweetness of his soul slips forward with every drowsy breath rendered. Sometimes, when he's deep in sleep, his lips form shapes and he utters garbled, unintelligible sentences...as if he were at once speaking to me in code, and muttering secrets meant not at all for my ears. When morning blooms and we both stumble ungraciously into consciousness - when reality retaliates for all of the stolen moments, we are thrust into a coldness - bright light silvery and gray. There is no warmth here - no comfort, no embrace. Only quick morning ablutions and a swift retreat to schedules, oxfords and work. But, in those moments when it is still, when it is still darkness and quiet...asleep with him, afloat in the warmth...I memorize this.",49663,0
29946,male,It's busted. Still migrating. Miss you! -Todd,49663,1
29953,male,"Do I seem concerned? Well, I am! Something has clicked inside me...barely audible...but I cannot bear any more of this hyper-conservative rhetoric. I used to be able to roll my eyes and drop it...but I find it impossible to do so any longer. There is an increasing acceptance of discrimination against the GLBT community, and I find that completely alarming. If you are a fair-minded person, what have YOU done to stop the disrimination to the GLBT community? If you have stood by as this ""defense of marriage"" legislation has passed in Ohio, your apathy makes you complicit. This stunning (or not-so-stunning) legislation is just one more reason why young, talented and creative minds are leaving Ohio and other locations where discrimination has been legislated. I may not want to be ""married,"" but I know I do want to be able to share benefits, hospital visitation and inheritance rights, among many other basic rights. This has never been about special rights...it is about EQUAL rights. I am seriously pissed-off right now. You should be, too.",49663,0
29996,male,"OK, yes, I know that I have been lax in writing and stuff. I have yet to get to adding back all my links and stuff. I'll work on it. Promise.",49663,0
30014,male,"Heyz, decided to do away with Blurty. Welcome to my new blog! I AM VERY HUGGABLE! hehe... *bu yao lian* Anyway, srsly hope to see all the Stanford EPGY and XSLC ppl more often! YOU GUYS ROCK MAN!!! My hols have been great thanks to EPGY and XSLC! Budden this last week of hols suck... 4 Shakespearean Plays, Aristotle's Poetics, Sophocles' Oedipus, school homework, LKY Memoirs Presentation (IN CHINESE!!!!), ACE work etc etc. ALL IN LESS THAN ONE WEEK! ARGH GOING SIAO!!! HELP ME!!! argh argh argh... anyway, welcome to my new blog again!",3713700,0
30043,female,"Its just gone 6pm on Friday night, think I am about the only geek still sitting at my desk. Everyone else has gone home to this lovely weather for the weekend. It looks absolutely stunning outside though, the sky is blue and you can just imagine the breeze on your face if you were outside. Well a week down here has past and I actually think I have learned a lot not just physical things like how to use flip etc but also the thoughts and ideas that people round here have. You can be as techie as you like but if you dont work in the environment of these people you dont know how they generate ideas etc.... Have learned how to do flip though which is cool, feel like I am adding more stuff to my CV which is great. Flip is, as I use zoomtext not the most of accessable things. If you use it on the whizz thing it sounds like Whizbit but isn't, then this isnt. When I use html I want to be sick all these codes and numbers etc it makes my eyes crazy and I can barely focus on it. I have got the hang of it and undestand what I need to know at the moment but it does take me longer than otehr people I would imagine. I feel like today has gone quickly as well I have been busy finding content and coding so now feel like I have earned the weekend. Parents are coming tonight, they sounded a bit stressy on the phone as they had not yet arrived at my aunt and uncles house. I really dont want to deal with stress. I am going to be cooped up in my flat all weekend basically anyway while they go do stuff. I dont really mind it if they are having fun but its going to be really hot and It is nearly unbareble when it gets like that in my little goldfish bowl. Anyway am a real loser sat at my computer!",4070391,0
30063,female,Young and Bobby ,3950786,0
30185,male,"My daughter Camille, and me...two days ago. Today is my first Father's Day, and I couldn't be more proud of that fact. I only hope I get to spend a moment with her. ",3342307,1
30201,female,"    Rating : **     Seen Via : In The The Theaters     Buy This Movie : Not Yet Available    This was honestly not a very good    movie. I really loved the actual premise    of it, though: evil fighting evil. The necromongers were pretty damn cool, as were the Furians, which is what Vin Diesel's character Riddik is. They didn't delve deep enough into the story, however. What was with the Furian eyes? I know they were special, but we just don't know. Also, this movie was too predictable. All in all, this movie was exactly as I had expected it. The plot was flimsy, but the action was good. The dialogue was absolutely hilarious, though. My favorite line was this one: ""It's been a long time since I smelled beautiful,"" uttered by Riddik. Damn, I almost had to hold my hand over my mouth to keep from laughing to that. Seen on June 18, 2004",3578643,0
30215,female,"In Theatres 1.King Arthur 2.Stepford Wives 3.White Chicks 4.Spiderman 2 5.Shrek 2 6.The Notebook 7.Sleepover 8.Harry Potter 3 ""The Prisoner of Azkaban"" 9.Day After Tomorrow 10.The Chronicles of Riddick 11.Garfield 12.Dodgeball: A True Underdog Story 13.Two Brothers 14.The Terminal 15.Anchorman Coming in theatres 1.A Cinderella Story (The rest of the movies will be updated later)",3857776,0
30231,male,"Ok. So I am at the Wendy's drive through. Someone mutters something out of the speaker box and I assumed she wanted my order. So I go ahead and order a classic single with cheese....5 seconds of quietness...""Can you hold on one moment please?"" I was like ok. She comes back a minute later and I proceed with my order. I know I was speaking clearly but she still had trouble with my order...hmm I wonder why. ""$4.59 please drive up"".. I drive up, and there she was, ON HER FREAKING CELL PHONE!! She told me how much my order was and I pad her. And when the guy behind me is about to order, she tells him to hold up. All this just because she wants to talk to her girlfriends on the phone. Idiot. She should a deduction from her pay for that. :) Oh yeah! On my way back from Mexico City I had another experience with an employee. This time it was with a stewardess. I called for her by pushing a button so she came. The drinks had already been served but I wanted more because my mouth was very dry. Not cool. So she came and I asked if they were still serving drinks. She let out some breath (kind of like a sigh, a kind of ""ugh"" sigh). My aunt and I were like wtf. So she asked what I wanted and I told her I wanted a sprite. Damn small cups they serve you. So as she is leaving she asks if I was asleep and I said no. So I think this made her more pissed off. This is no way for a stewardess to act. Thank god my mom wasn't with me. She would have blown her head off arguing with her. I was going to tell her something, but it was no biggy so I let it go. So she finally came back, not with one, but two sprites. It was her way of telling me (Spanish)""Ten, para que ya no estes chingando"". I don't know how to say it in english exactly. I don't think it would have the same impact. It's like saying ""stop bitching"" or something like that. Even my mom, who was a few rows further, asked for another drink and got it from a guy with no problem at all. I guess it was that time of month for this lady. Imagine, all cramped up and trying to balance yourself while serving other people, ouch. If it was bad enough to keep her from doing your job right, then she should not have gone to work then. Anyways, It's Wednesday night (more like Thursday morning). I have been shopping these passed coupled of days for some items that I am missing for my trip to Boston. I am kind of freaking out because I have no idea what to expect. I have never been in a situation where I would have to room with a complete stranger. I hope all goes well. I think I'll start packing tomorrow, Thursday night. Hope I don't forget anything. I haven't been doing much otherwise. Just been to the mall with my mom, bowling with some friends, and going to the gym. That's about it. I will probably update one more time before I leave. Ohh yeah I forgot. Just in case any of you wanted to see pyramids I visited in Mexico, below is the link to a photo album. The pictures are alright. Nothing big, except the pyramids. Enjoy. http://homepage.mac.com/edwardg87/PhotoAlbum6.html (Note: None of the photographs have been cropped or edited. I will have to do that sometime later.)",3562660,1
30248,male,Playing : Ying Chang You - Wo Shi Fou Hai Ai Ni My period came le.. So pain. Kaoz~ Fever somemore. Headache.. But can't get to sleep. Guess i drink too much cold drinks recently. Cos stupid weather so hot.. Took painkiller le. But nt much effect. Sucks leh.. Help! Why must girls have period.. So unfair~ Nicholas called me ytd evening.. He's unreasonable.. Ask so much abt wad i wear wad during these period of time. Really can't stand him. Tink i shall forget him le. Find someone tat's best for me. But so afraid of getting hurt. Haiz~ Xu3y!,3735488,0
30249,male,"It's named as ""Let's put the pieces together"" Thank you for remembering very single word i say. I really love this. And i know it's damn ex. Thanks.. Really.. I always admire but dun bear to buy.. Cos v ex. Shouldn't have waste so much money~ And that pig pillow. Thank you v v v much Soonyong.. =) Playing: Wang Li Hong - Ni Bu Zai Didn't go for fireworks.. Sad sad.. But Soonyong send me MMS of the fireworks. Nice.. Thanks~ Didn't go cos went dinner with family.. =) But very happy also.. Ate alot.. Heex! They bought a cake for me.. Sang birthday song for me. So embarrassed. So many ppl there. And my stupid bro purposely sang v loud. After that meet wanying at lot 1.. Sis drove me there.. Den meet ken yq & tl @ orchard Indo Chine Cafe! Again~ Juz went ytd. But it's a nice place. The atmosphere v nice. Haha~ They bought me a cake too. A v small one.. Very touched. Tot i will be spending alone wif wy. Wanying gave me a kiss on my cheeks. Heex! We played ""Zhong Ji Mi Ma"" Haha~ With mixture of so many cocktails. Very funny~ Really enjoyed. Thanks.. Receive 20++ msgs. Many hor? Surprised.. Alot of unexpected ppl msg me. But expected person didn't msg me. Quite sad.. But anyway, i have my friends.. enough le. =)",3735488,0
30250,male,"Roses from Zongxian.. Nice? Shocked to see these roses seriously.. He told me he will be waiting outside the garden. I didn't bothered.. Cos i dunno he's serious. But he rang me up last nite. Asked wanying to answer. He really is outside! But i'm at orchard. If you're viewing this, i want to apologize and thank you. Really.. I appreciate. Very touched. But dun be silly anymore. Give up ba~ I've make my stand clearly ya? I'm not worth it. Like wad u mention in the card. Good luck in O's.. Thank you very much. And i'll work hard for it. =) You too.. Take care~",3735488,0
30268,male,Hmmm i was watching the bachelor the other day.... then when they had the clip of kelly jo ( the bachelorette that got dumped) i felt so sad.... seriously i tried so hard to relate my grieve then i got her..... yeah thats rite... you felt cheated and u noe that its gonna happen sooner or later and u forgot dates other ppl not only u.... u gave ur all and then the guy said sorry and leave with another gal leaving u so heart broken and helpless.... ppl judged her and she has to put up a brave front... thats exactly what happened to me.. except that i wasnt on tv.. im ready to move on but the scar still stays.. i got a low healing process.. either matters of the heart or literally.. seriously pal u know who u are and if ur reading this.... call me cruel and freaky.. but i would love to make ur life miserable... i think im entitled to do that and u deserve it.,3971038,0
30376,male,jamie making me proud! ,4123217,0
30415,male,"I love you. I always will. It's sad you can't love me too. I will always have fond memories of you; of the memories we shared, the dreams we cherished, the little times we were together and happy. Struggling to find the words for what I feel, being at loss for the right ones. Missing you, having missed you, longing for your sincere touch. Wondering if I can ever find someone to fill the break in my heart you leave. It was a mistake taking you in... A mistake I have paid for, a mistake I have to live through. And the ironic part is its a mistake I can't regret making. Thank you for letting me love you.",687054,0
30469,female,"i've spent another sleepless night, tossing and turning...wondering and worrying...dreaming of that which i strive to do, fantasizing about where i will do it...what can one do, one whom is restless in spirit, who needs to run??? to run is the answer, run again and sleep again....",2169579,0
30482,female,"go figure, i ask for something and i get it. isn't it amazing!!! it's a good day and i hope it stays that way!!!",2169579,0
30516,female,"yeah, i got it going on! my shit's all taken care of, only one more class to read for and a day an a half to do it! that means i'm gonna chill out w/sex and the city, but not before workin it out at the gym! college is the life baby!!! ps... k, sorry, but i can't shout everyone out in this blog. hi to everyone!!!! that's the best i can do, but don't be mad, if i haven't shouted u out it prolly means ur not wack!!! hehehehe ;)",2169579,0
30524,female,"lol, operation e.l. is a huge flop! go figure... anyways, keep warm kiddies, it's freakin kold!!!",2169579,0
30555,female,"okay, so i tried sumthin and it didn't work out. that's kool w/me. it's how i learn. i'm not gonna play games and talk in circles or play childish games, i got my priorities in order. they are: me, me and me. thta my sound selfish, but think about it. who else has my best interest in mind? no one. so if i don't take care of number one, no one will. so be it!",2169579,0
30571,female,"ppl are so damn funny! they think they r original, they think their kool and they think i won't find out. hahahaha... u'll neva get me and i won't give u the time to try. keep playin ur foolish games and enjoy ur ignorace, i hear it's blissful. anyways, i'm rockin my time here, for no other reason than it's mine!!! cya in st.louis!",2169579,0
30681,male,"Im posting before school :D Drank up on lots of Starbucks, shot some Peptobysmol down, and I think I'm ready. Don't wanna really go to school, but theres 2 more days left, and there half days, so I guess I will live.. :[ Somebody stole my math book, I might have to pay a whopping $60. Yeah, right..... Ok, Off so school. BUH BYE.",3726004,0
30713,male,"Linda's gone. Well, she's still in town tonight, but I won't see her again before she leaves tomorrow at the crack of dawn on her way to the Pacific Northwest. I'm trying not to be sad about it, but in the short time we've been keeping company, I've really grown to love the girl. Last night I baked chocolate chip cookies to take to her parents' lovely semi-rural spread out west of town for a going-away dinner with grilled prime rib and salmon (I went for the beef, natch), then headed back to her house to take bong hits and watch Pulp Fiction with Linda and her roommates. Afterward, we retired to my place to spend our last night together. We hit the sack fairly early (right at about 1:00 a.m.); I woke up before my alarm was set to go off at eight, and first thing, we indulged in our final roll in the hay. She always likes it best in the morning, which is just fine by me. It's a good way to start the day. I made fried ""Ham & Bacon""-flavored Spam substitute, eggs over easy and jumbo flaky biscuits with coffee and orange juice for our last breakfast together. We sat at the table in my little kitchen looking at each other, talking and laughing as we listened to the Shaggs' Philosophy of the World, which I just burned onto CD for her. (I sent her an eight-disc care package for the road.) She left to meet a hair appointment, and I sat around in my underwear, picking through some piled-up e-mail and listening to John Coltrane. I was supposed to be finishing up the paint job on Curtis Wilkerson's house, but the past two days have been rainy, which pretty much blows the workday on that particular project. I'm not terribly sorry, though, as I needed a break from all that ladder-climbing and sun exposure. The sunburn I got a week ago is peeling like hell now; my upper arms look like they belong in a burn unit. My ex, Frida, came over on her lunch break; she needed her Honda back, and my car is all right now that I know what's wrong with it, so we did a two-car convoy over to the house of broken dreams and she returned me to the Troubador so that I could float a check and get some coffee and cigarettes. While I was sitting at the bar there nursing a big fat breve, Linda called and asked if I'd help her finish packing up her things. How could I say no on her last day in town? We ran some errands, packed her things into her dad's Suburban and the small U-Haul trailer hitched to it, and inched our way out to her folks' place in the country with me at the wheel of the giganto 454-cubic-inch-V8-powered SUV. After dropping off the truck, Linda and I made one last return to her place to cram a remaining few items into her mid-sized sedan, then she took me back to my apartment. On the way, as we held hands in her overstuffed car, I said, ""You know, this may be the last time we ever see each other."" ""Don't say that!"" she snapped, incredulous. ""Of course we'll see each other again. I'll be back in a few months for the holidays, you know."" ""Let me finish. I'm trying to say that even if we never see one another again, I want you to know that I'm so very thankful for the time we've spent together, and that I've cherished every moment of it, OK?"" Linda wheeled the car into the parking lot behind my building, and came up with the idea of snapping a picture of us together. I held her little SLR camera at arm's length and took a couple shots. We embraced and kissed and moon-eyed one another for a while, neither of us wanting to really say goodbye. I took the can of coffee, the big serving bowl and the plant she gave me and headed up the forlorn stairs to my apartment as she literally drove off into the sunset. I don't know why I felt so close to Linda right off the bat when we first met; I guess there's no explaining that feeling of casual, easy familiarity people sometimes find between themselves and strangers. Buddhists believe that people are reborn after death, and that sometimes we run into the same people in different lives, though the relationships between two such familiar souls are often vastly dissimilar from one life to the next. I don't know if that's true or not, but if so, perhaps it sheds a little light on the subject. In the end, it doesn't matter why Linda and I both immediately gravitated toward one another. We shared our inner selves in numerous intimate conversations, laughed a lot, had transcendent sex and just generally enjoyed each the other's company. And no matter how much I try to put on my good Buddhist face and let her go without attachment, I know I'm going to miss her very much. She's been the one bright spot in the rocky-bottom tumult that has been my life as of late. And for that, I could never thank her enough. Godspeed, baby. Brannigan",3369637,1
30740,female,The larger version of the horrible slowdancing picture. Neither of us are photogenic. I thou swear'st.,3854680,0
30800,male,"Once in your life you find her Someone that turns your heart around And next thing you know you're closing down the town Wake up and it's still with you Even though you left her way across town Wondering to yourself, ""Hey, what've I found?"" When you get caught between the Moon and New York City I know it's crazy, but it's true If you get caught between the Moon and New York City The best that you can do... The best that you can do is fall in love Arthur he does as he pleases All of his life, he's mastered choice Deep in his heart, he's just, he's just a boy Living his life one day at a time And showing himself a really good time Laughing about the way they want him to be When you get caught between the Moon and New York City I know it's crazy, but it's true If you get caught between the Moon and New York City The best that you can do... The best that you can do is fall in love When you get caught between the Moon and New York City I know it's crazy, but it's true If you get caught between the Moon and New York City The best that you can do... The best that you can do is fall in love -Arthur's Theme, by Christopher Cross",3361723,0
30803,male,"I guess I kinda forgot until tonight when I was talking to an old HS buddy I hadn't talked to in a while. He asked what I was doing, if I was still in the AF. I said yeah, I work on F15E's. I think that's one of the coolest answers you could have. ""yeah, I work on the jets that go blow the fuck out of the bad guys."" :D",3361723,0
30809,male,"I think i need to quit psychology. I think it's fucking me up. there is just something wrong with me. nothing can be simple. recently at work, (one of the many) things I'm made fun of for is ""why?"". ""why?"". ""why?"". I'm referring to the mocking they do of me for uttering this word, apparently too many times. I'm sorry i like to learn, to know why things are the way they are. the more you know about something, the better you are. i am constantly riddled and abused by my co-workers (superiors, actually) to ""stop asking why"". shit. I almost did it again. (why?). fuck. you know what? I just decided to shut my goddamn mouth. i have nothing else to say, nothing else to ask. but god dammit, i know that i'm capable of being ""normal"", if just one woman would give me the chance to crawl out of my shell. one such woman did give me the chance, and actually nudged me, but things were null from the start, so it was a moot point. but dammit, it felt good, to have someone so close to me; who knew me. the REAL me. this is all a great facad. a great show. people wear masks to hide themselves, i must have like fucking a million masks on, it takes so long to get to the real me. and I do it on purpose because i'm afraid. but i basically just fuck myself by trying to shield myself. it's a catch-22. actually, it's kinda funny, because now that i think about it, i think that the mask on the outside is probably pretty close to the real thing (in the proper environment). but i think that people are so used to seeing masks, they don't think what they see is real, so they don't believe me. it's bullshit. why dance around, just so you can find out the real person underneath, when they could just tell you upfront and skip all the bullshit. it's so much easier to do the latter.",3361723,0
30810,male,"So I saw spiderman2 tonight. kick ass flick. go see it. I'd say it's like 85% as good as the first one, but it's always hard to meet or beat the original. anyway...I'm not going to ruin anything for you fuckers, so just chill. all I'm going to say is that they talk some about how everyone needs a hero, and that you shouldn't change who you are. you are who you are. I really took that to heart, and yes that's lame of me, but it makes sense, and I sorta got some glimmer of hope from it. I think I'm hanging from a single thread here, and I'm _this_ close to cutting it myself instead of letting it break. I'm sick of just hanging here, for all to see, and mock, and laugh at. It's BULLSHIT. but yet again, I see a sign. not a fucking sign from god in a religeous aspect, but in a ""haha, you fucker. take this. in your face"" aspect. prick. Let me explain. tonight, in my boredom (not so much boredom as pitiful me), I'm browsing the personals on yahoo, as I do every now and then, and I'm like, fuck goldsboro, this place sux. so I go search Columbus, OH, where I used to live. I'm moving back there when I get out of this monotonus, ass-kissing excuse we call a job. I'm sorry, but I kiss no one's ass to move up the ladder. I will work for my pay, and not by making my knees sore. I prefer to earn what I reap, not skim the top. anyway, I'm moving back to cols. so I'm browsing, and I come across this ad. Nicole (I hope she doesn't mind) She is absolutely gorgeous. And the intellect to go with. I tried my damnedest to get in touch w/her. Icebreaker. searching the member directory, and finally, actually (attempting to) PAY YAHOO to email her. Yes, I was actually going to spend $20 to send an email. That's the level I have reached, and it's not the first time. only THIS TIME, this is where god, murphy, and who the fuck know who else intervened and as a group got on a microphone and yelled in my face ""F U C K Y O U, S E T H"". Yeah, the shit wouldn't go through, so I couldn't even send a goddamn email. why does god hate me? he must. someone does, and I'm sorry for being stupid, but what did I do to piss him off? he must be a woman, because I don't understand what I did wrong, so I don't know how to fix it or not do whatever I did. it's fucking stupid. this is the part where I stop giving a shit. I don't need to spend anymore energy watching my hopes become the hindenburg. I just can't take the ups & downs, the stress, the bullshit anymore. i give up",3361723,0
30854,female,I was very BAD this morning. WD gave me my wake up call (from his weekend away) and I went back to sleep for another hour. Messes me up a bit for the day. I went bowling and did a good job :) got two games over average. Oh and I got a WHOLE box packed ready for the move! I'm having a quiet night now that WD is back. He took me out for dinner and now we are watching some tv so I best be off the computer.,3725668,0
30872,male,"the time stamp on my blogs are off. my time zone was set for LA. not that that's bad, it's just that i'm in hawaii. so i'm like 2 or so hours early for my blogs. finally fixed it though, hopefully. very odd. it's like traveling to the Philippines. just got back 2 weeks ago. left manila at 3 in the afternoon on june 12. arrived in hawaii at 7:30 in the morning on june 12. i came before i left. weird. and get your minds out of the gutter...",3773066,0
30995,male,"i would have never wished for any of this in a million years, the thought of it alone is repulsive. yet in the same reality this has been such a positive boost for you and i - everything between us is seemingly improving, from our ambition too our love, to our sex life. everything just is amazing right now yet pitiful at the same time. i would love to go back to how we were doing simple things, living with one another and spending every waking hour with one another - yet would the ""spark"" die if such a thing were to ever happen again? do we get along better when we dont live with one another? i don't know... *sigh*. i'm realizing ... we are realizing so many things with this distance between us now - things i think we needed to realize... i just wish they were things that could have been realized while we were living with one another. who knows what the future holds for you and i - but one thing is for certain.. from the sound of it your not going anywhere - you love me to death and nothing is going to come inbetween that - nothing. that would be ""shallow"" i believe was the word you used for it. *(sigh)* tonight we watched the american idol finale and it was just amazing, could things have been more relaxing for you and i? its pitiful i was so captivated by the moment of you and i laying together / sitting together / sitting on top of one another that i could hardly focus on the tv to watch the show. then the songs that they were singing were just so ironic to the situation that you and i are facing right now... tonight was just so sureal. -goodnight",9289,0
31017,male,"we finally came to the ""official end"" of our legacy. i'm sad but spirited, sulking but joyful. it was that time we couldn't go on anymore struggling to stay happy, having to hide under the radar from families to stay joyful. every good thing has its end, and tonight was our end. we ended as best as could be expected, with a hug, and a good-luck. do i see anything in the future for her and i? i don't know - i made up my mind a few weeks ago i'm trying not to think of her at all in my future because when i do that all of this hurts more... i miss her.. i love her... and i'll always care about her, she will always remain special in my heart...she can always call me when she needs too. i love her. so tomorrow i start on to a new journey - one which i'm excited yet scared to death of. i'm going to start our simple my 1 year plan goes as follows: 1. job security 2. finance security 3. family 4. friends 5. relationship i think i'm going to take a couple months off of girls in general...that way i can focus on myself. something i need to do. so no more booty for steve for months to come... no more anything really. i'm changing my life.. and the change starts now... right this minute... going to bed early :) -goodnight",9289,0
31042,male,"i breathe in and blow it back out watch the smoke come floating out of my mouth. i lean my head back and close my eyes and rest my body on the couch. i begin to have thoughts of how i survived how im still here how im alive. i dont know when it happened or how but its then i really begin to realize. i dont feel the pain i dont think of you in vain to me your just a memory just a name. i dont feel abandoned or left alone to rot i dont wish you were here im glad that your not. i miss what we had but not all of the bad and i wouldnt take you back cause it would all come back. i will search out another treasure that does not ever bring pain but only pleasure.   i pick up my head from leaning back on the couch i open my eyes and i know what all this is about. i put out my cigerette with ease of mind, finally feel relaxed for the first fucking time. i just realized where i am, im alone and surviving its proof that i can. i felt the need to write what i realized tonight i know its a little sappy but thats alright i couldn't help but share with everyone... im finally fucking happy .",9289,0
31192,male,MERRY CHRISTMAS Merry Christmas everyone. I attended the mass at a Catholic Church in Noida on the midnight of Christmas. Carols were sung and the service was held in Hindi & English to mark the arrival of the 25th Dec. It was fun.,1709399,0
31316,male,"How to tell if your boss is happy ? Found this nice Story. A little boy went into a drug store, reached for a soda carton and pulled it over to the telephone. He climbed onto the carton so that he could reach the buttons on the phone and proceeded to punch in seven digits. The store owner listened to the following conversation. The boy asked, ""Lady, Can you give me the job of cutting your lawn?"" The woman replied, ""I already have someone to cut my lawn."" ""Lady, I will cut your lawn for half the price of the person who cuts your lawn now."" The woman responded that she was very satisfied with the person who was presently cutting her lawn. The little boy found more perseverance and offered, ""Lady, I'll even sweep your curb and your sidewalk, so on Sunday you will have the prettiest lawn in all of North Palm Beach, Florida."" Again the woman answered in the negative. With a smile on his face, the little boy replaced the receiver. The druggist, who was listening to all this, walked over to the boy and said,""Son... I like your attitude, I like that positive spirit and would like to offer you a job."" The little boy replied, ""No thanks:) I was just checking on the job I already have!""",1709399,0
31410,male,"3 days away from the aboninable sound of tapping on the key board, ( the 3 day week end was a ""operation success"", the commando operation deviced in this pudding-head...BUNKED work with the excuse of Bad tummy ) a long restful week end.All this I consider a treat for myself, question of whether meriting or not has no relevance here. Its like the first breath of air after you dive 30 feet deep ..whoaa the gush the relief,what an anology started the week end in a pretty shakky way, friday evening and ,my brain cells were annulled by the bangalore taffic ,and then to add to my agony ""I PRESENT TO YOU ..the man who crosses the road blind"", damn i felt like running him down. and there he was the mirthful ""RAJ"" himself, i think that is what i wanted after having such a disastrous day. The string of events start from then, for the next 2 days i slept 9 hours (i dont believe it) ,though it was made up to on monday, when things were happening so fast i ll have to brain storm to recollect the wierd things we did 1)stay awake and entertain each other with prosaic ghost stories, though a few of us did get spooked. me too me too.. when it turned out that there was no power in the house, what a conjunction. 2)Do the ""Wall trip"" all nite and freak every body, and hoodwink them into believing that they were ""DEAD"".... paramapara .. i m a GOD man now ""the man who conquered death"". 3)Play B-ball after night out--every body had their eyes closing even before they said ""i'm sleepy"". There were more to add but amnesia has taken over,who can avert the obviate. Monday revitalised me ,13 hours of sleep and a dainty ""MALLU"" lunch to top. Wish just wish they would pay me the same lump of currency to just sit in ""Shiva MESS"" or ""Achaayan MESS"" and treat my taste buds to the full,ah ah ..wait or I could just jump of the building and drift like a feather ,float down to the lap of that beautiful lady I saw at ""KABAAB MAGIC"" or just walk on one hand till the whole world follows me...fataaak... u can do a better hallucination than that Anoop.",2664253,1
31434,male,"Thats the back of Colton's head, Megan, and Ashley... ",3858393,0
31468,female,"I'm not sure why it's so hard for me to post. Probably because I wonder who actually reads this but then again what difference does it make? I'll just say whatever with no specific purpose or audience in mind. I have a difficult time committing myself to anything. It's amazing I've committed to a relationship. Life is strange sometimes. It's strange how one day someone is your closest friend and months later you've lost contact. It's strange how in college you are forced to make a career decision only to find out years later that you've made a mistake. It's strange how things that you once cared about aren't as important anymore. It's strange how what was once inconceivable is now understood. What other surprises does life have for me? I wonder. Why is it that I always seem to miss the past even though at the time I was bored? For example, when I lived in and attended college in Bowling Green, Ohio I was ready to move on. I couldn't wait to graduate and begin working. I don't mind my ""grown-up"" life, but sometimes I miss my college days. I miss sitting on the porch at my apartment and watching the rain. I miss making pizzas with my little son who now feels he is responsible for me. I miss my friends. I miss the exploring girls (plural because there was more than a few)and sex with girls. I talked to my ex-girlfriend the other night. The only one I've ever loved besides my current girlfriend. She told me that I required time. I remember her saying that to me years ago and thinking to myself ""What a silly b*tch!"" Looking back, I realized she had a point. I've always felt like no one knew me better than myself. I'm like Shrek, you know. I've got layers! I've always felt like as my current girlfriend puts it, I've long ago come into myself. Now, I realize I'm constantly learning new things about myself. I'm sometimes surprised by what I find. I'm so much like my parents it's frightening! I'm not 100% satisfied with my life, but I've felt more content in these ""grown-up"" years than ever before. For once, I don't feel like there's some other place I should be or doing something differently. I'm okay, you know? I don't like my job (teaching), but at least I have job security, benefits, and a decent salary. That's more than many people can say in these days of Bush. I've got plenty to be thankful for. I've got plenty to pray on. I've been sitting here for the past few months watching and listening as the lives of others unfold. There's a lot to be said for observation. Partly, because the observer sees it all from start to finish. The observer isn't distracted by the actual events and people because the observer isn't involved physically or emotionally. This one in particular has helped me to understand that there is no magic age of understanding and wisdom. Everyone does it at his or her own pace. People are still figuring things out well into old age.",3125684,0
31470,female,"Summer is here! Ahh, yes! It is the season for Country Time Lemonade commercials (speaking of which; where are they?), grilling, dressing less, and children playing in sprinklers. I love being a teacher mainly for the summer breaks. It makes 9 months of devilish torture and evil manifesting itself in children worthwhile! I have nothing meaningful to say today or anyday. I'm just acknowledging how wonderful the education system is in the United States. Teachers and students alike look forward to summer breaks, and during the school year the only real ones learning are the teachers. Students lag behind previous generations and prepare for a lifetime of minimum wage and dysfunctional home lives. You've got to respect and appreciate our education system today!",3125684,0
31571,female,Celebrating Caiting Bdae at Orch de lu bian tan~ ,3881934,0
31586,female,Twenty bully mi.. Sobbiex..,3881934,0
31597,female,SI dearx wid our certificates,3881934,0
31645,male,Priam's coming and I'm excited! YEAH!,2020552,0
31659,female,"This has absolutely nothing to do with the Peace Corps - well maybe there could be an indirecet connection (but you'll have to watch the film to find out)??? Anyway, Matt and I just returned from the new film The Corporation - it was incredible. I feel that everyone would benefit from seeing this film - it surpasses party lines - it is a must see! I've included some info below - please take a look :)   THE CORPORATION -- a film by Mark Achbar, Jennifer Abbott and Joel Bakan -- is coming to a theater near you. Visit http://www.TheCorporation.com/usa for more details. Check out the trailer at http://www.thecorporation.com/trailer/ Winner of the AUDIENCE AWARD for DOCUMENTARY in WORLD CINEMA at the 2004 SUNDANCE FILM FESTIVAL and numerous other awards including 7 audience choice awards. Based on the book: ""The Corporation: The Pathological Pursuit of Profit and Power"" by Joel Bakan. Available at http://gallery.bcentral.com/Gallery/ProductDetails.aspx?GID=5059307&amp;PID=3128968&page=1&amp;sortOrder=0 A darkly amusing account of the institution's evolution as a legal ""person,"" THE CORPORATION is a powerful indictment of the roots of corporate power. So, what kind of person is it? The filmmakers conclude that a person whose prime directive is to produce ever-increasing profit for it's shareholders -- regardless of the cost to people or the planet -- fits the diagnostic criteria of a psychopath. Featuring interviews with CEO's and top-level executives from some of the worlds largest corporations and critical thinkers: Noam Chomsky, Peter Drucker, Milton Friedman, Naomi Klein, Vandana Shiva, Steve Wilson, Jane Akre and muckraking filmmaker Michael Moore. More info at www.TheCorporation.com. Join us! http://www.hellocoolworld.com/thecorporation/maillist.cfm Talk. Learn. Act. Check out our interactive website features at The Corporation interactive: i-Corp http://www.thecorporation.com/icorp/ Visit DocBack http://www.docback.org/main.html  ",3973262,0
31680,female,"I have been a fan of the HBO original series for quite some time now. First they brought us ""Sex in the City"" which will always be a fav and a classic, then they gave us ""The Sopranos"" and ""Curb Your Enthusiasm."" But HBO has stepped it up a notch and has finally committed themselves to telling the true American story with ""Family Bonds"" a 10 episode series about a family of bails bondsmen and bounty hunters that live in Medford, Long Island. I just want to give HBO a whole-hearted thank you for expanding its horizons and telling the white trash story. It is about time the other side of the masses is exploited. It is getting a little old seeing poor black people being arrested, playing Sambos and making asses of themselves. The closest Americans have ever come to seeing this epic tale is through Eminem's 8-mile and the reliable mullet guild on Cops. I can't wait until the premier on September 19th!",4165198,0
31866,female,"thoughts on the matter of marketed identities this specifically addressed at the 'networking' profile websites where one makes lists of lists and then lists of those lists, everything kept as much on the surface as possible. mana for the masses, the privileged masses that is. thoughts related: 1. the marketing of identity is equal to the objectification going on in a magazine like playboy and in terms of meaning and potential to change the world is rather similar. 2. you can get so caught up in this creation of identity (which you believe is true) that you lose whatever you had in the first place. 3. the wish to have an identity to feel clear about it, it's human nature, to take it to an extreme, that erases human nature, and erases the possibility of conversation is what i think of as marketing one's identity. 4. it is about supply and demand (in terms of identity), it says something about world-order. 5. fabrication is easier than thought. 6. reappearance of ""irony"" as a way to make fun of anyone who has less, is less in terms of world order. i find it heavily disturbing in terms of collective psychology (which i am not a huge fan of to begin with), or as a cultural phenomenon; a definite/ limitted structure which creates nothing and is equal to manually killing braincells while rejecting absolutely any kind of meaning/ action/ creation. the fact that someone can reject any form of meaning and action not just in their own lives but in the lives of others, that is a PROBLEM when the world is going in the direction that it is.",3764815,0
31976,male,"Holy shit. Could work be any more intense this week? /chandler I've got data from two new radars, an EMI sensor, a seismic sensor, new data from an old radar, a paper to write and about 30 other different bug fixes and tweaks to do. It's insane. In any case I've been a total pony all week, staying up late working, waking up late, working, etc... It's like grad school all over again. Although I di kind of feel like maybe I'm back in the tons and tons of work groove - which is a good groove to be in when you've got tons and tons of fucking work. Weekend, where for art thou?",3571034,0
31994,female,"Today is a new day! I shall rejoice! Lord, I pray that You will continue to work in my life. I pray for love, joy, unity & peace to fill my entire household. I pray that we will bear with one another in love. Today, I'm going to clean up my room & tidy the house! Later going to exercise, playing basketball! Yeah! Tomorrow have to go to east coast. Pray that it will be a good time. Thank you Jesus!",3193122,0
32017,female,"I have learned to be content with everything I have now! Philippians 4:12 I know what it is to be in need, and I know what it is to have plenty. I have learned the secret of being content in any and every situation, whether well fed or hungry, whether living in plenty or in want.",3193122,0
32023,female,"A BEAUTIFUL ANALOGY! A man went to a barbershop to have his hair cut and his beard trimmed.As the barber began to work, they began to have a good conversation.They talked about so many things and various subjects.When they eventually touched on the subject of God, the barber said: ""Idon't believe that God exists.""""Why do you say that?"" asked the customer.""Well, you just have to go out in the street to realize that God doesn'texist.  Tell me, if God exists, would there be so many sick people?Would there be abandoned children?  If God existed, there would beneither suffering nor pain. I can't imagine a loving a God who wouldallow all of these things.""The customer thought for a moment, but didn't respond because he didn'twant to start an argument.The barber finished his job and the customer left the shop. Just afterhe left the barbershop, he saw a man in the street with long, stringy,dirty hair and an untrimmed beard. He looked dirty and unkempt.The customer turned back and entered the barber shop again and he saidto the barber: ""You know what? Barbers do not exist.""""How can you say that?"" asked the surprised barber.""I am here, and I am a barber. And I just worked on you!""""No!"" the customer exclaimed. ""Barbers don't exist because if they did,there would be no people with dirty long hair and untrimmed beards, likethat man outside.""""Ah, but barbers DO exist! "" answered the barber. "" What happens, is,people do not come to me. """"Exactly!""- affirmed the customer. ""That's the point! God, too, DOESexist! What happens, is, people don't go to Him and do not look for Him.That's why there's so much pain and suffering in the world.""",3193122,0
32037,female,blah i cant get this thing to post anything!,732116,0
32078,female,My kids will NOT go to a government school! http://www.orlandosentinel.com/news/education/orl-locmollie13081302aug13.story?coll=orl%2Dhome%2Dheadlines,732116,0
32108,female,MSN Entertainment / News I wonder if they were in the same part of Mexico as I was.,732116,0
32117,female,"Happy Weekend! Isnt it amazing that Sept is almost over already?? So last night Mike and I went to Zaxbys and got some chicken wings. We like the Nuclear kind. I would eat there every night if I could. Oh and we got some quarts from the Gate Station. As we ate dinner we watched Monsters Inc. It wasn't as funny as the 1st time we saw it. But, it was still good. I also bought a new DVD player last night. We have been watching the DVDs on our PS2. The PS2 just doesnt play all my DVDs. Either they skip around or the PS2 just doesnt play them at all. Its nice to have a real DVD player for a change. :) Today, I have been busy doing homework and junk. I need to clean up the house some but I'm too lazy. Maybe tomorrow. We just got back from Blockbuster. We rented Madden 2003 and Ecco the Dolphin. I plan on making cheeseburger pie for dinner. I really would like some chicken wings though. heheh",732116,0
32163,female,Muhahahahahahahah Eagles LOST!!!!!,732116,0
32198,female,I hear the Bush administration is considering a consumption-based tax plan to replace the income tax. Hopefully it will follow through. :) Americans for Fair Tax,732116,0
32246,female,Oh! AND.. I'm going to get scuba certified sometime this year....hopefully...,732116,0
32343,female,Another 2lbs gone :),732116,0
32383,female,I have had this horrible pain that comes and goes in my side since Monday. I went to the doctor for it today since there was a chance that it could be serious. He poked at me and asked me a bunch of questions and thinks its my gallbladder. He wanted me to get an ultrasound today but I actually ate breakfast. So now I have to wait until Friday. Hopefully its just some stones that can be dissolved if anything. My mother had her gallbladder removed back in the day and my friend Mandy just had hers removed this year. Must be 2 decades between their surgerys and neither of them seemed to have too much fun recovering. Oh.. and my Bp was high. Its never been high. Getting old sucks.,732116,0
32444,female,[Current Music - Red Hot Chilli Peppers - Otherside] Three days without smoking : ) Pat on the back for me!,4164518,0
32488,male,"I just tried this: Jenny Turpish Slapped Me: Quizzes - Better Personality . Wackiness: 66/100 Rationality: 32/100 Constructiveness: 34/100 Leadership: 34/100 You are a WEDF--Wacky Emotional Destructive Follower. This makes you a menace to society, depending on how you channel your energies. You chew your fingers and have an addictive personality. Properly guided, you can be enormously productive--otherwise you run amok, stir up trouble, and generally have a hell of a good time. To your friends, you are a source of relentless entertainment. You often get into trouble, but you almost always find a way out. You are strangely popular and feed off others' energy. You live hard, seize the day, and although your more sober friends would like to see you settled down, you generally have fewer regrets and better memories than they do. Your tenet is that, at the end of the day, one regrets only what one didn't try. You are right. You could benefit from outside help in balancing your highs and lows. Or perhaps cutting back on the caffeine. No, I'm not cutting back on the caffeine. But this is oddly accurate.",1908852,0
32517,female,"This entry is an apology to someone, once you read it you will know who you are Hi, lol. I have realzed over the past...hour that you and i are friends, and most likely will be (i can't predict the future). So with that stated, i want to say i am sorry for making a portion of your life really shitty and confusing. I know when we were together there was a part of that time that i was really a bitch (what most guys like to call a women :-D) and i know i was inconciderate, and confused, and not the best person i could be to you...I made every situation seem 10 times harder than it could have actually been, So i am sorry for anything that i did to have made any of this harder or more confusing, and i am sorry for blaming anything on you, because virtually nothing was your fault...and i understand if you are hurt, but i know we can still be really good friends, i don't doubt that. :) thats all, thank you. bye.",4027829,0
32540,male,"Disclaimer: those of you who expected some profound romantic personal ""thing"" will be disappointed; this is nothing more than some weird trippy RPG-like story that just happens to revolve around a girl (sort of). any events and situations contained herein do not reflect on my personal life, and those of you who choose to annoy me about it being otherwise will get beaten by a crazed lunatic carrying a stick. you have been warned. >_ he was staring up into the sky again, his eyes with the same blank expression he had always worn for years. he looked at the stars as if they were more familiar to him than the grass on which he lay at the moment. he was humming that song to himself again, his eyes closed. he stirred a bit and tried to stand up, but he decided to stay exactly where he was; the night was too beautiful to have it all end so abruptly. pain. there was only pain right now. he put his hand over his heart and ruffled his white shirt a bit, as if to remind himself of her. then again, how could he forget? he saw her everywhere--amidst the stars in the night, in the crowds of people strolling about the town below, in the darkness that consumed him whenever he would close his eyes. try as he might, he could not forget her. she was a part of him now; his heart was in her clutches, though this was much to his dismay. he rolled to one side, trying to forget about it; there were too many things to worry about right now. they would be coming for him soon, and he should have been ready hours ago. right now, his companions were walking towards him from somewhere in that town below. he was going to use that time to prepare for the long journey, the success of which proving absolutely crucial to the lives of far too many people. and yet, this was the least of his worries. he had no doubt that they would succeed. he had always been rather arrogant. the only thing on his mind right now was the memory of her--that smile she always wore, the sound of her voice, the mild aroma she emanates, the touch of her skin--these things possessed him, and no matter how hard he tried to break away from her, he wound up exactly where he was before. while it was very painful to remember, it seemed infinitely more painful to forget. distracted as he was with the thought of her, he still noticed the people who were inching their way towards him from the bottom of the hill. one of his companions, whose identity was hidden by a cloak, spoke to him. ""We must take our leave, child. We have given you long enough."" he sat up silently, his eyes poised at the distant skyline. he ran his hand over his heart again for just a second, and again his companion spoke. ""You were instructed to deal with this matter. I must say, I am disappointed."" without looking at the one who spoke, he muttered, ""...I'll be fine."" ""This can not be allowed to continue, child. Your condition has left you weak."" slowly, he turned to face his companions. he merely cracked them a smile. ""Has it?"" ""So be it, child, but remember, everyone, including her, will suffer if you fail..."" ""...that's not going to happen."" he blurted out. his tone had not changed, but his eyes turned fiery red in anger, his stare piercing the hearts of the men whom he addressed, the others merely looking at him in bewilderment. he soon regained his composure and his eyes had returned to their usual self--empty, dazed, and looking a million miles away. ""Come now, we've wasted enough time."" he stood up while the others slowly walked away from him. he soon caught up and they all made their way towards the huge precipice that was swallowing the stars from the sky. he could only think of her at this time, but it was all right, for she did not weaken him anymore. he muttered softly to himself, ""This is who I am, and that will not change, not for her, not for anyone... We all just have to live with that..."" completely wrong thought of the day: i can't take it anymore. someone please give me a lobotomy, please make me forget the horror... my eyes, my mind, my soul, my senses have been raped by this abomination, this twisted, foul fruit of the fiery depths of the underworld. oh what a cruel, cruel encephalon chose to spawn so evil a sensation that it would make the most valiant and courageous examples of our great race cringe at the mere sight of it? oh please, please make it stop, make it stooooopppp!!!!! four words: ""smile mo, kita ko!"" again, ""smile mo, kita ko!"" AAAAAAAAIIIIIIIIEEEEEEEEEEEEE!!!!! will somebody please think of the children??!? the horror! THE HORROR!!!!!",3692787,0
32564,male,"A man walks in the street. He's on his way home. Almost there, he crosses the pad of a young lady. ""Sure is pretty."" he thinks just before their eyes meet for a second. What does he notice - the dilation of her eyes, a movement of her lips, the raising of her eyebrows - that makes him think she could like him? He turns, while she's slowly moving away. ""Hey! Don't I know you from somewhere?"" he could lie. Or ""What's your name?"" and make her a compliment. Or maybe she would like to go for a glass of wine at his place. Or they could jump right into bed. He turns back and walks on. ""I'm still attractive."" is the only thought that remains about this moment.",3366891,0
32574,female,"its such a dashboard day..i love days like these where i just relax and chill out around my house! niceee its like so rejuvinating! so refreshing!! lol anyway.. last night was awesome! everyone should thank jon for having them over!! and the gay ppl who threw shit should appologize for being GAY! yeah soo..the party was fun until uninvited kids showed up..yah okay? peace out! his cool neighbor came over to help get rid of them! thanks dude! lol the cat decided to shit on a bed..? lol overall it was a fun night..oh yah and jon is an awesome driver ;-) well some dumb asshole really knows how to piss me off-thanks bud! ur gay i dont like u-now leave me alone stupid shit face! k i'm done!! :-D released some steam!! lol oh yah did u see those hail balls? WOW!! i also just made an awesome cheeseburger-congrats to me! haha ..when no one else is quite as vulnerable""",2331062,0
32642,male,"wow, what a weekend; dinner at Maggianos was fab-u-lous, as always, the cool waiter Dave was there, as was a waiter who looked just like Eric Chessin. . . Perhaps Chessin has dropped the NYC out of work ""Joey Triviani"" thing and decided to be a waiter in boston. but i digress. . . then afterparty with Emanuel's friend and my soon-to-be neighbors at 1357 Comm, playing card games and monopoly and ""liar-dice"" until the next morning --- we had to wait until the T started running again. didn't get home until about 6:45am. despite some drama, a farewell to Louise-- who is moving to Chicago, and a few embarassing phone calls, it was a good b'day. . . roughly 360 days until the next one. oh, p/s my new laptop was in Seacaucus NJ, according to UPS.com, so it should come today or tomorrow, but i won't be able to pick it up until saturday. damn UPS, why do they have to close their branches at 5pm! pps good luck Emanuel!",947299,0
32694,male,"Screw Schwartzenegger, this is the real actor that Cali should make Governor (thanks to Chris Russo for the link) between a totaled car, moving, and a mountain of work to do, if i survive this week, it'll be a miracle. special thanks to Nessa for this lovely Gem: Design your own Hell.com here's a attempt #2 of what hell would look like if I were in charge: Pinko Hippies Circle I Limbo Militant Vegans Circle II Whirling in a Dark & Stormy Wind Jonathan Marcus Circle III Mud, Rain, Cold, Hail & Snow DMV Employees Circle IV Rolling Weights Goths Circle V Stuck in Mud, Mangled River Styx PETA Members Circle VI Buried for Eternity River Phlegyas NAMBLA Members Circle VII Burning Sands terrorists, Saddam Hussein, Osama bin Laden, Uday Hussein, Qusay Hussein Circle IIX Immersed in Excrement the guy that junked my car Circle IX Frozen in Ice Design your own hell",947299,0
32713,male,"i was thinking about a conversation i had with marty roth a couple of weeks ago. . . . who on apda is who in harry potter, here's what we came up with: Justin Berkowitz was Ron Beth O'Connor was Hermoine Greg Wilson was Dumbledore Jordan Segal (me) was Hagrid. Dave Silverman was Voldemort any other thoughts?",947299,0
32728,male,"SILLY HIPPIES according to This New York Times article, the propegation of soy and soy products is increasing the pace of deforrestation in the Amazon. I find it greatly ironic that the same 'tree-hugging' hippies who lobby for larger rain forest protections and who snear every time i take a bite of my old fashioned non-soy meat hamburger with a slice of old fashioned non-soy cheese on top, are contributing to greater slash-and-burn efforts in the amazon. So i want to see a massive hippy boycot of soy products. aww shit, that would mean so many hampshire students starving to death. let's see just how committeed these people are. speaking of silly hippies, why is Amazon taking so long to get me my very own copy of ""LB?"" (i want storey to sign it!)",947299,0
32742,male,"when veggies go south Apparently, Jeb seems determined to show that his brother doesn't have all the family's stupidity.",947299,0
32909,male,"You are Melancholy. Melancholics are often gifted, even prone to genius. You are deep and thoughtful, but this can lead to your being too introspective, to the point of moodiness and depression when you find flaws within your self. You strive for perfection in all things, most especially your self and your immediate world. You are sensitive to the needs of others, and loyal to your friends, but can be hard to please. Melancholics do well in the Arts, science, and math. Which of the Humours are you? brought to you by Quizilla Aparently I not a person to cross, although with my paranoia, that should be changed too ""I am not a person to look oddly at"". A big thanks go out to Bev for posting a very nice comment on my Blog. THANK YOU!!! You are the type of person that makes me feel all nice and fuzzy and hence I am going to dedicate this post to you.",3811554,0
32912,male,"I am but a man who makes mistakes, but don't we all? Each day i live, i make another mistake, some good and some bad. Why didn't i listen to myself, why did i cage the truth; the reality. What is it that can be gentle, kind, caring, a friend, a cuddle, hatred, frustration, aggrivation, lonliness, fullness, emptiness, true and pure...it is love. Do i deserve to be loved? I cannot answer that of what i do not know.",3976928,1
32920,male,"Everyday now i have sat and wondered who i am. The answer may be right in front of me, yet i cannot comprehend it. Things are changing to fast, in the present and the near future. Pretty soon i fear i will be bestowed a great lonliness, and i see there is nothing that i can do to undo this. My heart understands pain, but why must it hurt all the time, hurt the way it does? I wish i could find the answers because i don't have them...do you? i ask in knowing i will never recieve a reply...but one day maybe i will be once again fulfilled and truly happy...but maybe that is not a life i am destined to live. I am now to the point where i feel i must kneel down and give up...but would that make any difference? i sit here now and say probably not. I hate my job, i hate who i am....but i must live with it...somewhere there are those who truly care, i go on for them....",3976928,0
33086,female,"Ok, for some reason my post did not work it the first time it disapeared into blogger hell - from the new upgrade maybe? Well to recap - I am stressed and want to scream whish I could just get in the car and drive - go hang on a beach  or go out west and climb in the mountains and soak it all in. It seems to be the thing that constantly ocupies my mind when I have had enough financial and legal stuff so I day dream about Hawii or Jamaca or going out west to Montana then on  to the black hills and down to Colorado. Of course, I would have to vistit about a dozen of my fav peeps along the way. :) Mom is having a hard day med complications again if she isn't better soon she may have to go to the hospital, I am worried for her it just never seems to end its hard to whatch her hurt! then i am also pretty selfish and dream of my escape, she need a break to a visit to her fav peeps out west would do her a world of good as well.",3198844,0
33181,male,"Quote from me, last April: Daniel is a great kid. I wish I could care about people as much as he does. He is almost always considerate of other peoples' feelings and truly cares about his friends, even when they aren't nice to him. Give him another year, and he will find out how insincere and superficial other people really are, and turn bitter and hateful like me. For now, he is wonderfully naive. It turns out I was wrong on several counts. A year later, he has not turned spiteful and bitter like me yet, and I hope he never feels he has to. He has learned to protect himself a little while still feeling free to express himself at home, usually in an appropriate manner. More importantly, I am learning from him (and from therapy) that it is not normal or healthy to turn spiteful and bitter and hateful and angry. If I can re-learn how to protect my inner self in an appropriate way, I can learn to interact with people without being scared and mistrustful of them.",3452788,0
33186,male,"OK. To reset, about 10 days ago, Anne and I were in bed snuggling and being lovable, when she says in a particular tone of voice that she needs to ask me something. This is usually a warning that I will be asked to do or say something from which there is no graceful escape. She then says that she thinks she knows what my answer will be, but she wants to ask anyway. Now I really am nervous, because it must be something I've already expressed apprehension about but she wants me to do what she wants regardless. Finally, she gets to the point: she wants another child. I suspect she actually wants a specific child, a 1-yr old in foster care with her mom. This was not entirely a surprise, because she mentioned it about a year ago, and similar discussion occurred then as now: We already talked about this a few years ago, that was why I got spaid or neutered 4 years ago. We didn't want any more kids then, what has changed? Kids are inconvenient, messy, and for a period of several years their sole purpose is to turn your life to shit. (Going to dinner last night, for example.) They take what would ordinarily be an easy relaxing task, chew it up, and to replace it they hand you a load of shit, which may include whining, screaming, tantrums, trips to Disneyland, puberty, and multiplying credit card bills. I love my kids dearly because they are mostly done with the stage where you have to do everything for them, and they can perform many tasks with minimal supervision. There is no way in hell I want to ever change another diaper or get shit on or peed on or puked on ever again. Two is enough, I can't possibly stand any more. I especially don't want to go through the process again for someone else's child. I am so emotionally fucked up right now that I don't need any more stress at all. I have a hard time dealing with life right now. If another child was added, I would snap. I told her that I felt like I was in a no-win situation because if I say what I said, she would be angry and resentful toward me. If I let her do what she wants, I would be resentful towards her and the child, and our kids would probably have some negativity as well (Nikki in particular - she would be unmanageably angry and hurt). I said that we make comments about people who decide to bring a new child into a less-than-stable home situation, and I think my emotional state would qualify as unstable right now. So am I a selfish bastard? Am I heartless and uncaring about the plight of foster children and my wife's desires? Or am I making a reasoned, logical, wise decision? I am second-guessing myself, but I think I did the right thing. Please insult me if I am wrong; be specific and verbose.",3452788,1
33218,male,"It is getting late, the weekend fast approaching, and I feel myself starting down the spiraling path again. I am so mentally tired. All the good feeling of the last few days had disappeared, and I can feel the weight of my thoughts taking hold, pulling me inexorably downward. This sounds really pathetic and weak and self-defeating. I don't care, welcome to the last 25 years of my life. I am so unmotivated for work right now. I really don't care a lot about anything other than getting better and improving my life. I realize this fight against depression is the most important thing in my life right now. I think that as long as I need to work, I will not have the energy I need to get better OR to be better at work. I am beyond feeling guilty or stressed about work. I am beyond wanting to move to another job. I do feel pretty pathetic about the state of my career accomplishments. I just feel like I am trapped by the paycheck, like so many other people. I feel bad about having a well-paying job and having this problem. I feel bad that I am wasting opportunity and talent fucking around at work, while other people with less opportunity and worse luck struggle to feed themselves and their families. Kim says ""why don't you just do something different?"" I could, but I am scared of failure, worried about the money, have a huge fkn mortgage, and so on. What would we do while I decided to retool, retrain, and start from the bottom as a 34-yr-old rookie at something? How can we possibly afford the life we have created if I am not earning the primary income? What would I do? I think I could write professionally, but it takes so much effort and perserverance and a little luck to get noticed. Where do you start? How do you get noticed? There are a million people trying to be writers, what makes me think I could get chosen by someone? I don't have any formal training in writing, or computer science, or biology, or wildlife, or mapping, or any of the things I would really enjoy. It is possible I could find some sort of service job where I deal with one of those interests. I am definitely at a cross-roads, but I am too afraid to take any side roads. I used to be decisive and well-informed about potential decisions. I feel like I have lost the ability to make big life-changing decisions, because I really just don't care. I can see the boring, straight, smooth road ahead, the path of least resistance, that leads to either the mental hospital or worse. I wish I knew how to break out of this. I suppose this is partly depressive thinking, but this is also just being realistic about my life. I am not making good decisions right now about anything. I guess I will see if I can get better internally, then start working on career. I can't wait for winter rain and cold.",3452788,0
33263,male,"1) My brother-in-law keeps trying to put Barcelona in Italy rather than Spain, beginning with the 1992 Olympics and forever since... 2) A self-styled country cowboy in the office was looking at photos of a co-worker hiking in a nearby mountain wilderness area. He said ""Where is this Holland or something? Yodel-ay-hee-hoo, they are in some rugged country."" Okay, Holland more like ____, maybe Switzerland more like /\/\~/\/\.",3452788,0
33283,male,"Last night the TV was on, and my mind was drifting. There was a commercial involving a couple, where she let him into her apartment. Anne offhandedly says ""How did you get her into bed? Did you just push her in and shut the door?"" I was so totally confused, and apparently my face showed it? I was thinking ""get who into bed, and why can't I remember?"" Finally, pointing at the TV, I said ""get who into bed, that girl?"" Anne realized why I was so confused and started laughing hard, and after a few moments said ""No dopey, how did you get your daughter to go to bed so early?"" It was very funny at the time, even funnier if you were there. Maybe it doesn't come across so well in print...",3452788,0
33284,male,"Some days I feel like life is moving past me, and I can't keep up. This is one of those days, where I sense the feeling that there are important or necessary things for me to do, and fun/enriching things for me to do. I'm doing none of those, and am instead trying with little or no success to appear busy at work. As stated before, I am no longer of the opinion that working somewhere else will solve my career angst. I need an entirely new career, possibly involving entirely different sets of knowledge and skills. But first, I need to work on myself, becoming whole and powerful. Too bad I cannot possibly afford to quit working and go back to college for something new. Choices made, mortgages signed, vows spoken, promises to be kept, lives entrusted, paths already taken. I always thought that people were never really stuck. I still believe that, but I now also realize that we sometimes allow ourselves to be held in place, stuck with molasses instead of super glue. Sometimes the getting unstuck is more difficult that the tedium of marking time. The rewards of pulling free are hard to see and harder to appreciate when everything around you is urging you to go with the current, don't resist, don't look around, just keep moving along. People who do great things find the strength to resist the current, while those who are less strong live on in obscurity and grey tedium until they pass the baton for good, hoping their children will have a better life and do great things. Is that how you know you have given up on life, when you start wishing great accomplishments for your kids, and neglect to care about your own dreams? I had strength, once. I resisted the current, for a few memorable moments. Now I've forgotten how, and the Beast won't let me remember what it felt like. I want that feeling back, I want to feel like I make a difference to the world, I want to be proud of something I did. How, I don't know just yet. It is a work just begun, with very little progress to show yet, but give me a little time.",3452788,0
33424,female,"All who knew he should come and pay yer respects...On a lighter note (FOR THE FOURTH FUCKING TIME....) -squeals and jumps on Simon's lap and claws furiously, marking her territory. Drags the Lindzeh carrier over- ;-; I meeshed chu!!!!! >_",3076129,0
33425,female,"What, pray tell, is wrong with black? Black is cool, black is slimming. So meh",3076129,0
33548,male,"Hehe, forget what I said about ""anonymously"", just created my profile, so now you can see that my real life name is Pieter Dekeyser...",4158992,1
33560,male,"Why is it me? Why does it hurt? my heart would sing, I had the world Do I have a chance? Do I have a Hope, of being with her, the answer's nope what hope I have, I cling to still, my heart is dead, my heart is still, I wish tonight, With all my soul, to have her still, The one I wish to hold   ok....I'm feeling horrible right now. Ever had the feeling you lost your insides suddenly? How it feels to see something you held dear seem to just float away? If I'm not feeling that now I've got something wrong with me. The story is as simple as it get but it's way to complicated for me. Boy meets girl, falls in love, finally tells her, after awhile she tells she likes another, Boy gets over it hoping there's a chance, Boy's put into his place and feels like jumping off a cliff.  O_o what a day.....and it's not even noon time yet.",3972268,1
33586,male,"It was good fun playing frisbee in the rain yesterday. You hardly get tired. Even after two hours of play we could easily have played an hour or so more. The flipside being-cramps. In slightly cold weather, you don't realize that you have sweated a lot. Result- You drink less water and bingo, you get cramps. This game is turning out to be a lot more fun than what I had expected. Wow. Saw a little bit of Hyderabad Blues 2 yesterday and hated whatever I saw. I mean it just shows how indecisive a person can be. Nagesh K. needs to be hanged for dishing out such a torture. And Jammy needs to be crucified for making us see it over dinner. For the first time, I sat down yesterday and watched 'Sex and the City'. I just wanted to know why people like idle ramblings of NYC women about sex and fashion. I have made a mental note to see it more often, till I form a definitive opinion of whether I like it or not.",3675414,0
33719,male,June 22-26: MAINE August: NYC to be on Good Morning America (goin with Loo),3411168,0
